証券コード,企業名,保有者名,最新保有割合(%),保有割合推移,保有目的,トリガー条件,報告書件数,グループ合算(%),共同保有者数,グループ合算推移
1379,ホクト株式会社,"エーエージーエス・インベストメント・インク(AAGS Investment, Inc.)",13.50,24/04: 13.50%,純投資,A:賛成率低下,1,13.50,1,24/04: 13.50%
1384,株式会社　ホクリヨウ,みずほ証券 株式会社,0.00,24/06: 5.05% → 25/07: 0.00%,,B:新規株主提案,2,0.00,1,24/06: 5.15% → 25/07: 0.00%
1384,株式会社　ホクリヨウ,アセットマネジメントOne株式会社,0.00,24/06: 0.10% → 25/07: 0.00%,,B:新規株主提案,2,0.00,1,24/06: 5.15% → 25/07: 0.00%
1417,株式会社ミライト・ワン,アセットマネジメントOne株式会社,6.61,26/05: 6.61%,投資信託または投資一任契約に基づき投資権限を有するもの。,A:賛成率低下 + C:会社提案否決,1,9.46,5,26/05: 9.46%
1417,株式会社ミライト・ワン,住友電気工業株式会社,4.02,26/03: 4.02%,政策投資：　営業上の取引関係の維持・強化に加え、継続的な交流により、事業拡大・発展を図るため。,A:賛成率低下 + C:会社提案否決,1,4.02,2,26/03: 4.02%
1417,株式会社ミライト・ワン,三井住友トラスト・アセットマネジメント株式会社,3.01,25/09: 3.01%,投資信託契約、投資一任契約に基づく運用を目的として保有するもの。,A:賛成率低下 + C:会社提案否決,1,5.35,3,25/09: 5.35%
1417,株式会社ミライト・ワン,住友電設株式会社,2.18,26/03: 2.18%,政策投資：　営業上の取引関係の維持・強化に加え、継続的な交流により、事業拡大・発展を図るため。,A:賛成率低下 + C:会社提案否決,1,4.02,2,26/03: 4.02%
1417,株式会社ミライト・ワン,アモーヴァ・アセットマネジメント株式会社,2.11,25/09: 2.11%,証券投資信託及び投資一任契約において、株券等の取得・処分の権限を有するもの。,A:賛成率低下 + C:会社提案否決,1,5.35,3,25/09: 5.35%
1417,株式会社ミライト・ワン,株式会社みずほ銀行,1.42,26/05: 1.42%,発行会社の要請に応え、かつ発行会社との取引関係の強化を図るもの。,A:賛成率低下 + C:会社提案否決,1,9.46,5,26/05: 9.46%
1417,株式会社ミライト・ワン,みずほ信託銀行株式会社,1.07,26/05: 1.07%,発行会社の要請に応え、かつ発行会社との取引関係の強化を図るもの。信託財産として運用その他の信託目的に従い保有するもの。,A:賛成率低下 + C:会社提案否決,1,9.46,5,26/05: 9.46%
1417,株式会社ミライト・ワン,みずほ証券 株式会社,0.24,26/05: 0.24%,政策投資目的にて保有するもの。ディーリング(短期売買)目的で保有するもの。レンディングその他取引に基づく一時的保有。,A:賛成率低下 + C:会社提案否決,1,9.46,5,26/05: 9.46%
1417,株式会社ミライト・ワン,三井住友信託銀行株式会社,0.23,25/09: 0.23%,政策投資として保有するもの。,A:賛成率低下 + C:会社提案否決,1,5.35,3,25/09: 5.35%
1417,株式会社ミライト・ワン,アセットマネジメントOneインターナショナル（Asset Management One International Ltd.）,0.12,26/05: 0.12%,投資信託または投資一任契約に基づき投資権限を有するもの。,A:賛成率低下 + C:会社提案否決,1,9.46,5,26/05: 9.46%
1515,日鉄鉱業株式会社,日本製鉄株式会社,9.76,25/02: 9.76%,政策投資 (提携施策の円滑な推進),A:賛成率低下,1,9.76,1,25/02: 9.76%
1515,日鉄鉱業株式会社,コンチネンタル・ゼネラル・インシュアランス・カンパニー（Continental General Insurance Company）,8.58,25/05: 5.02% → 25/05: 6.27% → 25/05: 7.46% → 25/06: 8.58%,提出者は投資リターンをあげることを目的として発行者の株式を保有するものでありますが、発行者への投資を継続的に見直し、提出者が適切だと判断する行動をとることがあり、当該行動は、発行者経営陣との建設的で原則として友好的な対話・議論を通じて行われますが、法令上の重要提案行為等に該当することがあります。,A:賛成率低下,4,8.58,1,25/05: 5.02% → 25/05: 6.27% → 25/05: 7.46% → 25/06: 8.58%
1515,日鉄鉱業株式会社,公益財団法人日鉄鉱業奨学会,7.68,25/07: 7.68% → 25/07: 7.68%,事業遂行のための基本財源として長期保有を目的としている。,A:賛成率低下,2,7.68,1,25/07: 7.68% → 25/07: 7.68%
1515,日鉄鉱業株式会社,株式会社みずほ銀行,3.68,26/03: 3.68% → 26/08: 3.68%,・発行会社の要請に応え、かつ発行会社との取引関係の強化を図るもの,A:賛成率低下,2,5.20,3,26/03: 6.30% → 26/08: 5.20%
1515,日鉄鉱業株式会社,アセットマネジメントOne株式会社,1.27,26/03: 1.33% → 26/08: 1.27%,・投資信託または投資一任契約に基づき投資権限を有するもの,A:賛成率低下,2,5.20,3,26/03: 6.30% → 26/08: 5.20%
1515,日鉄鉱業株式会社,みずほ信託銀行株式会社,0.25,26/03: 0.25% → 26/08: 0.25%,・発行会社の要請に応え、かつ発行会社との取引関係の強化を図るもの,A:賛成率低下,2,5.20,3,26/03: 6.30% → 26/08: 5.20%
1515,日鉄鉱業株式会社,みずほ証券 株式会社,0.03,26/03: 1.04% → 26/08: 0.03%,・ディーリング(短期売買)目的で保有するもの・レンディングその他取引に基づく一時的保有,A:賛成率低下,2,5.20,3,26/03: 6.30% → 26/08: 5.20%
1662,石油資源開発株式会社,オービス・インベストメント・マネジメント・リミテッド（Orbis Investment Management Limited）,4.91,24/06: 4.91%,当社の管理下にあるファンドの資産運用のための投資,A:賛成率低下,1,4.91,1,24/06: 4.91%
1721,コムシスホールディングス株式会社,野村アセットマネジメント株式会社,10.99,25/09: 9.70% → 25/09: 9.76% → 26/01: 9.70% → 26/04: 10.99%,信託財産の運用として保有している。,B:新規株主提案,4,11.38,2,25/09: 10.45% → 25/09: 10.47% → 26/01: 10.03% → 26/04: 11.38%
1721,コムシスホールディングス株式会社,オアシス　マネジメント　カンパニー　リミテッド（Oasis Management Company Ltd.）,6.32,26/03: 5.61% → 26/05: 6.32%,提出者は、発行者におけるコーポレートガバナンスの改善及び発行者の企業価値と株主価値の保護、向上を目的として、金融商品取引法施行令（以下「施行令」という。）第14条の8の2第1項第4号、第5号、第10号、及び第12号（株券等の大量保有の状況の開示に関する内閣府令（以下「大量保有府令」という。）第16条第1号及び第4号）に関する事項について、発行者に対して提案を行っている。提出者は、発行者におけるコーポレートガバナンスの改善及び発行者の企業価値と株主価値の保護、向上を目的として、今後12か月の間に、施行令第14条の8の2第1項第1号、第2号、第3号、第4号、第5号、第7号、第8号、第10号及び第12号（株券等の大量保有の状況の開示に関する内閣府令第16条第1号及び第4号）に関する事項について、発行者に対して提案を行う予定である。提出者は令和8年5月1日時点において、ポートフォリオ投資の一環として、市場内外の取引を通じて発行者の普通株式の株券等保有割合を100分の5を超える割合増加させる行為（以下「5%超取得行為」という。）を予定している。ただし、5%超取得行為は、発行者の普通株式の市場価格が割安と判断される水準にあること及びその他の条件に左右され、それらの条件を勘案して行う予定である。なお、取得価格、数量、時期などの具体的な条件については引き続き検討中である。5%超取得行為の実行には当局への届出又は当局による承認が必要となる場合がある。5%超取得行為は令和8年5月1日から3か月以内に行うことを予定しているが、上述の要因により当該3か月の期間以降に行われる可能性もある。,B:新規株主提案,2,6.32,1,26/03: 5.61% → 26/05: 6.32%
1721,コムシスホールディングス株式会社,アモーヴァ・アセットマネジメント株式会社,5.11,25/09: 4.79% → 26/03: 4.76% → 26/04: 5.41% → 26/07: 5.11%,証券投資信託及び投資一任契約において、株券等の取得・処分の権限を有するもの。,B:新規株主提案,4,8.09,2,25/09: 7.05% → 26/03: 8.05% → 26/04: 9.48% → 26/07: 8.09%
1721,コムシスホールディングス株式会社,大和アセットマネジメント株式会社,5.08,25/04: 5.08%,証券投資信託の財産及び投資一任契約による顧客資金として保有,B:新規株主提案,1,5.08,1,25/04: 5.08%
1721,コムシスホールディングス株式会社,シルチェスター・インターナショナル・インベスターズ・エルエルピー (Silchester International Investors LLP),4.68,24/02: 8.11% → 24/04: 7.09% → 25/03: 6.09% → 25/03: 5.73% → 25/05: 4.68%,提出者は、発行者に対して増配、自己株式の買入の頻度又は総量、金庫株消却その他資本政策の変更を要求することがある。また、(i)重要な資産の処分又は取得、(ii)借入又は転換社債の発行、(iii)取締役又は重要な使用人の選任又は解任、(iv)株式譲渡、(v)会社分割又は合併、(vi)株式交換、又は (vii)事業の譲渡又は譲受に関して、発行者、提出者若しくは他の株主が提案した議案に対して、反対票を投ずることも、賛成票を投ずることもある。提出者は、その顧客の為に、株式を追加取得することも、保有株式の全て又は一部を売却することもある。,B:新規株主提案,5,4.68,1,24/02: 8.11% → 24/04: 7.09% → 25/03: 6.09% → 25/03: 5.73% → 25/05: 4.68%
1721,コムシスホールディングス株式会社,日興アセットマネジメント株式会社,4.60,24/06: 4.60%,証券投資信託及び投資一任契約において、株券等の取得・処分の権限を有するもの。,B:新規株主提案,1,6.90,2,24/06: 6.90%
1721,コムシスホールディングス株式会社,三菱ＵＦＪアセットマネジメント株式会社,3.04,26/04: 3.04% → 26/04: 3.04%,純投資,B:新規株主提案,2,5.07,3,26/04: 5.07% → 26/04: 5.07%
1721,コムシスホールディングス株式会社,三井住友トラスト・アセットマネジメント株式会社,2.98,24/06: 2.31% → 25/09: 2.26% → 26/03: 3.29% → 26/04: 4.07% → 26/07: 2.98%,投資信託契約、投資一任契約に基づく運用を目的として保有するもの。,B:新規株主提案,5,8.09,2,24/06: 6.90% → 25/09: 7.05% → 26/03: 8.05% → 26/04: 9.48% → 26/07: 8.09%
1721,コムシスホールディングス株式会社,三菱ＵＦＪ信託銀行株式会社,1.88,26/04: 1.88% → 26/04: 1.88%,純投資,B:新規株主提案,2,5.07,3,26/04: 5.07% → 26/04: 5.07%
1721,コムシスホールディングス株式会社,ノムラ　インターナショナル　ピーエルシー（ＮＯＭＵＲＡ　ＩＮＴＥＲＮＡＴＩＯＮＡＬ　ＰＬＣ）,0.39,25/09: 0.75% → 25/09: -0.33% → 26/01: 0.32% → 26/04: 0.39%,証券業務に係わる商品在庫として保有している。,B:新規株主提案,4,11.38,2,25/09: 10.45% → 25/09: 10.47% → 26/01: 10.03% → 26/04: 11.38%
1721,コムシスホールディングス株式会社,三菱ＵＦＪモルガン・スタンレー証券株式会社,0.15,26/04: 0.15% → 26/04: 0.15%,商品有価証券等として保有するもの,B:新規株主提案,2,5.07,3,26/04: 5.07% → 26/04: 5.07%
1721,コムシスホールディングス株式会社,野村證券株式会社,0.09,25/09: 0.04% → 25/09: 1.05% → 26/01: 0.09%,証券業務に係る商品在庫、及び累積投資業務の運営目的として保有している。,B:新規株主提案,3,10.03,2,25/09: 10.45% → 25/09: 10.47% → 26/01: 10.03%
1786,オリエンタル白石株式会社,伊藤忠商事株式会社,20.27,24/08: 14.90% → 24/11: 15.99% → 25/04: 17.07% → 26/06: 18.15% → 26/07: 19.21% → 26/08: 20.27%,取引関係強化の為,A:賛成率低下,6,20.27,1,24/08: 14.90% → 24/11: 15.99% → 25/04: 17.07% → 26/06: 18.15% → 26/07: 19.21% → 26/08: 20.27%
1786,オリエンタル白石株式会社,エフィッシモ　キャピタル　マネージメント　ピーティーイー　エルティーディー(Effissimo Capital Management Pte. Ltd.),11.85,24/01: 9.76% → 25/08: 10.85% → 26/02: 11.85%,"純投資（ただし、うち16,442,800株については投資一任契約に基づく顧客資産運用のため）",A:賛成率低下,3,11.85,1,24/01: 9.76% → 25/08: 10.85% → 26/02: 11.85%
1786,オリエンタル白石株式会社,アセットマネジメントOne株式会社,6.00,24/09: 5.00% → 26/01: 6.00%,投資信託または投資一任契約に基づき投資権限を有するもの。,A:賛成率低下,2,6.00,1,24/09: 5.11% → 26/01: 6.00%
1786,オリエンタル白石株式会社,野村アセットマネジメント株式会社,3.76,26/04: 4.00% → 26/06: 3.17% → 26/07: 3.76%,信託財産の運用として保有している。,A:賛成率低下,3,5.04,2,26/04: 5.06% → 26/06: 3.46% → 26/07: 5.04%
1786,オリエンタル白石株式会社,野村證券株式会社,1.28,26/04: 1.07% → 26/06: 0.00% → 26/07: 1.28%,証券業務に係る商品在庫、及び累積投資業務の運営目的として保有している。,A:賛成率低下,3,5.04,2,26/04: 5.06% → 26/06: 3.46% → 26/07: 5.04%
1786,オリエンタル白石株式会社,ノムラ　インターナショナル　ピーエルシー（ＮＯＭＵＲＡ　ＩＮＴＥＲＮＡＴＩＯＮＡＬ　ＰＬＣ）,0.29,26/06: 0.29%,証券業務に係わる商品在庫として保有している。,A:賛成率低下,1,3.46,3,26/06: 3.46%
1786,オリエンタル白石株式会社,みずほ証券 株式会社,0.08,24/09: 0.12% → 26/01: 0.08%,ディーリング(短期売買)目的で保有するもの。,A:賛成率低下,2,6.00,1,24/09: 5.11% → 26/01: 6.00%
1803,清水建設株式会社,清水地所株式会社,11.54,25/02: 11.54%,関係強化,A:賛成率低下,1,11.54,1,25/02: 11.54%
1803,清水建設株式会社,社会福祉法人清水基金,5.20,24/07: 5.20% → 24/08: 5.20%,助成原資（助成事業を行うための原資）,A:賛成率低下,2,5.20,1,24/07: 5.20% → 24/08: 5.20%
1803,清水建設株式会社,野村アセットマネジメント株式会社,3.77,24/06: 3.76% → 24/09: 3.77%,信託財産の運用として保有している。,A:賛成率低下,2,3.88,3,24/06: 5.07% → 24/09: 3.88%
1803,清水建設株式会社,ブラックロック・ジャパン株式会社,1.45,24/06: 1.59% → 25/09: 1.62% → 26/03: 1.45%,純投資（投資一任契約に基づく顧客の資産運用および投資信託約款に基づく資産運用目的）,A:賛成率低下,3,6.22,11,24/06: 3.42% → 25/09: 5.02% → 26/03: 6.22%
1803,清水建設株式会社,ブラックロック・ファンド・アドバイザーズ(BlackRock Fund Advisors),1.43,24/06: 0.78% → 25/09: 0.90% → 26/03: 1.43%,純投資（投資信託等の資産運用目的）,A:賛成率低下,3,6.22,11,24/06: 3.42% → 25/09: 5.02% → 26/03: 6.22%
1803,清水建設株式会社,"ブラックロック・インスティテューショナル・トラスト・カンパニー、エヌ．エイ．(BlackRock Institutional Trust Company, N.A.)",1.15,24/06: 0.52% → 25/09: 1.15% → 26/03: 1.15%,純投資（顧客および投資信託等の資産運用目的）,A:賛成率低下,3,6.22,11,24/06: 3.42% → 25/09: 5.02% → 26/03: 6.22%
1803,清水建設株式会社,ブラックロック・インベストメント・マネジメント（ユーケー）リミテッド(BlackRock Investment Management (UK) Limited),0.58,25/09: 0.15% → 26/03: 0.58%,純投資（顧客および投資信託等の資産運用目的）,A:賛成率低下,2,6.22,11,25/09: 5.02% → 26/03: 6.22%
1803,清水建設株式会社,ブラックロック・アセット・マネジメント・アイルランド・リミテッド(BlackRock Asset Management Ireland Limited),0.54,24/06: 0.18% → 25/09: 0.20% → 26/03: 0.54%,純投資（顧客および投資信託等の資産運用目的）,A:賛成率低下,3,6.22,11,24/06: 3.42% → 25/09: 5.02% → 26/03: 6.22%
1803,清水建設株式会社,"ブラックロック・アドバイザーズ・エルエルシー(BlackRock Advisers, LLC)",0.24,25/09: 0.21% → 26/03: 0.24%,純投資（顧客および投資信託等の資産運用目的）,A:賛成率低下,2,6.22,11,25/09: 5.02% → 26/03: 6.22%
1803,清水建設株式会社,ブラックロック（ネザーランド）BV(BlackRock (Netherlands) BV),0.22,24/06: 0.16% → 25/09: 0.11% → 26/03: 0.22%,純投資（顧客および投資信託等の資産運用目的）,A:賛成率低下,3,6.22,11,24/06: 3.42% → 25/09: 5.02% → 26/03: 6.22%
1803,清水建設株式会社,"ブラックロック・フィナンシャル・マネジメント・インク(BlackRock Financial Management, Inc.)",0.22,25/09: 0.21% → 26/03: 0.22%,純投資（顧客および投資信託等の資産運用目的）,A:賛成率低下,2,6.22,11,25/09: 5.02% → 26/03: 6.22%
1803,清水建設株式会社,野村證券株式会社,0.18,24/06: 0.00% → 24/09: 0.18%,証券業務に係る商品在庫、及び累積投資業務の運営目的として保有している。,A:賛成率低下,2,3.88,3,24/06: 5.07% → 24/09: 3.88%
1803,清水建設株式会社,ブラックロック・インベストメント・マネジメント （オーストラリア）リミテッド(BlackRock Investment Management (Australia) Limited),0.15,25/09: 0.12% → 26/03: 0.15%,純投資（顧客および投資信託等の資産運用目的）,A:賛成率低下,2,6.22,11,25/09: 5.02% → 26/03: 6.22%
1803,清水建設株式会社,ブラックロック・アセット・マネジメント・カナダ・リミテッド(BlackRock Asset Management Canada Limited),0.13,24/06: 0.02% → 25/09: 0.12% → 26/03: 0.13%,純投資（顧客および投資信託等の資産運用目的）,A:賛成率低下,3,6.22,11,24/06: 3.42% → 25/09: 5.02% → 26/03: 6.22%
1803,清水建設株式会社,ブラックロック・ファンド・マネジャーズ・リミテッド(BlackRock Fund Managers Limited),0.11,24/06: 0.20% → 25/09: 0.14% → 26/03: 0.11%,純投資（顧客および投資信託等の資産運用目的）,A:賛成率低下,3,6.22,11,24/06: 3.42% → 25/09: 5.02% → 26/03: 6.22%
1803,清水建設株式会社,ブラックロック(ルクセンブルグ）エス・エー(BlackRock (Luxembourg) S.A.),0.10,25/09: 0.11% → 26/03: 0.10%,純投資（顧客および投資信託等の資産運用目的）,A:賛成率低下,2,6.22,11,25/09: 5.02% → 26/03: 6.22%
1803,清水建設株式会社,ノムラ　インターナショナル　ピーエルシー（ＮＯＭＵＲＡ　ＩＮＴＥＲＮＡＴＩＯＮＡＬ　ＰＬＣ）,-0.07,24/06: 1.32% → 24/09: -0.07%,証券業務に係わる商品在庫として保有している。,A:賛成率低下,2,3.88,3,24/06: 5.07% → 24/09: 3.88%
1815,鉄建建設株式会社,三井住友ＤＳアセットマネジメント株式会社,4.87,26/06: 4.87%,純投資（投資収益性を重視して行う投資）,A:賛成率低下,1,5.01,2,26/06: 5.01%
1815,鉄建建設株式会社,株式会社　三井住友銀行,0.14,26/06: 0.14%,政策保有目的,A:賛成率低下,1,5.01,2,26/06: 5.01%
1860,戸田建設株式会社,大一殖産株式会社,13.50,26/05: 13.50% → 26/05: 13.50%,安定株主としての中長期的な保有、および関係強化,A:賛成率低下,2,18.56,5,26/05: 18.56% → 26/05: 18.56%
1860,戸田建設株式会社,シルチェスター・インターナショナル・インベスターズ・エルエルピー (Silchester International Investors LLP),4.92,24/02: 7.01% → 24/03: 5.95% → 24/05: 4.92%,提出者は、発行者に対して増配、自己株式の買入の頻度又は総量、金庫株消却その他資本政策の変更を要求することがある。また、(i)重要な資産の処分又は取得、(ii)借入又は転換社債の発行、(iii)取締役又は重要な使用人の選任又は解任、(iv)株式譲渡、(v)会社分割又は合併、(vi)株式交換、又は(vii)事業の譲渡又は譲受に関して、発行者、提出者若しくは他の株主が提案した議案に対して、反対票を投ずることも、賛成票を投ずることもある。提出者は、その顧客の為に、株式を追加取得することも、保有株式の全て又は一部を売却することもある。,A:賛成率低下,3,4.92,1,24/02: 7.01% → 24/03: 5.95% → 24/05: 4.92%
1860,戸田建設株式会社,一般社団法人アリー,2.82,26/05: 2.82% → 26/05: 2.82%,純投資,A:賛成率低下,2,18.56,5,26/05: 18.56% → 26/05: 18.56%
1860,戸田建設株式会社,三菱ＵＦＪ信託銀行株式会社,2.77,24/07: 3.60% → 26/03: 2.77%,政策投資・純投資,A:賛成率低下,2,5.49,4,24/07: 6.67% → 26/03: 5.49%
1860,戸田建設株式会社,株式会社三菱ＵＦＪ銀行,1.83,24/07: 2.16% → 26/03: 1.83%,政策投資,A:賛成率低下,2,5.49,4,24/07: 6.67% → 26/03: 5.49%
1860,戸田建設株式会社,戸田　守道,1.35,26/05: 1.35% → 26/05: 1.35%,純投資,A:賛成率低下,2,18.56,5,26/05: 18.56% → 26/05: 18.56%
1860,戸田建設株式会社,三宅　雄一郎,0.72,26/05: 0.72% → 26/05: 0.72%,純投資,A:賛成率低下,2,18.56,5,26/05: 18.56% → 26/05: 18.56%
1860,戸田建設株式会社,三菱ＵＦＪアセットマネジメント株式会社,0.50,24/07: 0.34% → 26/03: 0.50%,純投資,A:賛成率低下,2,5.49,4,24/07: 6.67% → 26/03: 5.49%
1860,戸田建設株式会社,三菱ＵＦＪモルガン・スタンレー証券株式会社,0.39,24/07: 0.56% → 26/03: 0.39%,商品有価証券等として保有するもの,A:賛成率低下,2,5.49,4,24/07: 6.67% → 26/03: 5.49%
1860,戸田建設株式会社,公益財団法人戸田育英財団,0.17,26/05: 0.17% → 26/05: 0.17%,純投資,A:賛成率低下,2,18.56,5,26/05: 18.56% → 26/05: 18.56%
1921,株式会社　巴コーポレーション,Be Brave株式会社　代表取締役　泉田和人,9.37,25/11: 5.13% → 25/11: 5.13% → 26/03: 7.35% → 26/06: 8.37% → 26/07: 9.37%,提出者は、建設的対話をもとに発行会社の企業価値及び株主価値の向上を目的として当該株式を保有しており、純投資として長期的に保有することを基本方針とするが、発行者の経営方針、財務状況、事業環境、業績見通し、コーポレートガバナンス・コードの遵守状況、取締役会等の様々な状況を考慮し、提出者が適切と判断した時期に、法令で認められる範囲において、発行者の株式の追加取得、または下記の事項に関する提案等の重要提案行為等を行う可能性がある。1．資本政策の変更－増配及び自己株式取得・償却2．事業及び資産の譲渡－株主価値向上に資することのない資産および事業3．事業及び資産の譲受け－業界再編についての提案4．株式の非公開化－MBOを含む提出者は、株式会社の株主価値の向上を目的として、発行会社との対話を通じ、上記について重要提案行為等を行う可能性がある。,A:賛成率低下,5,9.37,1,25/11: 5.13% → 25/11: 5.13% → 26/03: 7.35% → 26/06: 8.37% → 26/07: 9.37%
1921,株式会社　巴コーポレーション,株式会社　三井住友銀行,5.46,25/03: 4.96% → 26/03: 5.46%,政策保有目的,A:賛成率低下,2,7.07,2,25/03: 6.05% → 26/03: 7.07%
1921,株式会社　巴コーポレーション,株式会社三菱ＵＦＪ銀行,5.20,24/07: 4.73% → 25/03: 4.31% → 26/03: 5.20%,政策投資,A:賛成率低下,3,5.20,1,24/07: 5.36% → 25/03: 4.31% → 26/03: 5.20%
1921,株式会社　巴コーポレーション,株式会社みずほ銀行,5.20,25/03: 4.40% → 26/03: 5.20%,発行会社の要請に応え、かつ発行会社との取引関係の強化を図るもの。,A:賛成率低下,2,5.20,1,25/03: 4.40% → 26/03: 5.20%
1921,株式会社　巴コーポレーション,三井住友ＤＳアセットマネジメント株式会社,1.61,25/03: 1.08% → 26/03: 1.61%,純投資（投資収益性を重視して行う投資）,A:賛成率低下,2,7.07,2,25/03: 6.05% → 26/03: 7.07%
1921,株式会社　巴コーポレーション,ブラッククローバーリミテッド(Black Clover Limited),1.49,24/01: 6.46% → 24/02: 6.46% → 24/06: 7.51% → 25/02: 1.49%,投資及び状況に応じて経営陣への助言、重要事項提案等を行うこと,A:賛成率低下,4,1.49,1,24/01: 6.46% → 24/02: 6.46% → 24/06: 7.51% → 25/02: 1.49%
1921,株式会社　巴コーポレーション,三菱ＵＦＪ信託銀行株式会社,0.00,24/07: 0.33% → 25/03: 0.00%,-,A:賛成率低下,2,4.31,1,24/07: 5.36% → 25/03: 4.31%
1921,株式会社　巴コーポレーション,三菱ＵＦＪアセットマネジメント株式会社,0.00,24/07: 0.11% → 25/03: 0.00%,-,A:賛成率低下,2,4.31,1,24/07: 5.36% → 25/03: 4.31%
1921,株式会社　巴コーポレーション,三菱ＵＦＪモルガン・スタンレー証券株式会社,0.00,24/07: 0.19% → 25/03: 0.00%,商品有価証券等として保有するもの,A:賛成率低下,2,4.31,1,24/07: 5.36% → 25/03: 4.31%
1921,株式会社　巴コーポレーション,アセットマネジメントOne株式会社,0.00,25/03: 0.00%,,A:賛成率低下,1,4.40,1,25/03: 4.40%
1951,エクシオグループ株式会社,フィデリティ投信株式会社,6.35,26/01: 5.26% → 26/03: 6.35%,顧客の財産を投資信託約款および投資一任契約等に基づき運用するために保有。しかしながら、当該保有証券の名義人は弊社ではなく、顧客の選択した銀行等（カストディアンバンク又は信託銀行等）になります。,A:賛成率低下 + C:会社提案否決,2,6.35,1,26/01: 5.26% → 26/03: 6.35%
1951,エクシオグループ株式会社,シルチェスター・インターナショナル・インベスターズ・エルエルピー (Silchester International Investors LLP),4.94,24/06: 9.26% → 25/03: 8.25% → 25/03: 8.04% → 25/04: 6.98% → 25/06: 5.97% → 25/07: 4.94%,提出者は、発行者に対して増配、自己株式の買入の頻度又は総量、金庫株消却その他資本政策の変更を要求することがある。また、(i)重要な資産の処分又は取得、(ii)借入又は転換社債の発行、(iii)取締役又は重要な使用人の選任又は解任、(iv)株式譲渡、(v)会社分割又は合併、(vi)株式交換、又は (vii)事業の譲渡又は譲受に関して、発行者、提出者若しくは他の株主が提案した議案に対して、反対票を投ずることも、賛成票を投ずることもある。提出者は、その顧客の為に、株式を追加取得することも、保有株式の全て又は一部を売却することもある。,A:賛成率低下 + C:会社提案否決,6,4.94,1,24/06: 9.26% → 25/03: 8.25% → 25/03: 8.04% → 25/04: 6.98% → 25/06: 5.97% → 25/07: 4.94%
1951,エクシオグループ株式会社,野村アセットマネジメント株式会社,4.88,25/06: 4.88%,信託財産の運用として保有している。,A:賛成率低下 + C:会社提案否決,1,5.00,2,25/06: 5.00%
1951,エクシオグループ株式会社,シュローダー・インベストメント・マネジメント株式会社,4.00,24/02: 4.00%,純投資。証券投資信託及び投資一任契約にかかる信託財産の運用のため,A:賛成率低下 + C:会社提案否決,1,4.00,1,24/02: 4.00%
1951,エクシオグループ株式会社,三井住友トラスト・アセットマネジメント株式会社,3.48,24/02: 3.01% → 25/09: 3.48%,投資信託契約、投資一任契約に基づく運用を目的として保有するもの。,A:賛成率低下 + C:会社提案否決,2,8.17,3,24/02: 7.40% → 25/09: 8.17%
1951,エクシオグループ株式会社,アセットマネジメントOne株式会社,3.38,26/04: 3.38%,投資信託または投資一任契約に基づき投資権限を有するもの。,A:賛成率低下 + C:会社提案否決,1,5.28,4,26/04: 5.28%
1951,エクシオグループ株式会社,アモーヴァ・アセットマネジメント株式会社,2.92,25/09: 2.92%,証券投資信託及び投資一任契約において、株券等の取得・処分の権限を有するもの。,A:賛成率低下 + C:会社提案否決,1,8.17,3,25/09: 8.17%
1951,エクシオグループ株式会社,日興アセットマネジメント株式会社,2.66,24/02: 2.66%,証券投資信託及び投資一任契約において、株券等の取得・処分の権限を有するもの。,A:賛成率低下 + C:会社提案否決,1,7.40,3,24/02: 7.40%
1951,エクシオグループ株式会社,三井住友信託銀行株式会社,1.77,24/02: 1.73% → 25/09: 1.77%,政策投資として保有するもの。退職給付信託の信託財産として取得、保有しているもの。,A:賛成率低下 + C:会社提案否決,2,8.17,3,24/02: 7.40% → 25/09: 8.17%
1951,エクシオグループ株式会社,株式会社みずほ銀行,0.88,26/04: 0.88%,発行会社の要請に応え、かつ発行会社との取引関係の強化を図るもの。,A:賛成率低下 + C:会社提案否決,1,5.28,4,26/04: 5.28%
1951,エクシオグループ株式会社,みずほ信託銀行株式会社,0.75,26/04: 0.75%,信託財産として運用その他の信託目的に従い保有するもの。,A:賛成率低下 + C:会社提案否決,1,5.28,4,26/04: 5.28%
1951,エクシオグループ株式会社,みずほ証券 株式会社,0.28,26/04: 0.28%,ディーリング(短期売買)目的で保有するもの。レンディングその他取引に基づく一時的保有。,A:賛成率低下 + C:会社提案否決,1,5.28,4,26/04: 5.28%
1951,エクシオグループ株式会社,野村證券株式会社,0.12,25/06: 0.12%,証券業務に係る商品在庫、及び累積投資業務の運営目的として保有している。,A:賛成率低下 + C:会社提案否決,1,5.00,2,25/06: 5.00%
1961,三機工業株式会社,大樹生命保険株式会社,5.41,25/12: 5.41%,純投資（収益性を投資判断の基準とする投資）,A:賛成率低下,1,9.42,2,25/12: 9.42%
1961,三機工業株式会社,キャピタル・リサーチ・アンド・マネージメント・カンパニー(Capital Research and Management Company),5.30,26/06: 5.30%,顧客である日本国外の投資信託のための純投資,A:賛成率低下,1,5.30,1,26/06: 5.30%
1961,三機工業株式会社,日本生命保険相互会社,4.01,25/12: 4.01%,純投資（収益性を投資判断の基準とする投資）,A:賛成率低下,1,9.42,2,25/12: 9.42%
1975,株式会社朝日工業社,朝日工業社共栄会　理事長　　齋藤　敬一郎,4.43,25/01: 7.66% → 25/04: 4.43%,株式会社朝日工業社と取引関係がある企業による株式会社朝日工業社株式の取得により、相互間の親睦関係の増進に寄与するため。,A:賛成率低下,2,4.43,1,25/01: 7.66% → 25/04: 4.43%
1975,株式会社朝日工業社,朝日工業社西日本共栄会　理事長　　吉川　甲子次郎,4.35,25/04: 4.35%,株式会社朝日工業社と取引関係がある企業による株式会社朝日工業社株式の取得により、相互間の親睦関係の増進に寄与するため。,A:賛成率低下,1,4.35,1,25/04: 4.35%
1976,明星工業株式会社,ニッポン・アクティブ・バリュー・ファンド （NIPPON ACTIVE VALUE FUND PLC）,8.39,24/02: 5.32% → 24/02: 5.32% → 25/01: 5.44% → 25/03: 6.33% → 25/04: 7.15% → 25/09: 7.38% → 25/11: 7.43% → 26/04: 7.49% → 26/06: 7.95% → 26/07: 7.95% → 26/08: 8.39%,投資及び経営陣に対する経営の助言並びに状況に応じて重要提案行為等を行うこと。特に、ニッポン・アクティブ・バリュー・ファンドは、発行会社の財務的健全性及び市場での地位が株価に反映されていないと考えており、全ての株主のために株式価値を高めるための方法を話し合うことを目的とし、発行会社の経営陣に対して対話を要求する場合がある。提出者は、2026年4月14日付で、同年6月開催の発行者の定時株主総会に向け、①自己株式取得の件、②社外取締役の員数に関する定款変更の件、③定時株主総会の基準日に関する定款変更の件、の3議案から成る株主提案を行った。 提出者は、2025年12月に発行者を含むすべての投資先に対して書簡を送付し、資本コストや株価を意識した経営の高度な実践、譲渡制限付株式報酬の実施と株式保有ガイドラインの整備の推奨、取締役会の独立性確保といった事項に加え、企業価値と株主共通の利益の観点から、非公開化やスピンオフを含むすべての経営戦略オプションを予断なく検証することを提案し、書簡の内容をウェブサイト上で公表した（https://0f150b20-1256-4ec7-bae7-55db80a2a0d7.usrfiles.com/ugd/5612ae_aa96dbd8c986429eaf45884b299f09d7.pdf [0f150b20-1256-4ec7-bae7-55db80a2a0d7.usrfiles.com]）。今後も当書簡の趣旨に沿って発行者との対話を進めていく予定であり、対話の状況によっては、これらの事項についてさらなる提案を行う可能性がある。,B:新規株主提案,11,13.61,3,24/02: 5.32% → 24/02: 5.32% → 25/01: 6.37% → 25/03: 8.33% → 25/04: 9.35% → 25/09: 10.36% → 25/11: 11.38% → 26/04: 11.59% → 26/06: 12.60% → 26/07: 12.60% → 26/08: 13.61%
1976,明星工業株式会社,ニッポン・アクティブ・バリュー・ファンド（NIPPON ACTIVE VALUE FUND PLC）,5.44,25/01: 5.44%,投資及び経営陣に対する経営の助言並びに状況に応じて重要提案行為等を行うこと。特に、ニッポン・アクティブ・バリュー・ファンドは、発行会社の財務的健全性及び市場での地位が株価に反映されていないと考えており、全ての株主のために株式価値を高めるための方法を話し合うことを目的とし、発行会社の経営陣に対して対話を要求する場合がある。,B:新規株主提案,1,6.37,3,25/01: 6.37%
1976,明星工業株式会社,エヌエーブイエフ・セレクト・マスター・ファンド・エルピー（NAVF Select (Master) Fund LP）,5.07,26/04: 4.10% → 26/06: 4.49% → 26/07: 4.49% → 26/08: 5.07%,投資及び経営陣に対する経営の助言並びに状況に応じて重要提案行為等を行うこと。特に、エヌエーブイエフ・セレクト・マスター・ファンド・エルピーは、発行会社の財務的健全性及び市場での地位が株価に反映されていないと考えており、全ての株主のために株式価値を高めるための方法を話し合うことを目的とし、発行会社の経営陣に対して対話を要求する場合がある。提出者は、2025年12月に発行者を含むすべての投資先に対して書簡を送付し、資本コストや株価を意識した経営の高度な実践、譲渡制限付株式報酬の実施と株式保有ガイドラインの整備の推奨、取締役会の独立性確保といった事項に加え、企業価値と株主共通の利益の観点から、非公開化やスピンオフを含むすべての経営戦略オプションを予断なく検証することを提案し、書簡の内容をウェブサイト上で公表した（https://0f150b20-1256-4ec7-bae7-55db80a2a0d7.usrfiles.com/ugd/5612ae_aa96dbd8c986429eaf45884b299f09d7.pdf [0f150b20-1256-4ec7-bae7-55db80a2a0d7.usrfiles.com]）。今後も当書簡の趣旨に沿って発行者との対話を進めていく予定であり、対話の状況によっては、これらの事項についてさらなる提案を行う可能性がある。,B:新規株主提案,4,13.61,3,26/04: 11.59% → 26/06: 12.60% → 26/07: 12.60% → 26/08: 13.61%
1976,明星工業株式会社,野村アセットマネジメント株式会社,3.71,25/06: 4.41% → 25/11: 3.71%,信託財産の運用として保有している。,B:新規株主提案,2,3.89,2,25/06: 5.02% → 25/11: 3.89%
1976,明星工業株式会社,株式会社　三井住友銀行,3.63,25/04: 3.63% → 25/05: 3.63%,政策保有目的,B:新規株主提案,2,4.35,2,25/04: 5.32% → 25/05: 4.35%
1976,明星工業株式会社,エヌエーブイエフ・セレクト・エルエルシー（NAVF Select LLC）,3.28,25/01: 0.83% → 25/01: 0.83% → 25/03: 1.58% → 25/04: 1.79% → 25/09: 2.31% → 25/11: 3.28%,投資及び経営陣に対する経営の助言並びに状況に応じて重要提案行為等を行うこと。特に、エヌエーブイエフ・セレクト・エルエルシーは、発行会社の財務的健全性及び市場での地位が株価に反映されていないと考えており、全ての株主のために株式価値を高めるための方法を話し合うことを目的とし、発行会社の経営陣に対して対話を要求する場合がある。,B:新規株主提案,6,11.38,3,25/01: 6.37% → 25/01: 6.37% → 25/03: 8.33% → 25/04: 9.35% → 25/09: 10.36% → 25/11: 11.38%
1976,明星工業株式会社,エフエムアール エルエルシー（FMR LLC）,3.27,24/02: 3.27%,顧客の財産を信託証書および契約等に基づき運用するために保有。しかしながら、当該保有証券の名義人は弊社ではなく、顧客の選択した銀行（カストディアンバンク）等になります。,B:新規株主提案,1,3.27,1,24/02: 3.27%
1976,明星工業株式会社,株式会社三菱ＵＦＪ銀行,2.48,24/07: 2.48%,政策投資,B:新規株主提案,1,4.59,3,24/07: 4.59%
1976,明星工業株式会社,三井住友信託銀行株式会社,1.81,25/03: 1.81%,政策投資として保有するもの。,B:新規株主提案,1,4.19,3,25/03: 4.19%
1976,明星工業株式会社,三菱ＵＦＪ信託銀行株式会社,1.69,24/07: 1.69%,純投資,B:新規株主提案,1,4.59,3,24/07: 4.59%
1976,明星工業株式会社,三井住友トラスト・アセットマネジメント株式会社,1.51,25/03: 1.51%,投資信託契約、投資一任契約に基づく運用を目的として保有するもの。,B:新規株主提案,1,4.19,3,25/03: 4.19%
1976,明星工業株式会社,日興アセットマネジメント株式会社,0.87,25/03: 0.87%,証券投資信託及び投資一任契約において、株券等の取得・処分の権限を有するもの。,B:新規株主提案,1,4.19,3,25/03: 4.19%
1976,明星工業株式会社,三井住友ＤＳアセットマネジメント株式会社,0.72,25/04: 0.68% → 25/05: 0.72%,純投資（投資収益性を重視して行う投資）,B:新規株主提案,2,4.35,2,25/04: 5.32% → 25/05: 4.35%
1976,明星工業株式会社,三菱ＵＦＪアセットマネジメント株式会社,0.42,24/07: 0.42%,純投資,B:新規株主提案,1,4.59,3,24/07: 4.59%
1976,明星工業株式会社,ノムラ　インターナショナル　ピーエルシー（ＮＯＭＵＲＡ　ＩＮＴＥＲＮＡＴＩＯＮＡＬ　ＰＬＣ）,0.18,25/06: 0.61% → 25/11: 0.18%,証券業務に係わる商品在庫として保有している。,B:新規株主提案,2,3.89,2,25/06: 5.02% → 25/11: 3.89%
1976,明星工業株式会社,"ダルトン・インベストメンツ・インク（Dalton Investments, Inc.）",0.16,25/01: 0.09% → 25/01: 0.09% → 25/03: 0.42% → 25/04: 0.42% → 25/09: 0.67% → 25/11: 0.67% → 26/04: 0.00% → 26/06: 0.16% → 26/07: 0.16% → 26/08: 0.16%,提出者は、発行者の株価が過小評価されており魅力的な投資機会であると考えて、発行者の株式を取得し長期的に保有する。提出者は、発行者の財務状況、戦略的決定、取締役会の決定、株価水準、他の投資機会、投資ポートフォリオの集中と分散に関する内部ガイドライン、株式市場の状況、全般的な経済・産業動向などの様々な状況に応じて、発行者の株式や関連金融商品の追加取得、若しくはその全部または一部の売却、その他提出者が適切と考えるあらゆる措置を採る可能性がある。更に提出者は、過小評価されていると提出者が考える発行者の株価および株主価値の向上のため、発行者、その役員・取締役、他の株主等との間で、発行者のコーポレートガバナンス、取締役会の構成、経営、事業、財務状況及び戦略に関して、建設的な対話を行うことを求めていく可能性がある。提出者は、2025年12月に発行者を含むすべての投資先に対して書簡を送付し、資本コストや株価を意識した経営の高度な実践、譲渡制限付株式報酬の実施と株式保有ガイドラインの整備の推奨、取締役会の独立性確保といった事項に加え、企業価値と株主共通の利益の観点から、非公開化やスピンオフを含むすべての経営戦略オプションを予断なく検証することを提案し、書簡の内容をウェブサイト上で公表した（https://0f150b20-1256-4ec7-bae7-55db80a2a0d7.usrfiles.com/ugd/5612ae_aa96dbd8c986429eaf45884b299f09d7.pdf [0f150b20-1256-4ec7-bae7-55db80a2a0d7.usrfiles.com]）。今後も当書簡の趣旨に沿って発行者との対話を進めていく予定であり、対話の状況によっては、これらの事項についてさらなる提案を行う可能性がある。,B:新規株主提案,10,13.61,3,25/01: 6.37% → 25/01: 6.37% → 25/03: 8.33% → 25/04: 9.35% → 25/09: 10.36% → 25/11: 11.38% → 26/04: 11.59% → 26/06: 12.60% → 26/07: 12.60% → 26/08: 13.61%
1976,明星工業株式会社,三菱ＵＦＪモルガン・スタンレー証券株式会社,0.02,24/07: 0.02%,商品有価証券等として保有するもの,B:新規株主提案,1,4.59,3,24/07: 4.59%
1976,明星工業株式会社,ＳＭＢＣ日興証券株式会社,0.02,25/04: 1.01% → 25/05: 0.02%,証券業務に係る一時保有のため（共同保有者から除外）,B:新規株主提案,2,4.35,2,25/04: 5.32% → 25/05: 4.35%
2002,株式会社日清製粉グループ本社,日本生命保険相互会社,6.75,25/08: 6.75%,純投資（収益性を投資判断の基準とする投資）,A:賛成率低下,1,7.06,2,25/08: 7.06%
2002,株式会社日清製粉グループ本社,野村アセットマネジメント株式会社,6.13,26/04: 6.13%,信託財産の運用として保有している。,A:賛成率低下,1,6.13,1,26/04: 6.13%
2002,株式会社日清製粉グループ本社,株式会社みずほ銀行,3.25,25/04: 3.25%,発行会社の要請に応え、かつ発行会社との取引関係の強化を図るもの。,A:賛成率低下,1,5.35,2,25/04: 5.35%
2002,株式会社日清製粉グループ本社,アモーヴァ・アセットマネジメント株式会社,2.64,25/09: 2.64%,証券投資信託及び投資一任契約において、株券等の取得・処分の権限を有するもの。,A:賛成率低下,1,4.68,3,25/09: 4.68%
2002,株式会社日清製粉グループ本社,アセットマネジメントOne株式会社,2.10,25/04: 2.10%,投資信託または投資一任契約に基づき投資権限を有するもの。,A:賛成率低下,1,5.35,2,25/04: 5.35%
2002,株式会社日清製粉グループ本社,三井住友トラスト・アセットマネジメント株式会社,1.62,25/09: 1.62%,投資信託契約、投資一任契約に基づく運用を目的として保有するもの。,A:賛成率低下,1,4.68,3,25/09: 4.68%
2002,株式会社日清製粉グループ本社,三井住友信託銀行株式会社,0.42,25/09: 0.42%,政策投資として保有するもの。,A:賛成率低下,1,4.68,3,25/09: 4.68%
2002,株式会社日清製粉グループ本社,ニッセイアセットマネジメント株式会社,0.32,25/08: 0.32%,証券投資信託委託契約、投資一任契約に基づく有価証券投資,A:賛成率低下,1,7.06,2,25/08: 7.06%
2002,株式会社日清製粉グループ本社,ノムラ　インターナショナル　ピーエルシー（ＮＯＭＵＲＡ　ＩＮＴＥＲＮＡＴＩＯＮＡＬ　ＰＬＣ）,0.04,26/04: 0.04%,証券業務に係わる商品在庫として保有している。,A:賛成率低下,1,6.13,1,26/04: 6.13%
2002,株式会社日清製粉グループ本社,野村證券株式会社,0.01,26/04: 0.01%,証券業務に係る商品在庫、及び累積投資業務の運営目的として保有している。,A:賛成率低下,1,6.13,1,26/04: 6.13%
2204,株式会社中村屋,中村屋取引先持株会　理事長　岡　敬太郎,11.27,25/11: 11.27% → 25/11: 11.27%,株式会社中村屋と取引関係にあるため企業が取引先持株会に加入し、株式を取得することにより、相互間の協力関係を強めるため。,A:賛成率低下,2,11.27,1,25/11: 11.27% → 25/11: 11.27%
2204,株式会社中村屋,株式会社みずほ銀行,4.87,24/02: 4.87%,発行会社の要請に応え、かつ発行会社との取引関係の強化を図るもの。,A:賛成率低下,1,6.24,2,24/02: 6.24%
2204,株式会社中村屋,株式会社三菱ＵＦＪ銀行,1.93,24/03: 1.93% → 24/04: 1.93%,政策投資,A:賛成率低下,2,3.59,3,24/03: 5.30% → 24/04: 3.59%
2204,株式会社中村屋,アセットマネジメントOne株式会社,1.37,24/02: 1.37%,投資信託または投資一任契約に基づき投資権限を有するもの。,A:賛成率低下,1,6.24,2,24/02: 6.24%
2204,株式会社中村屋,三菱ＵＦＪ信託銀行株式会社,1.15,24/03: 1.16% → 24/04: 1.15%,純投資,A:賛成率低下,2,3.59,3,24/03: 5.30% → 24/04: 3.59%
2204,株式会社中村屋,三菱ＵＦＪアセットマネジメント株式会社,0.51,24/03: 0.50% → 24/04: 0.51%,純投資,A:賛成率低下,2,3.59,3,24/03: 5.30% → 24/04: 3.59%
2204,株式会社中村屋,三菱ＵＦＪモルガン・スタンレー証券株式会社,0.03,24/03: 1.72% → 24/04: 0.03%,商品有価証券等として保有するもの,A:賛成率低下,2,3.59,3,24/03: 5.30% → 24/04: 3.59%
2204,株式会社中村屋,みずほ信託銀行株式会社,0.00,24/02: 0.00%,,A:賛成率低下,1,6.24,2,24/02: 6.24%
2204,株式会社中村屋,中村屋取引先持株会　理事長　奥田　弘男,0.00,25/07: 11.29% → 25/07: 11.29% → 25/11: 0.00% → 25/11: 0.00%,株式会社中村屋と取引関係のある企業が取引先持株会に加入し、株式を取得することにより、相互間の協力関係を強めるため。,A:賛成率低下,4,0.00,1,25/07: 11.29% → 25/07: 11.29% → 25/11: 0.00% → 25/11: 0.00%
2229,カルビー株式会社,一般社団法人幹の会,13.07,26/03: 13.07%,弊法人が保有している株式は、発行者の創業者一族から信託を受けた発行者の株式であり、継続的かつ安定的に保有することを目的としております。,A:賛成率低下,1,13.07,1,26/03: 13.07%
2229,カルビー株式会社,オアシス　マネジメント　カンパニー　リミテッド（Oasis Management Company Ltd.）,7.12,25/09: 5.98% → 25/11: 7.33% → 26/05: 7.12%,提出者は、発行者におけるコーポレートガバナンスの改善及び発行者の企業価値と株主価値の保護、向上を目的として、金融商品取引法施行令（以下「施行令」という。）第14条の8の2第1項第10号及び第12号（株券等の大量保有の状況の開示に関する内閣府令（以下「大量保有府令」という。）第16号第4号）に関する事項について、発行者に対して提案を行っている。提出者は、発行者におけるコーポレートガバナンスの改善及び発行者の企業価値と株主価値の保護、向上を目的として、令和8年5月1日時点において、今後12か月の間に、施行令第14条の8の2第1項第1号、第2号、第3号、第4号、第5号、第7号、第8号、第10号及び第12号（（大量保有府令第16条第1号及び第4号）に関する事項について、発行者に対して提案を行う予定である。提出者は令和8年5月1日時点において、ポートフォリオ投資の一環として、市場内外の取引を通じて発行者の普通株式の株券等保有割合を100分の5を超える割合増加させる行為（以下「5%超取得行為」という。）を予定している。ただし、5%超取得行為は、発行者の普通株式の市場価格が割安と判断される水準にあること及びその他の条件に左右され、それらの条件を勘案して行う予定である。なお、取得価格、数量、時期などの具体的な条件については引き続き検討中である。5%超取得行為の実行には当局への届出又は当局による承認が必要となる場合がある。5%超取得行為は令和8年5月1日から3か月以内に行うことを予定しているが、上述の要因により当該3か月の期間以降に行われる可能性もある。,A:賛成率低下,3,7.12,1,25/09: 5.98% → 25/11: 7.33% → 26/05: 7.12%
2229,カルビー株式会社,ティー・ロウ・プライス・インターナショナル・リミテッド(T. Rowe Price International Ltd.),4.68,24/07: 6.58% → 24/08: 6.58% → 24/09: 6.88% → 25/04: 7.80% → 25/06: 6.51% → 25/09: 6.05% → 26/02: 5.79% → 26/03: 4.68%,純投資,A:賛成率低下,8,4.79,2,24/07: 7.16% → 24/08: 7.16% → 24/09: 8.35% → 25/04: 9.23% → 25/06: 8.08% → 25/09: 7.05% → 26/02: 5.89% → 26/03: 4.79%
2229,カルビー株式会社,"ティー・ロウ・プライス・アソシエイツ,インク（T. Rowe Price Associates, Inc.）",0.11,24/01: 6.04% → 24/03: 7.05% → 24/07: 0.58% → 24/08: 0.58% → 24/09: 1.47% → 25/04: 1.43% → 25/06: 1.57% → 25/09: 1.00% → 26/02: 0.10% → 26/03: 0.11%,純投資,A:賛成率低下,10,4.79,2,24/01: 6.04% → 24/03: 7.05% → 24/07: 7.16% → 24/08: 7.16% → 24/09: 8.35% → 25/04: 9.23% → 25/06: 8.08% → 25/09: 7.05% → 26/02: 5.89% → 26/03: 4.79%
2269,明治ホールディングス株式会社,野村アセットマネジメント株式会社,4.53,25/08: 4.53%,信託財産の運用として保有している。,B:新規株主提案,1,5.02,2,25/08: 5.02%
2269,明治ホールディングス株式会社,三井住友トラスト・アセットマネジメント株式会社,2.83,25/01: 2.52% → 25/12: 2.83%,投資信託契約、投資一任契約に基づく運用を目的として保有するもの。,B:新規株主提案,2,5.01,2,25/01: 4.58% → 25/12: 5.01%
2269,明治ホールディングス株式会社,三菱ＵＦＪ信託銀行株式会社,2.50,24/12: 2.50%,純投資,B:新規株主提案,1,3.86,3,24/12: 3.86%
2269,明治ホールディングス株式会社,アモーヴァ・アセットマネジメント株式会社,2.18,25/12: 2.18%,証券投資信託及び投資一任契約において、株券等の取得・処分の権限を有するもの。,B:新規株主提案,1,5.01,2,25/12: 5.01%
2269,明治ホールディングス株式会社,日興アセットマネジメント株式会社,2.06,25/01: 2.06%,証券投資信託及び投資一任契約において、株券等の取得・処分の権限を有するもの。,B:新規株主提案,1,4.58,2,25/01: 4.58%
2269,明治ホールディングス株式会社,ブラックロック・ジャパン株式会社,1.75,25/12: 1.75%,純投資（投資一任契約に基づく顧客の資産運用および投資信託約款に基づく資産運用目的）,B:新規株主提案,1,4.47,6,25/12: 4.47%
2269,明治ホールディングス株式会社,三菱ＵＦＪアセットマネジメント株式会社,1.19,24/12: 1.19%,純投資,B:新規株主提案,1,3.86,3,24/12: 3.86%
2269,明治ホールディングス株式会社,ブラックロック・ファンド・アドバイザーズ(BlackRock Fund Advisors),1.13,25/12: 1.13%,純投資（投資信託等の資産運用目的）,B:新規株主提案,1,4.47,6,25/12: 4.47%
2269,明治ホールディングス株式会社,"ブラックロック・インスティテューショナル・トラスト・カンパニー、エヌ．エイ．(BlackRock Institutional Trust Company, N.A.)",0.81,25/12: 0.81%,純投資（顧客および投資信託等の資産運用目的）,B:新規株主提案,1,4.47,6,25/12: 4.47%
2269,明治ホールディングス株式会社,ノムラ　インターナショナル　ピーエルシー（ＮＯＭＵＲＡ　ＩＮＴＥＲＮＡＴＩＯＮＡＬ　ＰＬＣ）,0.49,25/08: 0.49%,証券業務に係わる商品在庫として保有している。,B:新規株主提案,1,5.02,2,25/08: 5.02%
2269,明治ホールディングス株式会社,ブラックロック・ファンド・マネジャーズ・リミテッド(BlackRock Fund Managers Limited),0.36,25/12: 0.36%,純投資（顧客および投資信託等の資産運用目的）,B:新規株主提案,1,4.47,6,25/12: 4.47%
2269,明治ホールディングス株式会社,ブラックロック・アセット・マネジメント・アイルランド・リミテッド(BlackRock Asset Management Ireland Limited),0.23,25/12: 0.23%,純投資（顧客および投資信託等の資産運用目的）,B:新規株主提案,1,4.47,6,25/12: 4.47%
2269,明治ホールディングス株式会社,ブラックロック（ネザーランド）BV(BlackRock (Netherlands) BV),0.19,25/12: 0.19%,純投資（顧客および投資信託等の資産運用目的）,B:新規株主提案,1,4.47,6,25/12: 4.47%
2269,明治ホールディングス株式会社,三菱ＵＦＪモルガン・スタンレー証券株式会社,0.17,24/12: 0.17%,商品有価証券等として保有するもの,B:新規株主提案,1,3.86,3,24/12: 3.86%
2269,明治ホールディングス株式会社,ブラックロック・インベストメント・マネジメント（ユーケー）リミテッド(BlackRock Investment Management (UK) Limited),0.05,25/12: 0.05%,純投資（顧客および投資信託等の資産運用目的）,B:新規株主提案,1,4.47,6,25/12: 4.47%
2269,明治ホールディングス株式会社,"アペリオ・グループ・エルエルシー(Aperio Group, LLC)",0.02,25/12: 0.02%,純投資（顧客および投資信託等の資産運用目的）,B:新規株主提案,1,4.47,6,25/12: 4.47%
2269,明治ホールディングス株式会社,株式会社三菱ＵＦＪ銀行,0.00,24/12: 0.00%,－,B:新規株主提案,1,3.86,3,24/12: 3.86%
2269,明治ホールディングス株式会社,三井住友信託銀行株式会社,0.00,25/01: 0.00%,,B:新規株主提案,1,4.58,2,25/01: 4.58%
2327,日鉄ソリューションズ株式会社,３Ｄインベストメント・パートナーズ・プライベート・リミティッド（3D Investment Partners Pte. Ltd.）,9.40,24/08: 5.00% → 24/09: 6.08% → 24/10: 7.08% → 24/11: 8.35% → 24/11: 8.13% → 25/02: 9.40%,純投資及び状況に応じて経営陣への助言、重要提案行為を行うこと。,A:賛成率低下 + C:会社提案否決,6,9.40,1,24/08: 5.00% → 24/09: 6.08% → 24/10: 7.08% → 24/11: 8.35% → 24/11: 8.13% → 25/02: 9.40%
2327,日鉄ソリューションズ株式会社,マサチューセッツ・ファイナンシャル・サービセズ・カンパニー(Massachusetts Financial Services Company),3.61,24/05: 3.61%,純投資（資産運用契約に基づき、顧客資産の運用のために保有している。）,A:賛成率低下 + C:会社提案否決,1,3.61,1,24/05: 3.61%
2329,株式会社東北新社,3Dインベストメント・パートナーズ・プライベート・リミティッド（3D Investment Partners Pte. Ltd.）,17.36,24/01: 14.44% → 24/01: 15.61% → 24/02: 16.64% → 24/03: 17.65% → 24/11: 17.36%,純投資及び状況に応じて経営陣への助言、重要提案行為等を行うこと。,A:賛成率低下,5,17.36,1,24/01: 14.44% → 24/01: 15.61% → 24/02: 16.64% → 24/03: 17.65% → 24/11: 17.36%
2329,株式会社東北新社,株式会社ＮＡＭＣ,7.84,26/05: 7.84%,安定株主として保有しております。,A:賛成率低下,1,15.80,3,26/05: 15.80%
2329,株式会社東北新社,株式会社 f r o m　B,7.84,26/05: 7.84%,安定株主として保有しております。,A:賛成率低下,1,15.80,3,26/05: 15.80%
2329,株式会社東北新社,二宮　清隆,0.12,26/05: 0.12%,安定株主として保有しております。,A:賛成率低下,1,15.80,3,26/05: 15.80%
2371,株式会社カカクコム,株式会社デジタルガレージ,20.64,26/05: 20.64% → 26/05: 20.64% → 26/05: 20.64% → 26/05: 20.64% → 26/07: 20.64% → 26/07: 20.64%,"安定株主として長期的に保有しております。なお、（6）「当該株券等に関する担保契約等重要な契約」に記載のとおり、提出者は、2026年5月12日付で、Kamgras 1株式会社（以下「公開買付者」といいます。）との間で、公開買付けへの不応募等に関する契約（以下「本不応募契約」といいます。）を締結しており、同契約に従って、発行者に対して、発行者の非公開化を目的とした以下の一連の取引等に関して、重要提案行為等（以下に定義する本スクイーズアウト及び本自己株式取得の実施の提案）を行う予定です。①公開買付者が実施する提出者の持分法適用会社である発行者の普通株式（以下「発行者株式」といいます。）及び全ての種類の新株予約権に対する公開買付け（以下「本公開買付け」といいます。）に、提出者が所有する発行者株式（以下「提出者所有株式」といいます。）の全てを応募しないこと②公開買付者が本公開買付けにおいて発行者株式の全て（ただし、提出者所有株式、ＫＤＤＩ株式会社（以下、提出者及び同社を個別に又は総称して「本不応募株主」といいます。）が所有する発行者株式（以下「ＫＤＤＩ所有株式」といい、提出者所有株式と総称して、以下「本不応募株式」といいます。）及び発行者が所有する自己株式を除き、以下「本公開買付対象株式」といいます。）を取得できなかった場合、発行者の株主を公開買付者及び本不応募株主のみとし、発行者を非公開化するための、株式併合その他の方法を用いたスクイーズアウト手続（以下「本スクイーズアウト」といいます。）を実施すること③本スクイーズアウトの実行後、本不応募株式の全てを対象とする発行者による自己株式取得（以下「本自己株式取得」という。）を実施すること④本自己株式取得の実行後、本自己株式取得で得た金銭の一部を原資として、公開買付者の完全親会社であるKamgras 2株式会社又は公開買付者の他の完全親会社であって公開買付者が指定する者（総称して、以下「再出資対象会社」といいます。）に対して再出資し、再出資対象会社の普通株式（議決権所有割合約20％）を取得することまた、公開買付者は、本不応募契約に基づき、発行者の非公開化を目的とし、2026年5月13日から同年7月2日までを公開買付期間、買付予定数を121,905,767株、公開買付価格を発行者株式1株当たり3,000円として、2026年5月13日に本公開買付けを開始することを決定しており、その後、公開買付者は、2026年7月2日付で、公開買付期間を2026年5月13日から同年7月16日までとすることを決定し、2026年7月7日付で、公開買付期間を2026年5月13日から同年7月22日までとすることを決定し、また、2026年7月17日付で、公開買付価格を発行者株式1株当たり3,450円とし、公開買付期間を2026年5月13日から同年8月3日までとすることを決定しています（なお、公開買付期間は法令に基づき延長されることがあります。）。",A:賛成率低下,6,38.31,2,26/05: 38.31% → 26/05: 38.31% → 26/05: 38.31% → 26/05: 38.31% → 26/07: 38.31% → 26/07: 38.31%
2371,株式会社カカクコム,オアシス　マネジメント　カンパニー　リミテッド（Oasis Management Company Ltd.）,19.52,25/12: 5.23% → 26/03: 7.94% → 26/03: 12.11% → 26/05: 15.74% → 26/05: 17.17% → 26/05: 19.52% → 26/05: 19.52% → 26/07: 19.52%,提出者は、発行者におけるコーポレートガバナンスの改善及び発行者の企業価値と株主価値の保護、向上を目的として、金融商品取引法施行令（以下「施行令」という。）第14条の8の2第1項第10号（発行する有価証券の取引所金融商品市場への上場の廃止）及び第12号（株券等の大量保有の状況の開示に関する内閣府令（以下「大量保有府令」という。）第16条第1号（資本政策に関する重要な変更）及び第4号（発行者以外の者による発行者の株券の取得であって、当該取得後に、発行者以外の者が所有することになる議決権が過半数を超えることとなるもの））に関する事項について、発行者に対して提案を行っている。提出者は、発行者におけるコーポレートガバナンスの改善及び発行者の企業価値と株主価値の保護、向上を目的として、今後12か月の間に、施行令第14条の8の2第1項第1号（重要な財産の処分又は譲受け）、第3号（代表取締役若しくは代表執行役の選定若しくは解職又は執行役員の選任若しくは解任）、第4号（特定の者の役員への選任）、第5号（役員の構成の重要な変更（役員の数又は任期に係る重要な変更を含む。））、第7号（事業の全部又は一部の譲渡、譲受け、休止又は廃止）、第8号（配当に関する方針の重要な変更）、第10号（発行する有価証券の取引所金融商品市場への上場の廃止）及び第12号（大量保有府令第16条第1号（資本政策に関する重要な変更）及び第4号（発行者以外の者による発行者の株券の取得であって、当該取得後に、発行者以外の者が所有することになる議決権が過半数を超えることとなるもの））に関する事項について、発行者に対して提案を行う予定である。,A:賛成率低下,8,19.52,1,25/12: 5.23% → 26/03: 7.94% → 26/03: 12.11% → 26/05: 15.74% → 26/05: 17.17% → 26/05: 19.52% → 26/05: 19.52% → 26/07: 19.52%
2371,株式会社カカクコム,ＫＤＤＩ株式会社,17.67,26/05: 17.67% → 26/05: 17.67% → 26/05: 17.67% → 26/05: 17.67% → 26/07: 17.67% → 26/07: 17.67%,,A:賛成率低下,6,38.31,2,26/05: 38.31% → 26/05: 38.31% → 26/05: 38.31% → 26/05: 38.31% → 26/07: 38.31% → 26/07: 38.31%
2371,株式会社カカクコム,野村アセットマネジメント株式会社,2.27,24/02: 4.92% → 24/08: 5.04% → 25/06: 4.00% → 25/12: 3.65% → 26/02: 3.69% → 26/03: 3.71% → 26/04: 3.67% → 26/05: 2.36% → 26/06: 2.37% → 26/07: 2.27%,信託財産の運用として保有している。,A:賛成率低下,10,4.29,3,24/02: 5.60% → 24/08: 5.04% → 25/06: 4.29% → 25/12: 5.15% → 26/02: 5.65% → 26/03: 5.14% → 26/04: 4.56% → 26/05: 5.01% → 26/06: 5.72% → 26/07: 4.29%
2371,株式会社カカクコム,ノムラ　インターナショナル　ピーエルシー（ＮＯＭＵＲＡ　ＩＮＴＥＲＮＡＴＩＯＮＡＬ　ＰＬＣ）,1.10,24/02: 0.68% → 24/08: 0.08% → 25/06: 0.29% → 25/12: 0.36% → 26/02: 1.21% → 26/03: -0.33% → 26/04: -0.03% → 26/05: 1.23% → 26/06: 1.04% → 26/07: 1.10%,証券業務に係わる商品在庫として保有している。,A:賛成率低下,10,4.29,3,24/02: 5.60% → 24/08: 5.04% → 25/06: 4.29% → 25/12: 5.15% → 26/02: 5.65% → 26/03: 5.14% → 26/04: 4.56% → 26/05: 5.01% → 26/06: 5.72% → 26/07: 4.29%
2371,株式会社カカクコム,野村證券株式会社,0.92,24/02: 0.00% → 24/08: 0.00% → 25/12: 1.14% → 26/02: 0.74% → 26/03: 1.76% → 26/04: 0.92% → 26/05: 1.42% → 26/06: 2.31% → 26/07: 0.92%,証券業務に係る商品在庫、及び累積投資業務の運営目的として保有している。,A:賛成率低下,9,4.29,3,24/02: 5.60% → 24/08: 5.04% → 25/12: 5.15% → 26/02: 5.65% → 26/03: 5.14% → 26/04: 4.56% → 26/05: 5.01% → 26/06: 5.72% → 26/07: 4.29%
2395,株式会社新日本科学,Ｎａｇａｔａ　ａｎｄ　Ｃｏｍｐａｎｙ株式会社,40.33,24/06: 40.33% → 26/04: 40.33%,発行会社の役員一族が出資する会社であり、役員の経営参加を助成する目的で保有しております。,A:賛成率低下,2,40.33,1,24/06: 40.33% → 26/04: 40.33%
2395,株式会社新日本科学,三井住友ＤＳアセットマネジメント株式会社,5.53,25/09: 4.50% → 25/12: 5.53%,純投資（投資収益性を重視して行う投資）,A:賛成率低下,2,5.53,2,25/09: 5.36% → 25/12: 5.53%
2395,株式会社新日本科学,アセットマネジメントOne株式会社,5.04,25/12: 5.04%,投資信託または投資一任契約に基づき投資権限を有するもの。,A:賛成率低下,1,5.04,1,25/12: 5.04%
2395,株式会社新日本科学,ＳＭＢＣ日興証券株式会社,0.04,25/09: 0.85% → 25/12: 0.04%,証券業務に係る一時保有のため（共同保有者から除外）,A:賛成率低下,2,5.53,2,25/09: 5.36% → 25/12: 5.53%
2531,宝ホールディングス株式会社,"バリューアクト・ジャパン・マスター・ファンド・エルピー(ValueAct Japan Master Fund, L.P.)",12.47,25/08: 7.81% → 25/08: 7.81% → 25/12: 7.81% → 26/01: 9.34% → 26/01: 9.34% → 26/01: 7.81% → 26/05: 12.47%,投資及び経営陣への助言又は状況に応じて重要提案行為等を行うこと,A:賛成率低下,7,19.01,4,25/08: 9.84% → 25/08: 9.84% → 25/12: 12.44% → 26/01: 14.80% → 26/01: 14.80% → 26/01: 12.44% → 26/05: 19.01%
2531,宝ホールディングス株式会社,"バリューアクト・ストラテジック・マスター・ファンド・スリー・エルピー(ValueAct Strategic Master Fund III, L.P.)",5.65,25/08: 2.03% → 25/08: 2.03% → 25/12: 2.67% → 26/01: 4.00% → 26/01: 4.81% → 26/01: 4.81% → 26/05: 5.65%,純投資及び経営陣への助言又は状況に応じて重要提案行為等を行うこと,A:賛成率低下,7,19.01,4,25/08: 9.84% → 25/08: 9.84% → 25/12: 12.44% → 26/01: 12.44% → 26/01: 14.80% → 26/01: 14.80% → 26/05: 19.01%
2531,宝ホールディングス株式会社,株式会社みずほ銀行,4.84,24/06: 4.94% → 26/07: 4.84%,・発行会社の要請に応え、かつ発行会社との取引関係の強化を図るもの,A:賛成率低下,2,8.68,4,24/06: 6.78% → 26/07: 8.68%
2531,宝ホールディングス株式会社,農林中央金庫,3.92,26/05: 3.92%,政策投資目的,A:賛成率低下,1,4.00,2,26/05: 4.00%
2531,宝ホールディングス株式会社,野村アセットマネジメント株式会社,2.39,24/03: 7.25% → 24/04: 2.39%,信託財産の運用として保有している。,A:賛成率低下,2,4.91,3,24/03: 7.36% → 24/04: 4.91%
2531,宝ホールディングス株式会社,みずほ証券 株式会社,1.94,24/06: 0.06% → 26/07: 1.94%,・ディーリング(短期売買)目的で保有するもの・レンディングその他取引に基づく一時的保有,A:賛成率低下,2,8.68,4,24/06: 6.78% → 26/07: 8.68%
2531,宝ホールディングス株式会社,三井住友トラスト・アセットマネジメント株式会社,1.87,24/03: 2.00% → 24/04: 1.96% → 25/06: 1.82% → 25/07: 1.87%,投資信託契約、投資一任契約に基づく運用を目的として保有するもの。,A:賛成率低下,4,4.32,3,24/03: 6.87% → 24/04: 4.39% → 25/06: 5.47% → 25/07: 4.32%
2531,宝ホールディングス株式会社,ノムラ　インターナショナル　ピーエルシー（ＮＯＭＵＲＡ　ＩＮＴＥＲＮＡＴＩＯＮＡＬ　ＰＬＣ）,1.69,24/03: 0.12% → 24/04: 1.69%,証券業務に係わる商品在庫として保有している。,A:賛成率低下,2,4.91,3,24/03: 7.36% → 24/04: 4.91%
2531,宝ホールディングス株式会社,モルガン・スタンレーＭＵＦＧ証券株式会社,1.67,24/10: 2.16% → 24/10: 0.18% → 25/02: 2.00% → 25/02: 2.05% → 25/03: 1.99% → 25/03: 2.74% → 25/04: 7.10% → 25/04: 2.42% → 25/05: 1.67% → 25/05: 3.16% → 25/08: 1.67%,証券業務等にかかる保有,A:賛成率低下,11,2.07,4,24/10: 5.09% → 24/10: 1.33% → 25/02: 5.11% → 25/02: 5.55% → 25/03: 5.72% → 25/03: 5.98% → 25/04: 7.22% → 25/04: 6.84% → 25/05: 5.97% → 25/05: 5.11% → 25/08: 2.07%
2531,宝ホールディングス株式会社,アセットマネジメントOne株式会社,1.64,24/06: 1.59% → 26/07: 1.64%,・投資信託または投資一任契約に基づき投資権限を有するもの,A:賛成率低下,2,8.68,4,24/06: 6.78% → 26/07: 8.68%
2531,宝ホールディングス株式会社,三井住友信託銀行株式会社,1.40,24/03: 1.40% → 24/04: 1.40% → 25/06: 2.60% → 25/07: 1.40%,政策投資として保有するもの。,A:賛成率低下,4,4.32,3,24/03: 6.87% → 24/04: 4.39% → 25/06: 5.47% → 25/07: 4.32%
2531,宝ホールディングス株式会社,日興アセットマネジメント株式会社,1.05,24/03: 3.47% → 24/04: 1.03% → 25/06: 1.05% → 25/07: 1.05%,証券投資信託及び投資一任契約において、株券等の取得・処分の権限を有するもの。,A:賛成率低下,4,4.32,3,24/03: 6.87% → 24/04: 4.39% → 25/06: 5.47% → 25/07: 4.32%
2531,宝ホールディングス株式会社,"バリューアクト・ストラテジック・グローバル・マスター・ファンド・エルピー(ValueAct Strategic Global Master Fund, L.P.)",0.90,25/12: 1.97% → 26/01: 0.65% → 26/01: 0.65% → 26/01: 0.63% → 26/05: 0.90%,純投資及び経営陣への助言又は状況に応じて重要提案行為等を行うこと,A:賛成率低下,5,19.01,4,25/12: 12.44% → 26/01: 14.80% → 26/01: 14.80% → 26/01: 12.44% → 26/05: 19.01%
2531,宝ホールディングス株式会社,野村證券株式会社,0.84,24/03: -0.01% → 24/04: 0.84%,証券業務に係る商品在庫、及び累積投資業務の運営目的として保有している。,A:賛成率低下,2,4.91,3,24/03: 7.36% → 24/04: 4.91%
2531,宝ホールディングス株式会社,モルガン・スタンレー・アンド・カンパニー・エルエルシー(Morgan Stanley & Co. LLC),0.38,25/04: 0.11% → 25/05: 0.09% → 25/08: 0.38%,証券業務等にかかる保有,A:賛成率低下,3,2.07,4,25/04: 6.84% → 25/05: 5.97% → 25/08: 2.07%
2531,宝ホールディングス株式会社,みずほ信託銀行株式会社,0.25,24/06: 0.25% → 26/07: 0.25%,・発行会社の要請に応え、かつ発行会社との取引関係の強化を図るもの,A:賛成率低下,2,8.68,4,24/06: 6.78% → 26/07: 8.68%
2531,宝ホールディングス株式会社,農林中金全共連アセットマネジメント株式会社,0.08,26/05: 0.08%,純投資（顧客の資産運用）,A:賛成率低下,1,4.00,2,26/05: 4.00%
2531,宝ホールディングス株式会社,モルガン・スタンレー・アンド・カンパニー・インターナショナル・ピーエルシー(Morgan Stanley & Co. International plc),0.01,24/10: 2.93% → 24/10: 1.15% → 25/02: 2.31% → 25/02: 2.70% → 25/03: 2.94% → 25/03: 3.24% → 25/04: 0.12% → 25/04: 2.63% → 25/05: 2.63% → 25/05: 0.27% → 25/08: 0.01%,証券業務等にかかる保有,A:賛成率低下,11,2.07,4,24/10: 5.09% → 24/10: 1.33% → 25/02: 5.11% → 25/02: 5.55% → 25/03: 5.72% → 25/03: 5.98% → 25/04: 7.22% → 25/04: 6.84% → 25/05: 5.97% → 25/05: 5.11% → 25/08: 2.07%
2531,宝ホールディングス株式会社,モルガン・スタンレー・キャピタル・サービセズ・エルエルシー(Morgan Stanley Capital Services LLC),0.00,25/02: 0.80% → 25/02: 0.80% → 25/03: 0.80% → 25/03: 0.00% → 25/04: 1.67% → 25/05: 1.67% → 25/05: 1.67% → 25/08: 0.00%,該当事項なし,A:賛成率低下,8,2.07,4,25/02: 5.11% → 25/02: 5.55% → 25/03: 5.72% → 25/03: 5.98% → 25/04: 6.84% → 25/05: 5.97% → 25/05: 5.11% → 25/08: 2.07%
2531,宝ホールディングス株式会社,"バリューアクト・キャピタル・マネジメント・エルピー(ValueAct Capital Management, L.P.)",0.00,25/08: 0.00% → 25/08: 0.00% → 25/12: 0.00% → 26/01: 0.00% → 26/01: 0.00% → 26/01: 0.00% → 26/05: 0.00%,純投資及び経営陣への助言又は状況に応じて重要提案行為等を行うこと,A:賛成率低下,7,19.01,4,25/08: 9.84% → 25/08: 9.84% → 25/12: 12.44% → 26/01: 12.44% → 26/01: 14.80% → 26/01: 14.80% → 26/05: 19.01%
2664,株式会社カワチ薬品,カナメ・キャピタル・エルピー（Ｋａｎａｍｅ　Ｃａｐｉｔａｌ，Ｌ．Ｐ．）,5.01,26/06: 5.01%,提出者は、2026年6月11日開催予定の発行者の第59回定時株主総会において、河内伸二氏及び渡辺林治氏の取締役解任、並びに、取締役任期を2年から1年に短縮することを求める株主提案を行っている。また、提出者は、発行者に対して、独立した戦略検討委員会の設置、DOE（株主資本配当率） 5%へのコミット、及び、関連当事者取引の独立的な検証等を求める資料を公表している（当該資料の内容は、下記ウェブサイト参照）。https://www.businesswire.com/news/home/20260526427229/ja提出者は、今後も、以下について発行者に対して追加的な提案を行う予定がある。ただし、具体的な内容、時期及び条件は引き続き検討中である。・配当方針の重要な変更・増資・減資方針の重要な変更・資本政策の方針の重要な変更・多額の借財・事業の全部又は一部の譲渡・譲受け・休止又は廃止・重要な資産の処分又は取得・株式交換・株式移転・会社分割・合併・発行者以外の者による支配権の取得・役員構成の重要な変更（役員の数又は任期に係る重要な変更を含む）・代表取締役、代表執行役若しくは執行役員の選解任・特定の個人の役員選任提出者は、発行者の株式の市場株価が割安と判断される水準にとどまる場合、ポートフォリオ投資の一環として、今後3か月以内に発行済み株式総数の5％超の普通株式を市場取引で追加取得する予定がある。ただし、具体的な判断基準、取得価格、数量、時期は未定である。,B:新規株主提案,1,5.01,1,26/06: 5.01%
2670,株式会社エービーシー・マート,合同会社イーエム・プランニング,49.89,24/11: 49.89%,発行会社の創業者の出資する会社であり、当初より長期保有を前提として株券を保有しております。,A:賛成率低下,1,62.43,3,24/11: 62.43%
2670,株式会社エービーシー・マート,三木　正浩,9.54,24/11: 9.54%,発行会社の創業者であり、当初より長期保有を前提として株券を発行しております。,A:賛成率低下,1,62.43,3,24/11: 62.43%
2670,株式会社エービーシー・マート,三木　美智子,3.00,24/11: 3.00%,発行会社の創業者の配偶者であり、当初より長期保有を前提として株券を保有しております。,A:賛成率低下,1,62.43,3,24/11: 62.43%
2685,株式会社アンドエスティＨＤ,日興アセットマネジメント株式会社,4.29,24/05: 3.80% → 24/07: 5.63% → 24/08: 6.67% → 24/10: 5.16% → 25/02: 5.59% → 25/03: 4.50% → 25/03: 4.28% → 25/04: 4.29%,証券投資信託及び投資一任契約において、株券等の取得・処分の権限を有するもの。,A:賛成率低下,8,5.89,2,24/05: 5.28% → 24/07: 7.05% → 24/08: 8.10% → 24/10: 6.58% → 25/02: 7.17% → 25/03: 6.09% → 25/03: 5.89% → 25/04: 5.89%
2685,株式会社アンドエスティＨＤ,ウエリントン・マネージメント・ジャパン・ピーティーイー・リミテッド（Wellington Management Japan Pte Ltd）,3.63,26/01: 3.70% → 26/02: 3.63%,投資一任契約による顧客の資産運用,A:賛成率低下,2,7.04,2,26/01: 5.86% → 26/02: 7.04%
2685,株式会社アンドエスティＨＤ,アモーヴァ・アセットマネジメント株式会社,3.58,25/09: 4.22% → 26/02: 3.58%,証券投資信託及び投資一任契約において、株券等の取得・処分の権限を有するもの。,A:賛成率低下,2,4.97,2,25/09: 5.80% → 26/02: 4.97%
2685,株式会社アンドエスティＨＤ,ウエリントン・マネージメント・カンパニー・エルエルピー（Wellington Management Company LLP）,3.41,26/01: 2.15% → 26/02: 3.41%,投資一任契約による顧客の資産運用,A:賛成率低下,2,7.04,2,26/01: 5.86% → 26/02: 7.04%
2685,株式会社アンドエスティＨＤ,三井住友トラスト・アセットマネジメント株式会社,1.40,24/05: 1.48% → 24/07: 1.42% → 24/08: 1.43% → 24/10: 1.43% → 25/02: 1.58% → 25/03: 1.59% → 25/03: 1.60% → 25/04: 1.59% → 25/09: 1.58% → 26/02: 1.40%,投資信託契約、投資一任契約に基づく運用を目的として保有するもの。,A:賛成率低下,10,4.97,2,24/05: 5.28% → 24/07: 7.05% → 24/08: 8.10% → 24/10: 6.58% → 25/02: 7.17% → 25/03: 6.09% → 25/03: 5.89% → 25/04: 5.89% → 25/09: 5.80% → 26/02: 4.97%
2730,株式会社エディオン,野村アセットマネジメント株式会社,2.55,24/02: 2.52% → 24/04: 2.55%,信託財産の運用として保有している。,A:賛成率低下,2,4.26,3,24/02: 5.10% → 24/04: 4.26%
2730,株式会社エディオン,三菱ＵＦＪ信託銀行株式会社,1.79,25/03: 1.78% → 25/04: 1.79%,政策投資・純投資,A:賛成率低下,2,3.32,3,25/03: 5.03% → 25/04: 3.32%
2730,株式会社エディオン,野村證券株式会社,1.46,24/02: 2.22% → 24/04: 1.46%,証券業務に係る商品在庫、及び累積投資業務の運営目的として保有している。,A:賛成率低下,2,4.26,3,24/02: 5.10% → 24/04: 4.26%
2730,株式会社エディオン,株式会社三菱ＵＦＪ銀行,1.01,25/03: 1.01% → 25/04: 1.01%,政策投資,A:賛成率低下,2,3.32,3,25/03: 5.03% → 25/04: 3.32%
2730,株式会社エディオン,三菱ＵＦＪアセットマネジメント株式会社,0.52,25/03: 0.53% → 25/04: 0.52%,純投資,A:賛成率低下,2,3.32,3,25/03: 5.03% → 25/04: 3.32%
2730,株式会社エディオン,ノムラ　インターナショナル　ピーエルシー（ＮＯＭＵＲＡ　ＩＮＴＥＲＮＡＴＩＯＮＡＬ　ＰＬＣ）,0.34,24/02: 0.53% → 24/04: 0.34%,証券業務に係わる商品在庫として保有している。,A:賛成率低下,2,4.26,3,24/02: 5.10% → 24/04: 4.26%
2730,株式会社エディオン,三菱ＵＦＪモルガン・スタンレー証券株式会社,0.03,25/03: 1.71% → 25/04: 0.03%,商品有価証券等として保有するもの,A:賛成率低下,2,3.32,3,25/03: 5.03% → 25/04: 3.32%
2782,株式会社セリア,株式会社ヒロコーポレーション,12.62,24/03: 33.14% → 24/04: 33.14% → 24/09: 33.14% → 25/02: 33.14% → 25/07: 33.14% → 25/08: 16.57% → 25/12: 13.93% → 26/02: 13.93% → 26/05: 13.93% → 26/07: 12.62%,創業者が代表を務める同族会社であり、中長期的に安定保有する方針です。,A:賛成率低下,10,12.62,1,24/03: 34.70% → 24/04: 34.70% → 24/09: 34.70% → 25/02: 34.70% → 25/07: 34.70% → 25/08: 18.13% → 25/12: 15.49% → 26/02: 15.49% → 26/05: 13.93% → 26/07: 12.62%
2782,株式会社セリア,スプラウスグローブ・インベストメント・マネジメント・リミテッド（Sprucegrove Investment Management Ltd.）,4.78,24/06: 10.27% → 24/07: 11.30% → 24/12: 10.29% → 25/02: 9.21% → 25/05: 8.03% → 25/06: 6.99% → 25/11: 5.84% → 26/03: 4.78%,信託契約に基づく顧客の資産運用目的,A:賛成率低下,8,4.78,1,24/06: 10.27% → 24/07: 11.30% → 24/12: 10.29% → 25/02: 9.21% → 25/05: 8.03% → 25/06: 6.99% → 25/11: 5.84% → 26/03: 4.78%
2782,株式会社セリア,河合　秋代,1.56,24/03: 1.56% → 24/04: 1.56% → 24/09: 1.56% → 25/02: 1.56% → 25/07: 1.56% → 25/08: 1.56% → 25/12: 1.56% → 26/02: 1.56%,創業者河合宏光の配偶者であり、中長期的に安定保有する方針です。,A:賛成率低下,8,15.49,2,24/03: 34.70% → 24/04: 34.70% → 24/09: 34.70% → 25/02: 34.70% → 25/07: 34.70% → 25/08: 18.13% → 25/12: 15.49% → 26/02: 15.49%
2782,株式会社セリア,河合　宏光,0.00,24/03: 0.00%,,A:賛成率低下,1,34.70,3,24/03: 34.70%
2805,ヱスビー食品株式会社,三井住友ＤＳアセットマネジメント株式会社,3.55,25/08: 3.55%,純投資（投資収益性を重視して行う投資）,A:賛成率低下,1,5.15,2,25/08: 5.15%
2805,ヱスビー食品株式会社,山崎　由真子,2.94,25/02: 2.94%,今後における買占め等への対応を考慮し、経営側株主として安定的経営の基本である経営陣の一致団結を広く顕示するため、「山崎兄弟会」として個人持株を集約し、議決権の統一行使体制をとるべく組合結成を行っていたものであります。,A:賛成率低下,1,8.81,3,25/02: 8.81%
2805,ヱスビー食品株式会社,山崎　雅也,2.94,25/02: 2.94%,今後における買占め等への対応を考慮し、経営側株主として安定的経営の基本である経営陣の一致団結を広く顕示するため、「山崎兄弟会」として個人持株を集約し、議決権の統一行使体制をとるべく組合結成を行っていたものであります。,A:賛成率低下,1,8.81,3,25/02: 8.81%
2805,ヱスビー食品株式会社,山崎　明裕,2.94,25/02: 2.94%,今後における買占め等への対応を考慮し、経営側株主として安定的経営の基本である経営陣の一致団結を広く顕示するため、「山崎兄弟会」として個人持株を集約し、議決権の統一行使体制をとるべく組合結成を行っていたものであります。,A:賛成率低下,1,8.81,3,25/02: 8.81%
2805,ヱスビー食品株式会社,株式会社　三井住友銀行,1.59,25/08: 1.59%,政策保有目的,A:賛成率低下,1,5.15,2,25/08: 5.15%
2875,東洋水産株式会社,マサチューセッツ・ファイナンシャル・サービセズ・カンパニー(Massachusetts Financial Services Company),6.39,24/08: 6.39%,純投資（資産運用契約に基づき、顧客資産の運用のために保有している。）,A:賛成率低下 + B:新規株主提案,1,6.39,1,24/08: 6.39%
2875,東洋水産株式会社,野村アセットマネジメント株式会社,4.94,25/09: 4.94%,信託財産の運用として保有している。,A:賛成率低下 + B:新規株主提案,1,5.07,2,25/09: 5.07%
2875,東洋水産株式会社,日興アセットマネジメント株式会社,2.18,24/11: 2.18%,証券投資信託及び投資一任契約において、株券等の取得・処分の権限を有するもの。,A:賛成率低下 + B:新規株主提案,1,4.39,3,24/11: 4.39%
2875,東洋水産株式会社,三井住友トラスト・アセットマネジメント株式会社,1.95,24/11: 1.95%,投資信託契約、投資一任契約に基づく運用を目的として保有するもの。,A:賛成率低下 + B:新規株主提案,1,4.39,3,24/11: 4.39%
2875,東洋水産株式会社,三井住友信託銀行株式会社,0.26,24/11: 0.26%,政策投資として保有するもの。,A:賛成率低下 + B:新規株主提案,1,4.39,3,24/11: 4.39%
2875,東洋水産株式会社,ノムラ　インターナショナル　ピーエルシー（ＮＯＭＵＲＡ　ＩＮＴＥＲＮＡＴＩＯＮＡＬ　ＰＬＣ）,0.13,25/09: 0.13%,証券業務に係わる商品在庫として保有している。,A:賛成率低下 + B:新規株主提案,1,5.07,2,25/09: 5.07%
2908,フジッコ株式会社,有限会社ミニマル興産,20.61,24/08: 20.61%,発行会社の創業者一族の資産運用会社であり、安定株主として長期保有を目的としております。,A:賛成率低下,1,24.01,3,24/08: 24.01%
2908,フジッコ株式会社,株式会社エフ・エス・ケー,3.40,24/08: 3.40%,発行会社の創業者一族の資産運用会社であり、安定株主として長期保有を目的としております。,A:賛成率低下,1,24.01,3,24/08: 24.01%
2908,フジッコ株式会社,株式会社三菱ＵＦＪ銀行,2.98,24/03: 2.98% → 24/07: 2.98%,政策投資,A:賛成率低下,2,5.23,3,24/03: 5.20% → 24/07: 5.23%
2908,フジッコ株式会社,三菱ＵＦＪ信託銀行株式会社,1.50,24/03: 1.42% → 24/07: 1.50%,純投資,A:賛成率低下,2,5.23,3,24/03: 5.20% → 24/07: 5.23%
2908,フジッコ株式会社,三菱ＵＦＪアセットマネジメント株式会社,0.75,24/03: 0.80% → 24/07: 0.75%,純投資,A:賛成率低下,2,5.23,3,24/03: 5.20% → 24/07: 5.23%
2908,フジッコ株式会社,三菱ＵＦＪモルガン・スタンレー証券株式会社,0.04,24/03: 0.04%,商品有価証券等として保有するもの,A:賛成率低下,1,5.20,3,24/03: 5.20%
2908,フジッコ株式会社,福井　正一,0.00,24/08: 0.00%,,A:賛成率低下,1,24.01,3,24/08: 24.01%
3034,クオールホールディングス株式会社,ウィル・フィールド・キャピタル・ピーティーイー・エルティーディー(WILL FIELD CAPITAL PTE.LTD.）,17.73,25/02: 5.02% → 25/04: 6.02% → 25/04: 6.02% → 25/07: 6.86% → 25/07: 6.86% → 25/08: 7.83% → 25/10: 8.69% → 25/10: 8.69% → 25/11: 9.76% → 25/11: 10.77% → 26/01: 11.85% → 26/01: 12.85% → 26/02: 13.89% → 26/02: 14.97% → 26/03: 16.06% → 26/03: 17.15% → 26/03: 17.73% → 26/03: 17.73% → 26/04: 17.73% → 26/04: 17.73% → 26/04: 17.73%,純投資,A:賛成率低下,21,18.22,2,25/02: 5.02% → 25/04: 6.02% → 25/04: 6.02% → 25/07: 7.04% → 25/07: 7.03% → 25/08: 8.07% → 25/10: 9.14% → 25/10: 9.14% → 25/11: 10.21% → 25/11: 11.22% → 26/01: 12.30% → 26/01: 13.30% → 26/02: 14.35% → 26/02: 15.42% → 26/03: 16.51% → 26/03: 17.61% → 26/03: 18.22% → 26/03: 18.22% → 26/04: 18.22% → 26/04: 18.22% → 26/04: 18.22%
3034,クオールホールディングス株式会社,モルガン・スタンレーＭＵＦＧ証券株式会社,3.98,25/07: 0.02% → 25/08: -0.01% → 25/09: 0.01% → 25/10: 0.31% → 25/10: -0.01% → 25/11: 0.19% → 26/01: 0.14% → 26/02: 0.01% → 26/03: 0.05% → 26/04: 5.15% → 26/05: 4.69% → 26/07: 3.80% → 26/07: 3.81% → 26/07: 3.83% → 26/07: 1.74% → 26/08: 3.98%,証券業務等にかかる保有,A:賛成率低下,16,6.32,4,25/07: 5.21% → 25/08: 5.18% → 25/09: 6.27% → 25/10: 0.42% → 25/10: 7.19% → 25/11: 7.29% → 26/01: 0.60% → 26/02: 9.68% → 26/03: 2.83% → 26/04: 5.59% → 26/05: 5.50% → 26/07: 12.36% → 26/07: 12.40% → 26/07: 6.58% → 26/07: 6.46% → 26/08: 6.32%
3034,クオールホールディングス株式会社,モルガン・スタンレー・アンド・カンパニー・インターナショナル・ピーエルシー(Morgan Stanley & Co. International plc),1.70,25/07: 5.20% → 25/08: 5.18% → 25/09: 6.26% → 25/10: 0.11% → 25/10: 7.19% → 25/11: 7.10% → 26/01: 0.46% → 26/01: 7.03% → 26/02: 7.01% → 26/02: 8.56% → 26/03: 1.67% → 26/04: 0.21% → 26/05: 0.13% → 26/07: 7.93% → 26/07: 7.97% → 26/07: 1.74% → 26/07: 4.08% → 26/08: 1.70%,証券業務等にかかる保有,A:賛成率低下,18,6.32,4,25/07: 5.21% → 25/08: 5.18% → 25/09: 6.27% → 25/10: 0.42% → 25/10: 7.19% → 25/11: 7.29% → 26/01: 0.60% → 26/01: 7.03% → 26/02: 7.01% → 26/02: 9.68% → 26/03: 2.83% → 26/04: 5.59% → 26/05: 5.50% → 26/07: 12.36% → 26/07: 12.40% → 26/07: 6.58% → 26/07: 6.46% → 26/08: 6.32%
3034,クオールホールディングス株式会社,志野文哉,0.49,25/07: 0.17% → 25/07: 0.17% → 25/08: 0.23% → 25/10: 0.45% → 25/10: 0.45% → 25/11: 0.45% → 25/11: 0.45% → 26/01: 0.45% → 26/01: 0.45% → 26/02: 0.45% → 26/02: 0.45% → 26/03: 0.45% → 26/03: 0.45% → 26/03: 0.49% → 26/03: 0.49% → 26/04: 0.49% → 26/04: 0.49% → 26/04: 0.49%,純投資,A:賛成率低下,18,18.22,2,25/07: 7.04% → 25/07: 7.03% → 25/08: 8.07% → 25/10: 9.14% → 25/10: 9.14% → 25/11: 10.21% → 25/11: 11.22% → 26/01: 12.30% → 26/01: 13.30% → 26/02: 14.35% → 26/02: 15.42% → 26/03: 16.51% → 26/03: 17.61% → 26/03: 18.22% → 26/03: 18.22% → 26/04: 18.22% → 26/04: 18.22% → 26/04: 18.22%
3034,クオールホールディングス株式会社,モルガン・スタンレー・キャピタル・サービセズ・エルエルシー(Morgan Stanley Capital Services LLC),0.49,26/02: 1.11% → 26/03: 1.11% → 26/05: 0.49% → 26/07: 0.49% → 26/07: 0.49% → 26/07: 0.49% → 26/07: 0.49% → 26/08: 0.49%,デリバティブ業務にかかる保有,A:賛成率低下,8,6.32,4,26/02: 9.68% → 26/03: 2.83% → 26/05: 5.50% → 26/07: 12.36% → 26/07: 12.40% → 26/07: 6.58% → 26/07: 6.46% → 26/08: 6.32%
3034,クオールホールディングス株式会社,モルガン・スタンレー・アンド・カンパニー・エルエルシー(Morgan Stanley & Co. LLC),0.15,26/04: 0.23% → 26/05: 0.19% → 26/07: 0.14% → 26/07: 0.14% → 26/07: 0.52% → 26/07: 0.15% → 26/08: 0.15%,証券業務等にかかる保有,A:賛成率低下,7,6.32,4,26/04: 5.59% → 26/05: 5.50% → 26/07: 12.36% → 26/07: 12.40% → 26/07: 6.58% → 26/07: 6.46% → 26/08: 6.32%
3079,ディーブイエックス株式会社,株式会社ＵＨ６,7.49,26/03: 7.49%,純投資,C:会社提案否決,1,29.10,5,26/03: 29.10%
3079,ディーブイエックス株式会社,光通信株式会社,7.16,24/02: 7.16% → 24/04: 7.16% → 24/05: 7.16% → 24/10: 7.16% → 25/03: 7.16% → 25/05: 7.16% → 25/09: 7.16% → 25/09: 7.16% → 26/03: 7.16%,純投資,C:会社提案否決,9,29.10,5,24/02: 23.25% → 24/04: 23.26% → 24/05: 24.27% → 24/10: 25.28% → 25/03: 26.25% → 25/05: 27.32% → 25/09: 28.35% → 25/09: 28.58% → 26/03: 29.10%
3079,ディーブイエックス株式会社,株式会社ＵＨ　Ｐａｒｔｎｅｒｓ　２,7.14,24/02: 8.59% → 24/04: 8.59% → 24/05: 8.59% → 24/10: 8.59% → 25/03: 7.14% → 25/05: 7.14% → 25/09: 7.14% → 25/09: 7.14% → 26/03: 7.14%,純投資,C:会社提案否決,9,29.10,5,24/02: 23.25% → 24/04: 23.26% → 24/05: 24.27% → 24/10: 25.28% → 25/03: 26.25% → 25/05: 27.32% → 25/09: 28.35% → 25/09: 28.58% → 26/03: 29.10%
3079,ディーブイエックス株式会社,株式会社エスアイエル,5.86,24/02: 1.49% → 24/04: 1.49% → 24/05: 1.49% → 24/10: 2.26% → 25/03: 3.23% → 25/05: 4.30% → 25/09: 5.33% → 25/09: 5.49% → 26/03: 5.86%,純投資,C:会社提案否決,9,29.10,5,24/02: 23.25% → 24/04: 23.26% → 24/05: 24.27% → 24/10: 25.28% → 25/03: 26.25% → 25/05: 27.32% → 25/09: 28.35% → 25/09: 28.58% → 26/03: 29.10%
3079,ディーブイエックス株式会社,株式会社ＵＨ　Ｐａｒｔｎｅｒｓ　３,1.46,24/02: 6.01% → 24/04: 6.02% → 24/05: 7.03% → 24/10: 7.27% → 25/03: 1.46% → 25/05: 1.46% → 25/09: 1.46% → 25/09: 1.46% → 26/03: 1.46%,純投資,C:会社提案否決,9,29.10,5,24/02: 23.25% → 24/04: 23.26% → 24/05: 24.27% → 24/10: 25.28% → 25/03: 26.25% → 25/05: 27.32% → 25/09: 28.35% → 25/09: 28.58% → 26/03: 29.10%
3079,ディーブイエックス株式会社,株式会社ＵＨ５,0.00,25/03: 7.27% → 25/05: 7.27% → 25/09: 7.27% → 25/09: 7.33% → 26/03: 0.00%,,C:会社提案否決,5,29.10,5,25/03: 26.25% → 25/05: 27.32% → 25/09: 28.35% → 25/09: 28.58% → 26/03: 29.10%
3106,倉敷紡績株式会社,アセット・バリュー・インベスターズ・リミテッド (Asset Value Investors Limited),4.64,25/05: 5.00% → 25/09: 4.00% → 26/01: 5.02% → 26/07: 4.64%,提出者の保有目的は純投資であり、発行者の持続的な企業価値の向上に必要であると判断した場合には以下の重要提案行為等を行う可能性がある。 ・重要な財産の処分又は譲受け・代表取締役の選定若しくは解職又は執行役員の選任若しくは解任・特定の者の役員への選任・役員の構成の重要な変更・事業の全部又は一部の譲渡、譲受け、休止又は廃止・配当に関する方針の重要な変更・資本政策に関する重要な変更 提出者は、発行者の開示する中期経営計画「Accelerate’27」期間中（2025年4月～2028年3月）における発行者の自己株式取得総額を、現行の200億円から増額することを提案している。 上記以外の重要提案行為等の具体的な内容、時期及び条件については未定である。,B:新規株主提案,4,4.64,1,25/05: 5.00% → 25/09: 4.00% → 26/01: 5.02% → 26/07: 4.64%
3106,倉敷紡績株式会社,三菱ＵＦＪ信託銀行株式会社,2.26,24/01: 2.26%,政策投資・純投資,B:新規株主提案,1,3.65,3,24/01: 3.65%
3106,倉敷紡績株式会社,三井住友信託銀行株式会社,1.67,24/09: 1.67%,政策投資として保有するもの。,B:新規株主提案,1,4.27,3,24/09: 4.27%
3106,倉敷紡績株式会社,三井住友トラスト・アセットマネジメント株式会社,1.50,24/09: 1.50%,投資信託契約、投資一任契約に基づく運用を目的として保有するもの。,B:新規株主提案,1,4.27,3,24/09: 4.27%
3106,倉敷紡績株式会社,日興アセットマネジメント株式会社,1.10,24/09: 1.10%,証券投資信託及び投資一任契約において、株券等の取得・処分の権限を有するもの。,B:新規株主提案,1,4.27,3,24/09: 4.27%
3106,倉敷紡績株式会社,株式会社三菱ＵＦＪ銀行,0.91,24/01: 0.91%,政策投資,B:新規株主提案,1,3.65,3,24/01: 3.65%
3106,倉敷紡績株式会社,三菱ＵＦＪアセットマネジメント株式会社,0.49,24/01: 0.49%,純投資,B:新規株主提案,1,3.65,3,24/01: 3.65%
3109,シキボウ株式会社,野村證券株式会社,2.58,24/04: 12.42% → 24/04: 11.24% → 24/04: 9.86% → 24/04: 9.78% → 24/04: 8.98% → 24/04: 6.95% → 24/05: 6.04% → 24/05: 4.29% → 24/06: 2.65% → 24/07: 2.59% → 25/02: 2.58%,証券業務に係る商品在庫、及び累積投資業務の運営目的として保有している。,A:賛成率低下,11,4.10,2,24/04: 13.36% → 24/04: 12.20% → 24/04: 10.91% → 24/04: 10.90% → 24/04: 10.09% → 24/04: 8.76% → 24/05: 7.68% → 24/05: 6.27% → 24/06: 4.76% → 24/07: 5.12% → 25/02: 4.10%
3109,シキボウ株式会社,野村アセットマネジメント株式会社,1.51,24/04: 0.89% → 24/04: 0.90% → 24/04: 0.90% → 24/04: 0.88% → 24/04: 0.88% → 24/04: 0.88% → 24/05: 1.17% → 24/05: 1.19% → 24/06: 1.56% → 24/07: 1.90% → 25/02: 1.51%,信託財産の運用として保有している。,A:賛成率低下,11,4.10,2,24/04: 13.36% → 24/04: 12.20% → 24/04: 10.91% → 24/04: 10.90% → 24/04: 10.09% → 24/04: 8.76% → 24/05: 7.68% → 24/05: 6.27% → 24/06: 4.76% → 24/07: 5.12% → 25/02: 4.10%
3109,シキボウ株式会社,ノムラ　インターナショナル　ピーエルシー（ＮＯＭＵＲＡ　ＩＮＴＥＲＮＡＴＩＯＮＡＬ　ＰＬＣ）,-0.01,24/04: 0.16% → 24/04: 0.16% → 24/04: 0.26% → 24/04: 0.33% → 24/04: 0.31% → 24/04: 1.06% → 24/05: 0.51% → 24/05: 0.83% → 24/06: 0.55% → 24/07: 0.63% → 25/02: -0.01%,証券業務に係わる商品在庫として保有している。,A:賛成率低下,11,4.10,2,24/04: 13.36% → 24/04: 12.20% → 24/04: 10.91% → 24/04: 10.90% → 24/04: 10.09% → 24/04: 8.76% → 24/05: 7.68% → 24/05: 6.27% → 24/06: 4.76% → 24/07: 5.12% → 25/02: 4.10%
3183,ウイン・パートナーズ株式会社,有限会社オフィスＡ,23.21,25/06: 23.21%,発行会社の代表取締役が所有する資産管理会社であり、安定株主として長期保有を目的とする,A:賛成率低下,1,26.17,2,25/06: 26.17%
3183,ウイン・パートナーズ株式会社,フィデリティ　マネジメント　アンド　リサーチ　カンパニー　エルエルシー (Fidelity Management & Research Company LLC),8.62,26/06: 9.73% → 26/06: 7.66% → 26/06: 7.86% → 26/06: 7.90% → 26/06: 8.62%,当該有価証券は、グループの資産運用および管理機能に関連して保有されているものです。,A:賛成率低下,5,10.00,2,26/06: 10.00% → 26/06: 8.66% → 26/06: 9.72% → 26/06: 10.00% → 26/06: 10.00%
3183,ウイン・パートナーズ株式会社,秋沢　英海,2.95,25/06: 2.95%,発行会社の代表取締役であり、安定株主として長期保有するため。,A:賛成率低下,1,26.17,2,25/06: 26.17%
3183,ウイン・パートナーズ株式会社,フィデリティ・マネジメント・アンド・リサーチ・ジャパン株式会社,2.10,26/06: 2.10%,当社は自己の投資目的で有価証券を保有していません。記録上の有価証券は関連会社の事務・運営目的のためであり、投資目的ではありません。,A:賛成率低下,1,10.00,2,26/06: 10.00%
3183,ウイン・パートナーズ株式会社,フィデリティ　マネジメント　トラスト　カンパニー (Fidelity Management Trust Company),1.20,26/06: 1.38% → 26/06: 1.00% → 26/06: 0.27% → 26/06: 1.20%,信託契約および投資一任契約に基づき顧客資産を運用する目的で保有。当該証券の名義は当社ではなく、顧客指定のカストディアンバンクの名義となります。,A:賛成率低下,4,9.72,3,26/06: 10.00% → 26/06: 8.66% → 26/06: 10.00% → 26/06: 9.72%
3183,ウイン・パートナーズ株式会社,エフアイエーエム　エルエルシー (FIAM LLC),0.67,26/06: 0.67%,当該有価証券は、当社の投資運用および資産管理機能に関連して保有されています。,A:賛成率低下,1,9.72,3,26/06: 9.72%
3183,ウイン・パートナーズ株式会社,シンフォニー・フィナンシャル・パートナーズ（シンガポール）ピーティーイー・リミテッド (Symphony Financial Partners (Singapore) Pte. Ltd.),0.00,25/06: 5.18% → 25/07: 0.00%,純投資,A:賛成率低下,2,0.00,1,25/06: 5.18% → 25/07: 0.00%
3237,株式会社イントランス,ZUU Funders株式会社,33.28,26/02: 33.28%,当社が無限責任組合員となっているZUUターゲットファンドforINT投資事業有限責任組合の保有目的は、純投資となります。,A:賛成率低下,1,33.28,2,26/02: 33.28%
3237,株式会社イントランス,株式会社ユニコーン,33.28,26/02: 33.28%,当社が無限責任組合員となっているZUUターゲットファンドforINT投資事業有限責任組合の保有目的は、純投資となります。,A:賛成率低下,1,33.28,2,26/02: 33.28%
3237,株式会社イントランス,ETモバイルジャパン株式会社,31.52,26/02: 31.52% → 26/02: 31.52% → 26/02: 31.52% → 26/02: 31.52% → 26/02: 31.52% → 26/03: 31.52% → 26/04: 31.52%,新規投資,A:賛成率低下,7,31.52,2,26/02: 36.71% → 26/02: 36.71% → 26/02: 35.90% → 26/02: 35.90% → 26/02: 35.13% → 26/03: 34.33% → 26/04: 31.52%
3237,株式会社イントランス,ディライトワークス株式会社,15.95,24/03: 15.95%,発行者との資本業務提携を目的とした戦略投資,A:賛成率低下,1,15.95,1,24/03: 15.95%
3237,株式会社イントランス,ダイナミックソリューショングループ株式会社,14.95,26/07: 14.95%,政策投資（AIデータセンター関連事業・GPUサーバ販売事業に係る資本業務提携。経営に重大な変更を加え、又は重大な影響を及ぼすことを目的とするものではない）,A:賛成率低下,1,14.95,1,26/07: 14.95%
3237,株式会社イントランス,和德投資有限公司,11.56,24/06: 12.13% → 24/11: 10.82% → 24/11: 9.60% → 24/11: 10.82% → 25/03: 8.18% → 25/04: 6.94% → 25/04: 5.81% → 25/08: 8.22% → 25/09: 8.22% → 26/04: 11.56%,重要提案行為等,A:賛成率低下,10,11.56,1,24/06: 12.13% → 24/11: 10.82% → 24/11: 9.60% → 24/11: 10.82% → 25/03: 8.18% → 25/04: 6.94% → 25/04: 5.81% → 25/08: 8.22% → 25/09: 8.22% → 26/04: 11.56%
3237,株式会社イントランス,合同会社インバウンドインベストメント,0.00,24/03: 59.29% → 24/03: 59.29% → 24/03: 43.50% → 24/03: 59.29% → 24/03: 43.50% → 24/03: 43.50% → 24/04: 43.50% → 24/05: 43.50% → 24/05: 31.27% → 25/05: 29.02% → 25/05: 29.02% → 25/05: 26.66% → 25/05: 26.66% → 25/05: 29.02% → 25/06: 21.26% → 25/06: 23.60% → 25/06: 19.22% → 25/06: 14.79% → 25/06: 16.12% → 25/06: 16.12% → 25/06: 19.21% → 25/08: 11.87% → 25/08: 11.87% → 25/12: 10.68% → 25/12: 10.69% → 25/12: 10.80% → 25/12: 9.68% → 26/01: 8.60% → 26/01: 7.57% → 26/02: 6.40% → 26/02: 5.19% → 26/02: 7.57% → 26/02: 6.40% → 26/02: 6.40% → 26/02: 6.40% → 26/02: 6.40% → 26/02: 6.40% → 26/02: 5.26% → 26/02: 5.26% → 26/03: 4.10% → 26/03: 4.10% → 26/04: 0.00%,業務上の関係強化/発行者の企業価値向上を図ること。,A:賛成率低下,42,31.52,2,24/03: 59.29% → 24/03: 59.29% → 24/03: 43.50% → 24/03: 59.29% → 24/03: 43.50% → 24/03: 43.50% → 24/04: 43.50% → 24/05: 43.50% → 24/05: 31.27% → 25/05: 29.02% → 25/05: 29.02% → 25/05: 26.66% → 25/05: 26.66% → 25/05: 29.02% → 25/06: 21.26% → 25/06: 23.60% → 25/06: 19.22% → 25/06: 14.79% → 25/06: 16.12% → 25/06: 16.12% → 25/06: 19.21% → 25/08: 11.87% → 25/08: 11.87% → 25/12: 10.68% → 25/12: 10.69% → 25/12: 10.80% → 25/12: 9.68% → 26/01: 8.60% → 26/01: 7.57% → 26/02: 6.40% → 26/02: 36.71% → 26/02: 36.71% → 26/02: 35.90% → 26/02: 35.90% → 26/02: 6.40% → 26/02: 35.90% → 26/02: 35.90% → 26/02: 35.13% → 26/02: 35.13% → 26/03: 34.33% → 26/03: 34.33% → 26/04: 31.52%
331A,株式会社メディックス,水野　昌広,15.12,25/03: 15.12%,発行会社の取締役であり、安定株主として長期保有を目的としています。,A:賛成率低下 + C:会社提案否決,1,15.12,1,25/03: 15.12%
331A,株式会社メディックス,小谷中　茂樹,14.85,25/03: 26.92% → 25/04: 25.13% → 25/09: 18.95% → 26/06: 14.60% → 26/06: 14.85%,発行会社の創業者であり、安定株主として保有しております。,A:賛成率低下 + C:会社提案否決,5,14.85,1,25/03: 26.92% → 25/04: 25.13% → 25/09: 18.95% → 26/06: 14.60% → 26/06: 14.85%
331A,株式会社メディックス,田中　正則,7.00,25/03: 6.96% → 25/12: 7.00% → 25/12: 7.00%,発行会社の取締役であり、安定株主として長期保有を目的としています。,A:賛成率低下 + C:会社提案否決,3,12.20,2,25/03: 12.00% → 25/12: 12.20% → 25/12: 12.20%
331A,株式会社メディックス,小谷中　一樹,6.36,25/03: 6.36%,安定株主として長期保有を目的としています。,A:賛成率低下 + C:会社提案否決,1,6.36,1,25/03: 6.36%
331A,株式会社メディックス,株式会社フォローワンズハート,5.20,25/03: 5.20% → 25/12: 5.20% → 25/12: 5.20%,安定株主として長期保有を目的としております。,A:賛成率低下 + C:会社提案否決,3,12.20,2,25/03: 12.00% → 25/12: 12.20% → 25/12: 12.20%
3401,帝人株式会社,エフィッシモ　キャピタル　マネージメント　ピーティーイー　エルティーディー(Effissimo Capital Management Pte. Ltd.),19.26,24/07: 6.03% → 24/09: 7.67% → 24/11: 8.99% → 25/01: 10.03% → 25/06: 11.08% → 25/10: 12.12% → 25/11: 13.20% → 25/12: 14.21% → 26/03: 15.27% → 26/03: 15.29% → 26/03: 16.44% → 26/04: 17.53% → 26/04: 19.26%,"純投資（ただし、うち38,117,700株については、投資一任契約に基づく顧客資産運用のため）",A:賛成率低下,13,19.26,1,24/07: 6.03% → 24/09: 7.67% → 24/11: 8.99% → 25/01: 10.03% → 25/06: 11.08% → 25/10: 12.12% → 25/11: 13.20% → 25/12: 14.21% → 26/03: 15.27% → 26/03: 15.29% → 26/03: 16.44% → 26/04: 17.53% → 26/04: 19.26%
3401,帝人株式会社,野村アセットマネジメント株式会社,4.01,24/01: 4.01%,信託財産の運用として保有している。,A:賛成率低下,1,4.01,1,24/01: 4.01%
3401,帝人株式会社,イーストスプリング・インベストメンツ（シンガポール）リミテッド(Eastspring Investments (Singapore) Limited),3.95,24/02: 5.04% → 24/08: 3.95%,純投資（投資一任契約及び投資信託の運用の指図の再委託において、株式等の取得・処分の権限を有するもの）,A:賛成率低下,2,3.95,1,24/02: 5.04% → 24/08: 3.95%
3401,帝人株式会社,日本生命保険相互会社,3.56,24/11: 3.56% → 24/12: 3.56% → 26/03: 3.56%,純投資（収益性を投資判断の基準とする投資）,A:賛成率低下,3,3.97,2,24/11: 4.94% → 24/12: 5.02% → 26/03: 3.97%
3401,帝人株式会社,三井住友トラスト・アセットマネジメント株式会社,3.27,24/10: 2.98% → 25/03: 3.40% → 25/09: 3.27%,投資信託契約、投資一任契約に基づく運用を目的として保有するもの。,A:賛成率低下,3,5.24,2,24/10: 4.92% → 25/03: 5.37% → 25/09: 5.24%
3401,帝人株式会社,三菱ＵＦＪ信託銀行株式会社,2.03,24/12: 2.03% → 25/07: 2.03%,純投資,A:賛成率低下,2,4.16,4,24/12: 5.15% → 25/07: 4.16%
3401,帝人株式会社,日興アセットマネジメント株式会社,1.97,24/10: 1.94% → 25/03: 1.97%,証券投資信託及び投資一任契約において、株券等の取得・処分の権限を有するもの。,A:賛成率低下,2,5.37,2,24/10: 4.92% → 25/03: 5.37%
3401,帝人株式会社,アモーヴァ・アセットマネジメント株式会社,1.97,25/09: 1.97%,証券投資信託及び投資一任契約において、株券等の取得・処分の権限を有するもの。,A:賛成率低下,1,5.24,2,25/09: 5.24%
3401,帝人株式会社,三菱ＵＦＪアセットマネジメント株式会社,1.48,24/12: 0.98% → 25/07: 1.48%,純投資,A:賛成率低下,2,4.16,4,24/12: 5.15% → 25/07: 4.16%
3401,帝人株式会社,ゴールドマン・サックス・インターナショナル（Goldman Sachs International）,1.28,26/04: 4.31% → 26/04: 1.28%,有価証券関連業務の一部としてのトレーディング・有価証券の借入等,A:賛成率低下,2,1.74,3,26/04: 5.00% → 26/04: 1.74%
3401,帝人株式会社,株式会社三菱ＵＦＪ銀行,0.45,24/12: 1.46% → 25/07: 0.45%,政策投資,A:賛成率低下,2,4.16,4,24/12: 5.15% → 25/07: 4.16%
3401,帝人株式会社,ニッセイアセットマネジメント株式会社,0.41,24/11: 1.38% → 24/12: 1.46% → 26/03: 0.41%,証券投資信託委託契約、投資一任契約に基づく有価証券投資,A:賛成率低下,3,3.97,2,24/11: 4.94% → 24/12: 5.02% → 26/03: 3.97%
3401,帝人株式会社,ゴールドマン・サックス証券株式会社,0.41,26/04: 0.64% → 26/04: 0.41%,有価証券関連業務の一部としてのトレーディング・有価証券の借入等,A:賛成率低下,2,1.74,3,26/04: 5.00% → 26/04: 1.74%
3401,帝人株式会社,ファースト・センティア・インベスターズ・アールキューアイ・ピーティーワイ・リミテッド,0.20,24/12: 0.20% → 25/07: 0.20%,投資一任契約による純投資,A:賛成率低下,2,4.16,4,24/12: 5.15% → 25/07: 4.16%
3401,帝人株式会社,野村證券株式会社,0.07,24/01: 0.07%,証券業務に係る商品在庫、及び累積投資業務の運営目的として保有している。,A:賛成率低下,1,4.01,1,24/01: 4.01%
3401,帝人株式会社,ゴールドマン・サックス・アンド・カンパニー・エルエルシー（Goldman Sachs & Co. LLC）,0.06,26/04: 0.06% → 26/04: 0.06%,有価証券関連業務の一部としてのトレーディング・有価証券の借入等,A:賛成率低下,2,1.74,3,26/04: 5.00% → 26/04: 1.74%
3401,帝人株式会社,ノムラ　インターナショナル　ピーエルシー（ＮＯＭＵＲＡ　ＩＮＴＥＲＮＡＴＩＯＮＡＬ　ＰＬＣ）,0.05,24/01: 0.05%,証券業務に係わる商品在庫として保有している。,A:賛成率低下,1,4.01,1,24/01: 4.01%
3401,帝人株式会社,三菱ＵＦＪモルガン・スタンレー証券株式会社,0.04,24/12: 0.47% → 25/07: 0.04%,商品有価証券等として保有するもの,A:賛成率低下,2,4.16,4,24/12: 5.15% → 25/07: 4.16%
3409,株式会社北紡,PT ASIA PLASTIK VIKTORICEO HENDRA,58.01,24/07: 20.01% → 24/07: 20.33% → 24/11: 17.05% → 25/01: 65.97% → 25/05: 59.71% → 25/05: 60.41% → 25/05: 60.41% → 25/06: 60.11% → 25/06: 59.39% → 25/10: 57.26% → 25/12: 58.01%,純投資,C:会社提案否決,11,58.01,1,24/07: 20.01% → 24/07: 20.33% → 24/11: 17.05% → 25/01: 65.97% → 25/05: 59.71% → 25/05: 60.41% → 25/05: 60.41% → 25/06: 60.11% → 25/06: 59.39% → 25/10: 57.26% → 25/12: 58.01%
3409,株式会社北紡,ミツワ樹脂工業株式会社,57.35,25/01: 62.48% → 25/06: 56.27% → 25/06: 57.35%,純投資のため,C:会社提案否決,3,57.35,1,25/01: 62.48% → 25/06: 56.27% → 25/06: 57.35%
3409,株式会社北紡,ミツワ樹脂工業株式会社取締役社長　平野　正浩,54.98,25/06: 57.35% → 25/06: 56.27% → 26/03: 54.98%,純投資のため,C:会社提案否決,3,54.98,1,25/06: 57.35% → 25/06: 56.27% → 26/03: 54.98%
3409,株式会社北紡,株式会社スカイサルーントラベル代表取締役　石綿　圭汰,7.02,26/03: 7.02%,純投資,C:会社提案否決,1,7.02,1,26/03: 7.02%
3409,株式会社北紡,松井証券株式会社,4.00,25/11: 5.01% → 25/12: 4.00%,証券サービスの一環として実施している貸株サービス取引（借株）,C:会社提案否決,2,4.00,1,25/11: 5.01% → 25/12: 4.00%
3569,セーレン株式会社,三井住友ＤＳアセットマネジメント株式会社,10.48,24/03: 9.99% → 24/06: 10.48%,純投資（投資収益性を重視して行う投資）,A:賛成率低下,2,11.65,3,24/03: 10.38% → 24/06: 11.65%
3569,セーレン株式会社,アセットマネジメントOne株式会社,3.55,24/03: 3.55%,投資信託または投資一任契約に基づき投資権限を有するもの。,A:賛成率低下,1,4.35,4,24/03: 4.35%
3569,セーレン株式会社,三井住友トラスト・アセットマネジメント株式会社,2.39,24/09: 2.39%,投資信託契約、投資一任契約に基づく運用を目的として保有するもの。,A:賛成率低下,1,3.70,2,24/09: 3.70%
3569,セーレン株式会社,日興アセットマネジメント株式会社,1.31,24/09: 1.31%,証券投資信託及び投資一任契約において、株券等の取得・処分の権限を有するもの。,A:賛成率低下,1,3.70,2,24/09: 3.70%
3569,セーレン株式会社,野村アセットマネジメント株式会社,0.91,24/01: 0.85% → 24/01: 0.72% → 24/02: 0.70% → 24/03: 0.88% → 24/04: 1.91% → 24/05: 0.92% → 24/08: 0.91% → 24/08: 0.91% → 24/09: 0.91% → 24/09: 0.91%,信託財産の運用として保有している。,A:賛成率低下,10,2.13,4,24/01: 7.21% → 24/01: 8.75% → 24/02: 9.14% → 24/03: 8.61% → 24/04: 7.85% → 24/05: 7.02% → 24/08: 7.05% → 24/08: 7.21% → 24/09: 6.41% → 24/09: 2.13%
3569,セーレン株式会社,ＳＭＢＣ日興証券株式会社,0.79,24/03: 0.04% → 24/06: 0.79%,証券業務に係る一時保有のため,A:賛成率低下,2,11.65,3,24/03: 10.38% → 24/06: 11.65%
3569,セーレン株式会社,ノムラ　インターナショナル　ピーエルシー（ＮＯＭＵＲＡ　ＩＮＴＥＲＮＡＴＩＯＮＡＬ　ＰＬＣ）,0.74,24/01: -1.57% → 24/01: 0.21% → 24/02: 1.90% → 24/03: 1.40% → 24/04: 1.52% → 24/05: 1.78% → 24/08: 1.79% → 24/08: 3.29% → 24/09: 2.42% → 24/09: 0.74%,証券業務に係わる商品在庫として保有している。,A:賛成率低下,10,2.13,4,24/01: 7.21% → 24/01: 8.75% → 24/02: 9.14% → 24/03: 8.61% → 24/04: 7.85% → 24/05: 7.02% → 24/08: 7.05% → 24/08: 7.21% → 24/09: 6.41% → 24/09: 2.13%
3569,セーレン株式会社,オアシス　マネジメント　カンパニー　リミテッド（Oasis Management Company Ltd.）,0.70,24/09: 6.28% → 24/11: 6.61% → 24/11: 0.70%,ポートフォリオ投資,A:賛成率低下,3,0.70,1,24/09: 6.28% → 24/11: 6.61% → 24/11: 0.70%
3569,セーレン株式会社,野村證券株式会社,0.48,24/01: 8.56% → 24/01: 8.57% → 24/02: 7.31% → 24/03: 7.01% → 24/04: 4.90% → 24/05: 4.72% → 24/08: 4.74% → 24/08: 3.36% → 24/09: 3.36% → 24/09: 0.48%,証券業務に係る商品在庫、及び累積投資業務の運営目的として保有している。,A:賛成率低下,10,2.13,4,24/01: 7.21% → 24/01: 8.75% → 24/02: 9.14% → 24/03: 8.61% → 24/04: 7.85% → 24/05: 7.02% → 24/08: 7.05% → 24/08: 7.21% → 24/09: 6.41% → 24/09: 2.13%
3569,セーレン株式会社,みずほ証券 株式会社,0.48,24/03: 0.48%,ディーリング(短期売買)目的で保有するもの。デリバティブ取引に関連して保有するもの。レンディングその他取引に基づく一時的保有。,A:賛成率低下,1,4.35,4,24/03: 4.35%
3569,セーレン株式会社,株式会社　三井住友銀行,0.38,24/03: 0.38% → 24/06: 0.38%,政策保有目的,A:賛成率低下,2,11.65,3,24/03: 10.38% → 24/06: 11.65%
3569,セーレン株式会社,アセットマネジメントOneインターナショナル（Asset Management One International Ltd.）,0.32,24/03: 0.32%,投資信託または投資一任契約に基づき投資権限を有するもの。,A:賛成率低下,1,4.35,4,24/03: 4.35%
3569,セーレン株式会社,ノムラ　セキュリテーズ　インターナショナル（ＮＯＭＵＲＡ　ＳＥＣＵＲＩＴＩＥＳ　ＩＮＴＥＲＮＡＴＩＯＮＡＬ，Ｉｎｃ．）,0.00,24/01: 0.00% → 24/01: 0.00% → 24/02: 0.00% → 24/03: 0.00% → 24/04: 0.00% → 24/05: 0.00% → 24/08: 0.00% → 24/08: 0.00% → 24/09: 0.00% → 24/09: 0.00%,証券業務に係わる商品在庫として保有している。,A:賛成率低下,10,2.13,4,24/01: 7.21% → 24/01: 8.75% → 24/02: 9.14% → 24/03: 8.61% → 24/04: 7.85% → 24/05: 7.02% → 24/08: 7.05% → 24/08: 7.21% → 24/09: 6.41% → 24/09: 2.13%
3569,セーレン株式会社,株式会社みずほ銀行,0.00,24/03: 0.00%,,A:賛成率低下,1,4.35,4,24/03: 4.35%
3569,セーレン株式会社,みずほインターナショナル （Mizuho International plc）,0.00,24/03: 0.00%,デリバティブ取引に関連して保有するもの。,A:賛成率低下,1,4.35,4,24/03: 4.35%
3608,株式会社ＴＳＩホールディングス,みずほ信託銀行株式会社,4.77,24/02: 0.56% → 24/03: 0.56% → 26/04: 4.77%,信託財産として運用その他の信託目的に従い保有するもの。,A:賛成率低下,3,11.19,3,24/02: 7.26% → 24/03: 6.48% → 26/04: 11.19%
3608,株式会社ＴＳＩホールディングス,株式会社みずほ銀行,4.64,24/02: 4.39% → 24/03: 4.39% → 26/04: 4.64%,発行会社の要請に応え、かつ発行会社との取引関係の強化を図るもの。,A:賛成率低下,3,11.19,3,24/02: 7.26% → 24/03: 6.48% → 26/04: 11.19%
3608,株式会社ＴＳＩホールディングス,株式会社　三井住友銀行,3.45,26/05: 3.45% → 26/06: 3.45%,政策保有目的,A:賛成率低下,2,3.81,3,26/05: 5.50% → 26/06: 3.81%
3608,株式会社ＴＳＩホールディングス,有限会社三昭興産,1.98,24/07: 2.14% → 24/08: 2.14% → 24/08: 2.14% → 24/10: 1.98%,大量保有者である三宅孝彦の出資会社であり、安定株主として長期保有することを目的としております。,A:賛成率低下,4,4.67,4,24/07: 6.98% → 24/08: 5.93% → 24/08: 5.93% → 24/10: 4.67%
3608,株式会社ＴＳＩホールディングス,三宅　孝彦,1.89,24/07: 3.88% → 24/08: 2.83% → 24/08: 2.83% → 24/10: 1.89%,発行会社の元役員であり継続保有をしている。,A:賛成率低下,4,4.67,4,24/07: 6.98% → 24/08: 5.93% → 24/08: 5.93% → 24/10: 4.67%
3608,株式会社ＴＳＩホールディングス,アセットマネジメントOne株式会社,1.78,24/02: 1.54% → 24/03: 1.53% → 26/04: 1.78%,投資信託または投資一任契約に基づき投資権限を有するもの。,A:賛成率低下,3,11.19,3,24/02: 7.26% → 24/03: 6.48% → 26/04: 11.19%
3608,株式会社ＴＳＩホールディングス,株式会社テキスタイル,0.65,24/07: 0.81% → 24/08: 0.81% → 24/08: 0.81% → 24/10: 0.65%,大量保有者である三宅孝彦の出資会社であり、安定株主として長期保有することを目的としております。,A:賛成率低下,4,4.67,4,24/07: 6.98% → 24/08: 5.93% → 24/08: 5.93% → 24/10: 4.67%
3608,株式会社ＴＳＩホールディングス,アセット・バリュー・インベスターズ・リミテッド (Asset Value Investors Limited),0.26,24/05: 8.55% → 25/06: 9.59% → 25/07: 0.26%,純投資及び重要提案行為等を行うこと,A:賛成率低下,3,0.26,1,24/05: 8.55% → 25/06: 9.59% → 25/07: 0.26%
3608,株式会社ＴＳＩホールディングス,株式会社ＳＭＢＣ信託銀行,0.21,26/05: 1.90% → 26/06: 0.21%,信託契約に基づき信託財産として保有するもの,A:賛成率低下,2,3.81,3,26/05: 5.50% → 26/06: 3.81%
3608,株式会社ＴＳＩホールディングス,三宅　淳子,0.15,24/07: 0.15% → 24/08: 0.15% → 24/08: 0.15% → 24/10: 0.15%,発行会社の元役員の配偶者であり、継続保有しております。,A:賛成率低下,4,4.67,4,24/07: 6.98% → 24/08: 5.93% → 24/08: 5.93% → 24/10: 4.67%
3608,株式会社ＴＳＩホールディングス,三井住友ＤＳアセットマネジメント株式会社,0.15,26/05: 0.15% → 26/06: 0.15%,純投資（投資収益性を重視して行う投資）,A:賛成率低下,2,3.81,3,26/05: 5.50% → 26/06: 3.81%
3608,株式会社ＴＳＩホールディングス,みずほ証券 株式会社,0.07,24/02: 0.78% → 24/03: 0.07%,ディーリング(短期売買)目的で保有するもの。,A:賛成率低下,2,6.48,3,24/02: 7.26% → 24/03: 6.48%
3635,株式会社コーエーテクモホールディングス,株式会社光優ホールディングス,51.52,24/04: 51.19% → 24/05: 51.30% → 24/07: 52.32% → 24/08: 53.32% → 25/09: 51.52%,株式会社コーエーテクモホールディングスの代表取締役会長　襟川陽一及び取締役名誉会長　襟川恵子の財産保全会社であり、安定株主として経営権を維持するために保有しております。,A:賛成率低下,5,52.74,5,24/04: 52.40% → 24/05: 52.50% → 24/07: 53.53% → 24/08: 54.53% → 25/09: 52.74%
3635,株式会社コーエーテクモホールディングス,アヤル・ファースト・インベストメント・カンパニー（Ayar First Investment Company）,9.30,26/01: 9.30%,純投資,A:賛成率低下,1,9.30,1,26/01: 9.30%
3635,株式会社コーエーテクモホールディングス,環境科学株式会社,6.44,25/09: 6.44%,安定株主として保有する株式については長期に保有する。,A:賛成率低下,1,7.72,7,25/09: 7.72%
3635,株式会社コーエーテクモホールディングス,みずほ証券 株式会社,1.03,24/01: 7.04% → 24/01: 7.08% → 24/02: 7.05% → 24/04: 1.02% → 24/04: 6.99% → 24/05: 6.99% → 24/06: 1.03%,ディーリング(短期売買)目的で保有するもの。デリバティブ取引に関連して保有するもの。レンディングその他取引に基づく一時的保有。,A:賛成率低下,7,2.04,3,24/01: 7.96% → 24/01: 8.00% → 24/02: 7.95% → 24/04: 1.89% → 24/04: 7.86% → 24/05: 8.14% → 24/06: 2.04%
3635,株式会社コーエーテクモホールディングス,アセットマネジメントOne株式会社,1.01,24/01: 0.92% → 24/01: 0.92% → 24/02: 0.90% → 24/04: 0.87% → 24/04: 0.86% → 24/05: 1.15% → 24/06: 1.01%,投資信託または投資一任契約に基づき投資権限を有するもの。,A:賛成率低下,7,2.04,3,24/01: 7.96% → 24/01: 8.00% → 24/02: 7.95% → 24/04: 1.89% → 24/04: 7.86% → 24/05: 8.14% → 24/06: 2.04%
3635,株式会社コーエーテクモホールディングス,襟川　芽衣,0.60,24/04: 0.60% → 24/05: 0.60% → 24/07: 0.60% → 24/08: 0.60% → 25/09: 0.60%,株式会社コーエーテクモホールディングスの代表取締役会長　襟川陽一、取締役名誉会長　襟川恵子の家族（長女）として、また安定株主として株式を保有しております。,A:賛成率低下,5,52.74,5,24/04: 52.40% → 24/05: 52.50% → 24/07: 53.53% → 24/08: 54.53% → 25/09: 52.74%
3635,株式会社コーエーテクモホールディングス,襟川　亜衣,0.60,24/04: 0.60% → 24/05: 0.60% → 24/07: 0.60% → 24/08: 0.60% → 25/09: 0.60%,株式会社コーエーテクモホールディングスの代表取締役会長　襟川陽一、取締役名誉会長　襟川恵子の家族（次女）として、また安定株主として株式を保有しております。,A:賛成率低下,5,52.74,5,24/04: 52.40% → 24/05: 52.50% → 24/07: 53.53% → 24/08: 54.53% → 25/09: 52.74%
3635,株式会社コーエーテクモホールディングス,柿原　康晴,0.36,25/09: 0.36%,安定株主として保有する株式については長期に保有する。,A:賛成率低下,1,7.72,7,25/09: 7.72%
3635,株式会社コーエーテクモホールディングス,株式会社清晨舘,0.33,25/09: 0.33%,安定株主として保有する株式については長期に保有する。,A:賛成率低下,1,7.72,7,25/09: 7.72%
3635,株式会社コーエーテクモホールディングス,株式会社静文館,0.30,25/09: 0.30%,安定株主として保有する株式については長期に保有する。,A:賛成率低下,1,7.72,7,25/09: 7.72%
3635,株式会社コーエーテクモホールディングス,柿原　健晴,0.18,25/09: 0.18%,安定株主として保有する株式については長期に保有する。,A:賛成率低下,1,7.72,7,25/09: 7.72%
3635,株式会社コーエーテクモホールディングス,株式会社青悠社,0.09,25/09: 0.09%,安定株主として保有する株式については長期に保有する。,A:賛成率低下,1,7.72,7,25/09: 7.72%
3635,株式会社コーエーテクモホールディングス,襟川　陽一,0.02,24/04: 0.02% → 24/05: 0.02% → 24/07: 0.02% → 24/08: 0.02% → 25/09: 0.02%,発行会社設立時より経営参加を目的として株式を保有しております。,A:賛成率低下,5,52.74,5,24/04: 52.40% → 24/05: 52.50% → 24/07: 53.53% → 24/08: 54.53% → 25/09: 52.74%
3635,株式会社コーエーテクモホールディングス,襟川　恵子,0.02,24/04: 0.01% → 24/05: 0.01% → 24/07: 0.01% → 24/08: 0.01% → 25/09: 0.02%,発行会社設立時より経営参加を目的として株式を保有しております。,A:賛成率低下,5,52.74,5,24/04: 52.40% → 24/05: 52.50% → 24/07: 53.53% → 24/08: 54.53% → 25/09: 52.74%
3635,株式会社コーエーテクモホールディングス,柿原　孝典,0.02,25/09: 0.02%,安定株主として保有する株式については長期に保有する。,A:賛成率低下,1,7.72,7,25/09: 7.72%
3635,株式会社コーエーテクモホールディングス,パブリック・インベストメント・ファンド（Public Investment Fund）,0.00,24/01: 6.60% → 24/02: 7.66% → 24/03: 8.97% → 26/01: 0.00%,純投資,A:賛成率低下,4,0.00,1,24/01: 6.60% → 24/02: 7.66% → 24/03: 8.97% → 26/01: 0.00%
3635,株式会社コーエーテクモホールディングス,みずほインターナショナル （Mizuho International plc）,0.00,24/01: 0.00% → 24/01: 0.00% → 24/02: 0.00% → 24/04: 0.00% → 24/04: 0.00% → 24/05: 0.00% → 24/06: 0.00%,デリバティブ取引に関連して保有するもの。,A:賛成率低下,7,2.04,3,24/01: 7.96% → 24/01: 8.00% → 24/02: 7.95% → 24/04: 1.89% → 24/04: 7.86% → 24/05: 8.14% → 24/06: 2.04%
3661,株式会社エムアップホールディングス,美藤　宏一郎,11.99,25/02: 13.00% → 25/08: 11.99%,発行会社の代表取締役であり、経営の安定化を図るために保有しております。,A:賛成率低下 + C:会社提案否決,2,11.99,1,25/02: 13.00% → 25/08: 11.99%
3661,株式会社エムアップホールディングス,アセットマネジメントOne株式会社,4.51,24/09: 5.20% → 25/04: 6.21% → 25/10: 7.23% → 26/03: 5.90% → 26/06: 4.51%,・投資信託または投資一任契約に基づき投資権限を有するもの,A:賛成率低下 + C:会社提案否決,5,4.51,1,24/09: 5.20% → 25/04: 6.21% → 25/10: 7.23% → 26/03: 5.90% → 26/06: 4.51%
3661,株式会社エムアップホールディングス,JPモルガン証券株式会社,3.54,26/04: 4.58% → 26/05: 3.54%,証券業務を営む上で、本件株式に投資している。,A:賛成率低下 + C:会社提案否決,2,3.68,3,26/04: 5.11% → 26/05: 3.68%
3661,株式会社エムアップホールディングス,ニュートン・インベストメント・マネジメント・ジャパン株式会社,3.38,24/05: 8.08% → 25/03: 6.74% → 25/04: 5.19% → 25/07: 3.38%,投資一任契約による顧客の資産運用,A:賛成率低下 + C:会社提案否決,4,3.38,1,24/05: 8.08% → 25/03: 6.74% → 25/04: 5.19% → 25/07: 3.38%
3661,株式会社エムアップホールディングス,日興アセットマネジメント株式会社,3.34,25/07: 3.34%,証券投資信託及び投資一任契約において、株券等の取得・処分の権限を有するもの。,A:賛成率低下 + C:会社提案否決,1,5.02,2,25/07: 5.02%
3661,株式会社エムアップホールディングス,野村アセットマネジメント株式会社,3.10,24/08: 3.11% → 24/12: 3.10%,信託財産の運用として保有している。,A:賛成率低下 + C:会社提案否決,2,4.17,2,24/08: 5.18% → 24/12: 4.17%
3661,株式会社エムアップホールディングス,アモーヴァ・アセットマネジメント株式会社,2.60,25/09: 2.86% → 25/10: 3.67% → 25/11: 4.69% → 26/06: 4.21% → 26/07: 2.60%,証券投資信託及び投資一任契約において、株券等の取得・処分の権限を有するもの。,A:賛成率低下 + C:会社提案否決,5,4.39,2,25/09: 4.50% → 25/10: 5.99% → 25/11: 7.08% → 26/06: 6.04% → 26/07: 4.39%
3661,株式会社エムアップホールディングス,モルガン・スタンレーＭＵＦＧ証券株式会社,2.33,26/06: 3.04% → 26/07: 2.33%,証券業務等にかかる保有,A:賛成率低下 + C:会社提案否決,2,4.49,4,26/06: 5.35% → 26/07: 4.49%
3661,株式会社エムアップホールディングス,エフエムアール エルエルシー（FMR LLC）,2.15,25/06: 5.07% → 26/03: 2.15% → 26/06: 5.07% → 26/06: 2.15%,顧客の財産を信託証書および契約等に基づき運用するために保有。しかしながら、当該保有証券の名義人は弊社ではなく、顧客の選択した銀行（カストディアンバンク）等になります。,A:賛成率低下 + C:会社提案否決,4,2.15,1,25/06: 5.07% → 26/03: 2.15% → 26/06: 5.07% → 26/06: 2.15%
3661,株式会社エムアップホールディングス,フィデリティ投信株式会社,2.04,24/01: 8.18% → 24/11: 7.09% → 25/02: 5.92% → 25/04: 4.88% → 25/07: 5.34% → 25/11: 4.22% → 26/01: 5.10% → 26/03: 6.13% → 26/06: 2.04%,顧客の財産を投資信託約款および投資一任契約等に基づき運用するために保有。しかしながら、当該保有証券の名義人は弊社ではなく、顧客の選択した銀行等（カストディアンバンク又は信託銀行等）になります。,A:賛成率低下 + C:会社提案否決,9,2.04,1,24/01: 8.18% → 24/11: 7.09% → 25/02: 5.92% → 25/04: 4.88% → 25/07: 5.34% → 25/11: 4.22% → 26/01: 5.10% → 26/03: 6.13% → 26/06: 2.04%
3661,株式会社エムアップホールディングス,三井住友トラスト・アセットマネジメント株式会社,1.79,25/07: 1.68% → 25/09: 1.65% → 25/10: 2.32% → 25/11: 2.39% → 26/06: 1.83% → 26/07: 1.79%,投資信託契約、投資一任契約に基づく運用を目的として保有するもの。,A:賛成率低下 + C:会社提案否決,6,4.39,2,25/07: 5.02% → 25/09: 4.50% → 25/10: 5.99% → 25/11: 7.08% → 26/06: 6.04% → 26/07: 4.39%
3661,株式会社エムアップホールディングス,モルガン・スタンレー・キャピタル・サービセズ・エルエルシー(Morgan Stanley Capital Services LLC),1.38,26/06: 1.38% → 26/07: 1.38%,デリバティブ業務にかかる保有,A:賛成率低下 + C:会社提案否決,2,4.49,4,26/06: 5.35% → 26/07: 4.49%
3661,株式会社エムアップホールディングス,フィデリティ　マネジメント　アンド　リサーチ　カンパニー　エルエルシー (Fidelity Management & Research Company LLC),1.22,26/06: 3.10% → 26/06: 1.22%,当該有価証券は、グループの資産運用および管理機能に関連して保有されているものです。,A:賛成率低下 + C:会社提案否決,2,2.15,2,26/06: 5.07% → 26/06: 2.15%
3661,株式会社エムアップホールディングス,ノムラ　インターナショナル　ピーエルシー（ＮＯＭＵＲＡ　ＩＮＴＥＲＮＡＴＩＯＮＡＬ　ＰＬＣ）,1.07,24/08: 2.07% → 24/12: 1.07%,証券業務に係わる商品在庫として保有している。,A:賛成率低下 + C:会社提案否決,2,4.17,2,24/08: 5.18% → 24/12: 4.17%
3661,株式会社エムアップホールディングス,エフエムアール　インベストメント　マネジメント　ユーケー　リミテッド (FMR Investment Management (UK) Limited),0.93,26/06: 1.30% → 26/06: 0.93%,当社は自己の投資目的で有価証券を保有していません。記録上の有価証券は関連会社の事務・運営目的のためであり、投資目的ではありません。,A:賛成率低下 + C:会社提案否決,2,2.15,2,26/06: 5.07% → 26/06: 2.15%
3661,株式会社エムアップホールディングス,モルガン・スタンレー・アンド・カンパニー・インターナショナル・ピーエルシー(Morgan Stanley & Co. International plc),0.73,26/06: 0.88% → 26/07: 0.73%,証券業務等にかかる保有,A:賛成率低下 + C:会社提案否決,2,4.49,4,26/06: 5.35% → 26/07: 4.49%
3661,株式会社エムアップホールディングス,フィデリティ・マネジメント・アンド・リサーチ・ジャパン株式会社,0.68,26/06: 0.68%,当社は自己の投資目的で有価証券を保有していません。記録上の有価証券は関連会社の事務・運営目的のためであり、投資目的ではありません。,A:賛成率低下 + C:会社提案否決,1,5.07,3,26/06: 5.07%
3661,株式会社エムアップホールディングス,ジェー・ピー・モルガン・セキュリティーズ・エルエルシー　（J.P. Morgan Securities LLC),0.12,26/04: 0.40% → 26/05: 0.12%,有価証券関連業務の一部としてのトレーディング等を目的として保有している。,A:賛成率低下 + C:会社提案否決,2,3.68,3,26/04: 5.11% → 26/05: 3.68%
3661,株式会社エムアップホールディングス,モルガン・スタンレー・アンド・カンパニー・エルエルシー(Morgan Stanley & Co. LLC),0.05,26/06: 0.05% → 26/07: 0.05%,証券業務等にかかる保有,A:賛成率低下 + C:会社提案否決,2,4.49,4,26/06: 5.35% → 26/07: 4.49%
3661,株式会社エムアップホールディングス,ジェー・ピー・モルガン・セキュリティーズ・ピーエルシー (J.P. Morgan Securities plc),0.01,26/04: 0.12% → 26/05: 0.01%,証券業務及び銀行業等の為に保有をしている。,A:賛成率低下 + C:会社提案否決,2,3.68,3,26/04: 5.11% → 26/05: 3.68%
3678,株式会社メディアドゥ,藤田　恭嗣,16.31,24/01: 16.31% → 24/01: 16.31%,発行会社の創業者かつ代表取締役社長であり、安定株主として長期保有するためであります。,A:賛成率低下,2,27.76,2,24/01: 27.76% → 24/01: 27.76%
3678,株式会社メディアドゥ,株式会社ＦＩＢＣ,11.44,24/01: 11.44% → 24/01: 11.44%,株式会社ＦＩＢＣは発行会社の代表取締役が出資する資産管理会社であり、安定株主として長期保有することを目的としております。,A:賛成率低下,2,27.76,2,24/01: 27.76% → 24/01: 27.76%
3678,株式会社メディアドゥ,光通信株式会社,8.42,24/03: 5.03% → 24/04: 6.10% → 24/04: 7.19% → 24/05: 7.58% → 24/07: 7.56% → 24/08: 7.56% → 24/08: 7.56% → 24/12: 7.56% → 25/04: 7.56% → 25/07: 7.54% → 25/09: 7.54% → 25/09: 7.54% → 25/10: 7.54% → 25/11: 7.54% → 25/12: 7.64% → 26/04: 8.42%,純投資,A:賛成率低下,16,19.27,4,24/03: 5.03% → 24/04: 6.10% → 24/04: 7.19% → 24/05: 8.36% → 24/07: 9.71% → 24/08: 10.74% → 24/08: 11.77% → 24/12: 12.84% → 25/04: 13.98% → 25/07: 15.00% → 25/09: 16.08% → 25/09: 16.26% → 25/10: 17.44% → 25/11: 18.48% → 25/12: 19.51% → 26/04: 19.27%
3678,株式会社メディアドゥ,株式会社ＵＨ　Ｐａｒｔｎｅｒｓ　２,7.46,24/05: 0.78% → 24/07: 2.15% → 24/08: 3.18% → 24/08: 4.22% → 24/12: 5.28% → 25/04: 6.42% → 25/07: 7.46% → 25/09: 7.46% → 25/09: 7.46% → 25/10: 7.46% → 25/11: 7.46% → 25/12: 7.46% → 26/04: 7.46%,純投資,A:賛成率低下,13,19.27,4,24/05: 8.36% → 24/07: 9.71% → 24/08: 10.74% → 24/08: 11.77% → 24/12: 12.84% → 25/04: 13.98% → 25/07: 15.00% → 25/09: 16.08% → 25/09: 16.26% → 25/10: 17.44% → 25/11: 18.48% → 25/12: 19.51% → 26/04: 19.27%
3678,株式会社メディアドゥ,株式会社ＵＨ　Ｐａｒｔｎｅｒｓ　３,3.16,25/09: 1.08% → 25/09: 1.26% → 25/10: 2.21% → 25/11: 3.25% → 25/12: 4.19% → 26/04: 3.16%,純投資,A:賛成率低下,6,19.27,4,25/09: 16.08% → 25/09: 16.26% → 25/10: 17.44% → 25/11: 18.48% → 25/12: 19.51% → 26/04: 19.27%
3678,株式会社メディアドゥ,株式会社ＵＨ５,0.23,25/10: 0.23% → 25/11: 0.23% → 25/12: 0.23% → 26/04: 0.23%,純投資,A:賛成率低下,4,19.27,4,25/10: 17.44% → 25/11: 18.48% → 25/12: 19.51% → 26/04: 19.27%
3778,さくらインターネット株式会社,双日株式会社,25.27,24/06: 28.14% → 26/03: 14.24% → 26/03: 25.27%,双日グループとの取引安定目的,A:賛成率低下,3,25.27,1,24/06: 28.14% → 26/03: 14.24% → 26/03: 25.27%
3778,さくらインターネット株式会社,株式会社田中邦裕事務所,10.72,24/06: 11.93% → 24/06: 11.93% → 26/08: 10.72%,発行会社の代表取締役の資産管理会社として、経営安定のため、長期保有を目的としております。,A:賛成率低下,3,13.38,3,24/06: 14.72% → 24/06: 14.89% → 26/08: 13.38%
3778,さくらインターネット株式会社,田中邦裕,2.57,24/06: 2.85% → 24/06: 2.68% → 26/08: 2.57%,発行会社の創業者であり、経営参加を目的とした安定株主として保有しております。,A:賛成率低下,3,13.38,3,24/06: 14.89% → 24/06: 14.72% → 26/08: 13.38%
3778,さくらインターネット株式会社,野村證券株式会社,2.31,24/11: 3.05% → 24/11: 1.71% → 26/07: 1.83% → 26/07: 2.35% → 26/08: 2.31%,証券業務に係る商品在庫、及び累積投資業務の運営目的として保有している。,A:賛成率低下,5,5.45,3,24/11: 5.13% → 24/11: 3.95% → 26/07: 5.04% → 26/07: 5.11% → 26/08: 5.45%
3778,さくらインターネット株式会社,野村アセットマネジメント株式会社,2.09,24/11: 2.09% → 24/11: 2.09% → 26/07: 2.10% → 26/07: 2.09% → 26/08: 2.09%,信託財産の運用として保有している。,A:賛成率低下,5,5.45,3,24/11: 5.13% → 24/11: 3.95% → 26/07: 5.04% → 26/07: 5.11% → 26/08: 5.45%
3778,さくらインターネット株式会社,モルガン・スタンレーＭＵＦＧ証券株式会社,1.85,24/05: 2.03% → 24/05: 1.85%,証券業務等にかかる保有,A:賛成率低下,2,4.13,3,24/05: 5.35% → 24/05: 4.13%
3778,さくらインターネット株式会社,モルガン・スタンレー・アンド・カンパニー・インターナショナル・ピーエルシー(Morgan Stanley & Co. International plc),1.30,24/05: 2.32% → 24/05: 1.30%,証券業務等にかかる保有,A:賛成率低下,2,4.13,3,24/05: 5.35% → 24/05: 4.13%
3778,さくらインターネット株式会社,オービス・インベストメント・マネジメント・リミテッド（Orbis Investment Management Limited）,1.16,25/11: 5.30% → 25/12: 6.46% → 26/02: 1.16%,当社の管理下にあるファンドの資産運用のための投資,A:賛成率低下,3,1.16,1,25/11: 5.30% → 25/12: 6.46% → 26/02: 1.16%
3778,さくらインターネット株式会社,ノムラ　インターナショナル　ピーエルシー（ＮＯＭＵＲＡ　ＩＮＴＥＲＮＡＴＩＯＮＡＬ　ＰＬＣ）,1.05,24/11: 0.15% → 26/07: 1.11% → 26/07: 0.67% → 26/08: 1.05%,証券業務に係わる商品在庫として保有している。,A:賛成率低下,4,5.45,3,24/11: 3.95% → 26/07: 5.04% → 26/07: 5.11% → 26/08: 5.45%
3778,さくらインターネット株式会社,モルガン・スタンレー・アンド・カンパニー・エルエルシー(Morgan Stanley & Co. LLC),0.97,24/05: 0.99% → 24/05: 0.97%,証券業務等にかかる保有,A:賛成率低下,2,4.13,3,24/05: 5.35% → 24/05: 4.13%
3778,さくらインターネット株式会社,株式会社　三井住友銀行,0.33,24/07: 0.33% → 24/08: 0.33%,借株（現金担保付株式貸借取引）による保有,A:賛成率低下,2,0.54,2,24/07: 8.12% → 24/08: 0.54%
3778,さくらインターネット株式会社,ＳＭＢＣ日興証券株式会社,0.22,24/07: 7.80% → 24/08: 0.22%,証券業務に係る一時保有のため,A:賛成率低下,2,0.54,2,24/07: 8.12% → 24/08: 0.54%
3778,さくらインターネット株式会社,田中紀美,0.10,24/06: 0.11% → 24/06: 0.11% → 26/08: 0.10%,発行会社の創業者 田中邦裕の配偶者であり、安定株主として保有しております。,A:賛成率低下,3,13.38,3,24/06: 14.89% → 24/06: 14.72% → 26/08: 13.38%
3803,イメージ情報開発株式会社,サイブリッジ合同会社,38.49,26/02: 38.49%,発行者の株式を保有し資本関係を構築した上で、両者が保有する事業基盤やテクノロジーを活かして事業シナジーを創出し、企業価値及び株主価値の最大化を図ること（発行者への役員の派遣その他状況に応じた重要提案行為等の実施を含みます。）,A:賛成率低下,1,38.49,1,26/02: 38.49%
3803,イメージ情報開発株式会社,株式会社イメージ企画,18.10,26/03: 18.10%,発行会社の創業者一族の資産管理,A:賛成率低下,1,18.10,1,26/03: 18.10%
3803,イメージ情報開発株式会社,株式会社ミヤマ代表取締役　須藤  信由,8.61,25/08: 8.61%,純投資,A:賛成率低下,1,8.61,1,25/08: 8.61%
3803,イメージ情報開発株式会社,株式会社ＮＢＩ,5.91,26/03: 5.91%,経営権の維持,A:賛成率低下,1,7.49,2,26/03: 7.49%
3803,イメージ情報開発株式会社,代永衛,5.31,25/08: 8.31% → 25/08: 7.57% → 25/08: 7.57% → 25/08: 7.19% → 25/08: 6.90% → 25/08: 6.90% → 25/09: 6.62% → 25/09: 5.91% → 25/10: 5.60% → 25/10: 5.60% → 25/10: 5.31%,純投資,A:賛成率低下,11,6.93,2,25/08: 15.77% → 25/08: 13.61% → 25/08: 13.61% → 25/08: 12.45% → 25/08: 11.39% → 25/08: 11.39% → 25/09: 10.38% → 25/09: 9.00% → 25/10: 7.96% → 25/10: 7.96% → 25/10: 6.93%
3803,イメージ情報開発株式会社,株式会社ミヤマ,4.81,24/01: 9.62% → 24/01: 9.62% → 25/08: 9.62% → 25/09: 8.61% → 25/09: 8.61% → 25/09: 7.46% → 25/09: 4.81% → 25/09: 8.61% → 25/09: 8.61% → 25/09: 8.61% → 25/09: 7.46% → 25/09: 4.81% → 25/09: 7.46% → 25/09: 4.81% → 25/09: 7.46% → 25/09: 4.81%,純投資,A:賛成率低下,16,4.81,1,24/01: 9.62% → 24/01: 9.62% → 25/08: 9.62% → 25/09: 8.61% → 25/09: 8.61% → 25/09: 7.46% → 25/09: 4.81% → 25/09: 8.61% → 25/09: 8.61% → 25/09: 8.61% → 25/09: 7.46% → 25/09: 4.81% → 25/09: 7.46% → 25/09: 4.81% → 25/09: 7.46% → 25/09: 4.81%
3803,イメージ情報開発株式会社,代永　英子,1.63,25/08: 7.46% → 25/08: 6.04% → 25/08: 6.04% → 25/08: 5.26% → 25/08: 4.49% → 25/08: 4.49% → 25/09: 3.77% → 25/09: 3.10% → 25/10: 2.36% → 25/10: 2.36% → 25/10: 1.63%,純投資,A:賛成率低下,11,6.93,2,25/08: 15.77% → 25/08: 13.61% → 25/08: 13.61% → 25/08: 12.45% → 25/08: 11.39% → 25/08: 11.39% → 25/09: 10.38% → 25/09: 9.00% → 25/10: 7.96% → 25/10: 7.96% → 25/10: 6.93%
3803,イメージ情報開発株式会社,代永拓史,1.57,26/03: 1.57%,経営権の維持,A:賛成率低下,1,7.49,2,26/03: 7.49%
3803,イメージ情報開発株式会社,中村　義巳,0.00,24/02: 0.00%,純投資,A:賛成率低下,1,0.00,1,24/02: 0.00%
3803,イメージ情報開発株式会社,株式会社ＪＢＦアドバイザリー,0.00,26/03: 4.81% → 26/03: 5.91% → 26/03: 21.70% → 26/03: 20.60% → 26/03: 18.61% → 26/03: 18.59% → 26/03: 20.63% → 26/03: 24.01% → 26/03: 22.65% → 26/03: 21.54% → 26/03: 20.43% → 26/03: 0.00% → 26/04: 21.54% → 26/04: 20.43% → 26/04: 20.63% → 26/04: 22.65% → 26/04: 21.54% → 26/04: 21.70% → 26/04: 24.01% → 26/04: 0.00% → 26/04: 18.59% → 26/04: 0.00%,純投資,A:賛成率低下,22,0.00,1,26/03: 4.81% → 26/03: 5.91% → 26/03: 21.70% → 26/03: 20.60% → 26/03: 18.61% → 26/03: 18.59% → 26/03: 20.63% → 26/03: 24.01% → 26/03: 22.65% → 26/03: 21.54% → 26/03: 20.43% → 26/03: 0.00% → 26/04: 21.54% → 26/04: 20.43% → 26/04: 20.63% → 26/04: 22.65% → 26/04: 21.54% → 26/04: 21.70% → 26/04: 24.01% → 26/04: 0.00% → 26/04: 18.59% → 26/04: 0.00%
3837,アドソル日進株式会社,エフエムアール エルエルシー（FMR LLC）,5.24,25/11: 5.24% → 26/06: 5.24%,顧客の財産を信託証書および契約等に基づき運用するために保有。しかしながら、当該保有証券の名義人は弊社ではなく、顧客の選択した銀行（カストディアンバンク）等になります。,C:会社提案否決,2,5.24,1,25/11: 5.24% → 26/06: 5.24%
3837,アドソル日進株式会社,東京海上アセットマネジメント株式会社,4.71,24/02: 5.79% → 24/04: 4.71%,純投資,C:会社提案否決,2,4.71,1,24/02: 5.79% → 24/04: 4.71%
3837,アドソル日進株式会社,エフアイエーエム　エルエルシー (FIAM LLC),2.21,26/06: 2.21%,当該有価証券は、当社の投資運用および資産管理機能に関連して保有されています。,C:会社提案否決,1,5.24,3,26/06: 5.24%
3837,アドソル日進株式会社,フィデリティ　マネジメント　アンド　リサーチ　カンパニー　エルエルシー (Fidelity Management & Research Company LLC),1.87,26/06: 1.87%,当該有価証券は、グループの資産運用および管理機能に関連して保有されているものです。,C:会社提案否決,1,5.24,3,26/06: 5.24%
3837,アドソル日進株式会社,フィデリティ・マネジメント・アンド・リサーチ・ジャパン株式会社,1.16,26/06: 1.16%,当社は自己の投資目的で有価証券を保有していません。記録上の有価証券は関連会社の事務・運営目的のためであり、投資目的ではありません。,C:会社提案否決,1,5.24,3,26/06: 5.24%
3837,アドソル日進株式会社,日本プロセス株式会社,0.00,25/02: 0.00%,,C:会社提案否決,1,0.00,1,25/02: 0.00%
3880,大王製紙株式会社,北越コーポレーション株式会社,18.10,24/07: 24.61% → 26/03: 18.10%,発行者との戦略的業務提携,A:賛成率低下 + C:会社提案否決,2,18.10,2,24/07: 24.61% → 26/03: 18.10%
3880,大王製紙株式会社,大王海運株式会社,6.60,26/06: 6.60%,政策投資,A:賛成率低下 + C:会社提案否決,1,6.60,1,26/06: 6.60%
3880,大王製紙株式会社,北越紙販売株式会社,0.01,24/07: 0.01% → 26/03: 0.01%,発行者との戦略的業務提携,A:賛成率低下 + C:会社提案否決,2,18.10,2,24/07: 24.61% → 26/03: 18.10%
3932,株式会社アカツキ,香田　哲朗,13.38,24/10: 13.38% → 24/10: 13.38% → 26/06: 13.38%,発行会社の取締役であり、安定株主として株式を保有しております。,A:賛成率低下,3,20.68,2,24/10: 20.69% → 24/10: 20.69% → 26/06: 20.68%
3932,株式会社アカツキ,株式会社Owl Age,7.58,24/10: 7.58% → 24/10: 7.58% → 26/06: 7.58%,発行会社の取締役の出資会社であり、安定株主として株式を保有しております。,A:賛成率低下,3,20.68,2,24/10: 20.69% → 24/10: 20.69% → 26/06: 20.68%
3932,株式会社アカツキ,株式会社サンクピア,6.85,24/03: 6.85% → 24/03: 6.85%,発行会社の創業者の出資会社であり、安定株主として株式を保有しております。,A:賛成率低下,2,9.88,2,24/03: 9.88% → 24/03: 9.88%
3932,株式会社アカツキ,"ブランデス・インベストメント・パートナーズ・エル・ピー(Brandes Investment Partners, L.P.)",5.22,26/02: 5.22%,投資目的による顧客に代理しての取得,A:賛成率低下,1,5.22,1,26/02: 5.22%
3932,株式会社アカツキ,塩田元規,3.07,24/03: 3.07% → 24/03: 3.07%,発行会社の創業者であり、安定株主として株式を保有しております。,A:賛成率低下,2,9.88,2,24/03: 9.88% → 24/03: 9.88%
3932,株式会社アカツキ,ソニーグループ株式会社,0.96,24/01: 9.87% → 26/05: 0.96%,発行者との資本業務提携を目的とした保有,A:賛成率低下,2,0.96,1,24/01: 9.87% → 26/05: 0.96%
3932,株式会社アカツキ,株式会社コーエーテクモホールディングス,0.00,24/01: 7.97% → 26/05: 0.00%,発行者との資本業務提携のため,A:賛成率低下,2,0.00,1,24/01: 7.97% → 26/05: 0.00%
3963,株式会社シンクロ・フード,アセット・バリュー・インベスターズ・リミテッド (Asset Value Investors Limited),27.68,25/03: 5.18% → 25/04: 6.74% → 25/04: 8.52% → 25/04: 10.06% → 25/05: 11.31% → 25/05: 12.81% → 25/06: 14.13% → 25/06: 15.21% → 25/07: 16.28% → 25/09: 17.29% → 25/09: 18.42% → 25/10: 19.52% → 25/11: 20.52% → 25/12: 23.27% → 25/12: 25.67% → 25/12: 26.68% → 26/05: 27.68% → 26/05: 27.68%,提出者の保有目的は純投資であり、発行者の持続的な企業価値の向上に必要であると判断した場合には以下の重要提案行為等を行う可能性がある。・重要な財産の処分又は譲受け・代表取締役の選定若しくは解職又は執行役員の選任若しくは解任・特定の者の役員への選任・役員の構成の重要な変更・株式交換、株式移転、株式交付、会社の分割又は合併・その発行する有価証券の取引所金融商品市場における上場の廃止・事業の全部又は一部の譲渡、譲受け、休止又は廃止・配当に関する方針の重要な変更・資本政策に関する重要な変更 これら以外の重要提案行為等の具体的な内容、時期及び条件については未定である。,A:賛成率低下 + B:新規株主提案 + C:会社提案否決,18,27.68,1,25/03: 5.18% → 25/04: 6.74% → 25/04: 8.52% → 25/04: 10.06% → 25/05: 11.31% → 25/05: 12.81% → 25/06: 14.13% → 25/06: 15.21% → 25/07: 16.28% → 25/09: 17.29% → 25/09: 18.42% → 25/10: 19.52% → 25/11: 20.52% → 25/12: 23.27% → 25/12: 25.67% → 25/12: 26.68% → 26/05: 27.68% → 26/05: 27.68%
3963,株式会社シンクロ・フード,リム・アドバイザーズ・リミテッド（ＬＩＭ　Ａｄｖｉｓｏｒｓ　Ｌｉｍｉｔｅｄ）,13.12,25/02: 6.04% → 25/02: 8.10% → 25/03: 9.99% → 25/03: 12.12% → 25/05: 13.48% → 26/05: 13.12% → 26/05: 13.12%,純投資及び重要提案行為等提出者は、2026年4月22日に、発行者の第23回定時株主総会につき、下記の事項を議題とする株主提案を行った。(1) 取締役2名選任の件細川健氏及び武藤竜弘氏を取締役に選任することを内容とする議案である。(2) 定款一部変更（取締役の員数の上限の増加）の件発行者の取締役の員数の上限を7名以内から9名以内に増加するように定款を変更することを内容とする議案である。(3) 定款一部変更（戦略検討委員会の設置）の件経営陣から独立した立場で株主共同の利益の最大化を図るためにとり得る戦略的選択肢について検討を行うこと等を職務とする戦略検討委員会を発行者に設置することを内容とする議案である。提出者は、2026年5月25日に、発行者に対して、社外取締役である松崎良太氏及び永井美保子氏の取締役退任を求めた。松崎良太氏及び永井美保子氏が取締役から退任しない場合、提出者は、発行者に対して、松崎良太氏及び永井美保子氏の取締役解任を内容とする議案を株主総会の目的事項とする臨時株主総会を招集請求する可能性がある。臨時株主総会の招集請求を行う具体的な時期は未定である。,A:賛成率低下 + B:新規株主提案 + C:会社提案否決,7,13.12,1,25/02: 6.04% → 25/02: 8.10% → 25/03: 9.99% → 25/03: 12.12% → 25/05: 13.48% → 26/05: 13.12% → 26/05: 13.12%
3963,株式会社シンクロ・フード,"ブイアイエス・アドバイザーズ・エルピー（VIS Advisors,LP）",9.89,24/01: 6.14% → 24/02: 7.23% → 24/02: 7.23% → 24/04: 8.29% → 25/01: 9.94% → 25/01: 11.02% → 25/05: 9.84% → 25/05: 9.89%,純投資,A:賛成率低下 + B:新規株主提案 + C:会社提案否決,8,9.89,1,24/01: 6.14% → 24/02: 7.23% → 24/02: 7.23% → 24/04: 8.29% → 25/01: 9.94% → 25/01: 11.02% → 25/05: 9.84% → 25/05: 9.89%
3963,株式会社シンクロ・フード,エイトクラウズ株式会社,9.27,24/12: 9.95% → 24/12: 10.04% → 24/12: 9.95% → 24/12: 10.04% → 25/01: 9.27% → 25/01: 9.27% → 25/01: 9.27%,発行会社の代表取締役の資産管理会社であり、安定株主として株式を保有しております。,A:賛成率低下 + B:新規株主提案 + C:会社提案否決,7,15.71,2,24/12: 43.41% → 24/12: 43.78% → 24/12: 43.41% → 24/12: 43.78% → 25/01: 19.83% → 25/01: 19.83% → 25/01: 15.71%
3963,株式会社シンクロ・フード,藤代　真一,6.44,24/12: 33.46% → 24/12: 33.74% → 24/12: 33.74% → 24/12: 33.46% → 25/01: 10.56% → 25/01: 10.56% → 25/01: 6.44%,発行会社の創業者であり、安定株主として株式を保有しております。,A:賛成率低下 + B:新規株主提案 + C:会社提案否決,7,15.71,2,24/12: 43.41% → 24/12: 43.78% → 24/12: 43.78% → 24/12: 43.41% → 25/01: 19.83% → 25/01: 19.83% → 25/01: 15.71%
3963,株式会社シンクロ・フード,"グランジャー・ピーク・グローバル・アドバイザーズ・エルエルシー(Grandeur Peak Global Advisors, LLC)",4.68,25/01: 4.68%,純投資,A:賛成率低下 + B:新規株主提案 + C:会社提案否決,1,4.68,1,25/01: 4.68%
4005,住友化学株式会社,三井住友トラスト・アセットマネジメント株式会社,3.15,24/02: 4.65% → 24/03: 4.39% → 24/03: 4.33% → 24/04: 4.61% → 24/08: 4.51% → 25/02: 3.43% → 25/09: 3.15%,投資信託契約、投資一任契約に基づく運用を目的として保有するもの。,A:賛成率低下 + C:会社提案否決,7,4.91,2,24/02: 6.31% → 24/03: 6.05% → 24/03: 5.99% → 24/04: 6.28% → 24/08: 6.20% → 25/02: 5.15% → 25/09: 4.91%
4005,住友化学株式会社,"ブラックロック・インスティテューショナル・トラスト・カンパニー、エヌ．エイ．(BlackRock Institutional Trust Company, N.A.)",2.00,24/03: 0.66% → 24/07: 1.20% → 24/08: 1.71% → 26/01: 1.87% → 26/02: 2.30% → 26/07: 2.00%,純投資（顧客および投資信託等の資産運用目的）,A:賛成率低下 + C:会社提案否決,6,7.69,12,24/03: 4.20% → 24/07: 5.14% → 24/08: 6.30% → 26/01: 7.53% → 26/02: 8.91% → 26/07: 7.69%
4005,住友化学株式会社,ブラックロック・ジャパン株式会社,1.85,24/03: 1.74% → 24/07: 1.65% → 24/08: 1.77% → 26/01: 1.96% → 26/02: 2.01% → 26/07: 1.85%,純投資（投資一任契約に基づく顧客の資産運用および投資信託約款に基づく資産運用目的）,A:賛成率低下 + C:会社提案否決,6,7.69,12,24/03: 4.20% → 24/07: 5.14% → 24/08: 6.30% → 26/01: 7.53% → 26/02: 8.91% → 26/07: 7.69%
4005,住友化学株式会社,アモーヴァ・アセットマネジメント株式会社,1.76,25/09: 1.76%,証券投資信託及び投資一任契約において、株券等の取得・処分の権限を有するもの。,A:賛成率低下 + C:会社提案否決,1,4.91,2,25/09: 4.91%
4005,住友化学株式会社,日興アセットマネジメント株式会社,1.73,24/02: 1.66% → 24/03: 1.66% → 24/03: 1.66% → 24/04: 1.67% → 24/08: 1.69% → 25/02: 1.73%,証券投資信託及び投資一任契約において、株券等の取得・処分の権限を有するもの。,A:賛成率低下 + C:会社提案否決,6,5.15,2,24/02: 6.31% → 24/03: 6.05% → 24/03: 5.99% → 24/04: 6.28% → 24/08: 6.20% → 25/02: 5.15%
4005,住友化学株式会社,ブラックロック・ファンド・アドバイザーズ(BlackRock Fund Advisors),1.24,24/03: 1.05% → 24/07: 1.05% → 24/08: 1.07% → 26/01: 1.18% → 26/02: 1.20% → 26/07: 1.24%,純投資（投資信託等の資産運用目的）,A:賛成率低下 + C:会社提案否決,6,7.69,12,24/03: 4.20% → 24/07: 5.14% → 24/08: 6.30% → 26/01: 7.53% → 26/02: 8.91% → 26/07: 7.69%
4005,住友化学株式会社,"ブラックロック・フィナンシャル・マネジメント・インク(BlackRock Financial Management, Inc.)",0.63,24/03: 0.17% → 24/07: 0.32% → 24/08: 0.59% → 26/01: 0.49% → 26/02: 0.59% → 26/07: 0.63%,純投資（顧客および投資信託等の資産運用目的）,A:賛成率低下 + C:会社提案否決,6,7.69,12,24/03: 4.20% → 24/07: 5.14% → 24/08: 6.30% → 26/01: 7.53% → 26/02: 8.91% → 26/07: 7.69%
4005,住友化学株式会社,"ブラックロック・アドバイザーズ・エルエルシー(BlackRock Advisers, LLC)",0.53,24/07: 0.12% → 24/08: 0.24% → 26/01: 0.25% → 26/02: 0.63% → 26/07: 0.53%,純投資（顧客および投資信託等の資産運用目的）,A:賛成率低下 + C:会社提案否決,5,7.69,12,24/07: 5.14% → 24/08: 6.30% → 26/01: 7.53% → 26/02: 8.91% → 26/07: 7.69%
4005,住友化学株式会社,ブラックロック・アセット・マネジメント・アイルランド・リミテッド(BlackRock Asset Management Ireland Limited),0.30,24/03: 0.17% → 24/07: 0.18% → 24/08: 0.20% → 26/01: 0.26% → 26/02: 0.28% → 26/07: 0.30%,純投資（顧客および投資信託等の資産運用目的）,A:賛成率低下 + C:会社提案否決,6,7.69,12,24/03: 4.20% → 24/07: 5.14% → 24/08: 6.30% → 26/01: 7.53% → 26/02: 8.91% → 26/07: 7.69%
4005,住友化学株式会社,ブラックロック・インベストメント・マネジメント （オーストラリア）リミテッド(BlackRock Investment Management (Australia) Limited),0.24,24/03: 0.03% → 26/01: 0.16% → 26/02: 0.26% → 26/07: 0.24%,純投資（顧客および投資信託等の資産運用目的）,A:賛成率低下 + C:会社提案否決,4,7.69,12,24/03: 4.20% → 26/01: 7.53% → 26/02: 8.91% → 26/07: 7.69%
4005,住友化学株式会社,ブラックロック・アセット・マネジメント・カナダ・リミテッド(BlackRock Asset Management Canada Limited),0.24,24/03: 0.02% → 24/07: 0.15% → 24/08: 0.23% → 26/01: 0.18% → 26/02: 0.31% → 26/07: 0.24%,純投資（顧客および投資信託等の資産運用目的）,A:賛成率低下 + C:会社提案否決,6,7.69,12,24/03: 4.20% → 24/07: 5.14% → 24/08: 6.30% → 26/01: 7.53% → 26/02: 8.91% → 26/07: 7.69%
4005,住友化学株式会社,ブラックロック・インベストメント・マネジメント（ユーケー）リミテッド(BlackRock Investment Management (UK) Limited),0.22,24/03: 0.10% → 24/07: 0.10% → 24/08: 0.11% → 26/01: 0.75% → 26/02: 0.81% → 26/07: 0.22%,純投資（顧客および投資信託等の資産運用目的）,A:賛成率低下 + C:会社提案否決,6,7.69,12,24/03: 4.20% → 24/07: 5.14% → 24/08: 6.30% → 26/01: 7.53% → 26/02: 8.91% → 26/07: 7.69%
4005,住友化学株式会社,ブラックロック・アドバイザーズ（UK）リミテッド(BlackRock Advisors (UK) Limited),0.16,24/03: 0.04% → 26/01: 0.11% → 26/02: 0.18% → 26/07: 0.16%,純投資（顧客および投資信託等の資産運用目的）,A:賛成率低下 + C:会社提案否決,4,7.69,12,24/03: 4.20% → 26/01: 7.53% → 26/02: 8.91% → 26/07: 7.69%
4005,住友化学株式会社,ブラックロック（ネザーランド）BV(BlackRock (Netherlands) BV),0.14,24/03: 0.19% → 24/07: 0.15% → 24/08: 0.16% → 26/01: 0.19% → 26/02: 0.19% → 26/07: 0.14%,純投資（顧客および投資信託等の資産運用目的）,A:賛成率低下 + C:会社提案否決,6,7.69,12,24/03: 4.20% → 24/07: 5.14% → 24/08: 6.30% → 26/01: 7.53% → 26/02: 8.91% → 26/07: 7.69%
4005,住友化学株式会社,ブラックロック・ファンド・マネジャーズ・リミテッド(BlackRock Fund Managers Limited),0.14,24/03: 0.21% → 24/07: 0.21% → 24/08: 0.22% → 26/01: 0.14% → 26/02: 0.14% → 26/07: 0.14%,純投資（顧客および投資信託等の資産運用目的）,A:賛成率低下 + C:会社提案否決,6,7.69,12,24/03: 4.20% → 24/07: 5.14% → 24/08: 6.30% → 26/01: 7.53% → 26/02: 8.91% → 26/07: 7.69%
4005,住友化学株式会社,ブラックロック・インベストメント・マネジメント・エルエルシー(BlackRock Investment Management LLC),0.01,24/03: 0.01%,純投資（顧客および投資信託等の資産運用目的）,A:賛成率低下 + C:会社提案否決,1,4.20,7,24/03: 4.20%
4005,住友化学株式会社,三井住友信託銀行株式会社,0.00,24/02: 0.00%,,A:賛成率低下 + C:会社提案否決,1,6.31,2,24/02: 6.31%
4005,住友化学株式会社,ブラックロック(ルクセンブルグ）エス・エー(BlackRock (Luxembourg) S.A.),0.00,24/03: 0.00%,純投資（顧客および投資信託等の資産運用目的）,A:賛成率低下 + C:会社提案否決,1,4.20,7,24/03: 4.20%
4023,株式会社クレハ,明治安田生命保険相互会社,7.93,26/01: 7.93%,純投資（収益性を投資判断基準とする投資）,A:賛成率低下,1,7.93,1,26/01: 7.93%
4023,株式会社クレハ,モラント・ライト・マネジメント・リミテッド（Morant Wright Management Limited）,3.96,24/12: 5.11% → 25/06: 3.96% → 26/03: 5.11% → 26/03: 3.96%,投資一任契約に基づく純投資,A:賛成率低下,4,3.96,1,24/12: 5.11% → 25/06: 3.96% → 26/03: 5.11% → 26/03: 3.96%
4023,株式会社クレハ,レオス・キャピタルワークス株式会社,3.72,24/04: 3.72%,「投資一任契約」及び「投資信託委託契約」に基づく純投資,A:賛成率低下,1,3.72,1,24/04: 3.72%
4023,株式会社クレハ,株式会社みずほ銀行,2.98,24/04: 2.05% → 26/07: 2.98%,・発行会社の要請に応え、かつ発行会社との取引関係の強化を図るもの,A:賛成率低下,2,6.47,4,24/04: 5.22% → 26/07: 6.47%
4023,株式会社クレハ,みずほ信託銀行株式会社,1.99,24/04: 1.36% → 26/07: 1.99%,・発行会社の要請に応え、かつ発行会社との取引関係の強化を図るもの,A:賛成率低下,2,6.47,4,24/04: 5.22% → 26/07: 6.47%
4023,株式会社クレハ,株式会社エスグラントコーポレーション,1.56,24/03: 0.35% → 24/03: 0.35% → 24/04: 0.35% → 24/04: 1.22% → 24/05: 2.52% → 24/07: 3.45% → 24/11: 4.75% → 25/02: 5.80% → 25/03: 7.24% → 25/05: 8.40% → 25/06: 1.56%,投資及び状況に応じて経営陣への助言、重要提案行為等を行うこと,A:賛成率低下,11,1.85,3,24/03: 7.24% → 24/03: 8.34% → 24/04: 9.37% → 24/04: 10.48% → 24/05: 11.79% → 24/07: 13.10% → 24/11: 14.41% → 25/02: 15.46% → 25/03: 16.12% → 25/05: 16.80% → 25/06: 1.85%
4023,株式会社クレハ,アセットマネジメントOne株式会社,1.38,24/04: 1.81% → 26/07: 1.38%,・投資信託または投資一任契約に基づき投資権限を有するもの,A:賛成率低下,2,6.47,4,24/04: 5.22% → 26/07: 6.47%
4023,株式会社クレハ,野村絢,0.29,24/03: 6.90% → 24/03: 7.99% → 24/04: 9.02% → 24/04: 9.26% → 24/05: 9.26% → 24/07: 9.66% → 24/11: 9.66% → 25/02: 9.66% → 25/03: 0.00% → 25/05: 8.39% → 25/06: 0.29%,投資及び状況に応じて経営陣への助言、重要提案行為等を行うこと,A:賛成率低下,11,1.85,3,24/03: 7.24% → 24/03: 8.34% → 24/04: 9.37% → 24/04: 10.48% → 24/05: 11.79% → 24/07: 13.10% → 24/11: 14.41% → 25/02: 15.46% → 25/03: 16.12% → 25/05: 16.80% → 25/06: 1.85%
4023,株式会社クレハ,みずほ証券 株式会社,0.13,26/07: 0.13%,・ディーリング(短期売買)目的で保有するもの・レンディングその他取引に基づく一時的保有,A:賛成率低下,1,6.47,4,26/07: 6.47%
4023,株式会社クレハ,株式会社シティインデックスイレブンス,0.00,24/03: 0.00% → 24/03: 0.00% → 24/04: 0.00% → 24/04: 0.00% → 24/05: 0.00% → 24/07: 0.00% → 24/11: 0.00% → 25/02: 0.00% → 25/03: 0.00% → 25/05: 0.00% → 25/06: 0.00%,,A:賛成率低下,11,1.85,3,24/03: 7.24% → 24/03: 8.34% → 24/04: 9.37% → 24/04: 10.48% → 24/05: 11.79% → 24/07: 13.10% → 24/11: 14.41% → 25/02: 15.46% → 25/03: 16.12% → 25/05: 16.80% → 25/06: 1.85%
4023,株式会社クレハ,株式会社レノ,0.00,25/03: 8.87% → 25/05: 0.00%,,A:賛成率低下,2,16.80,4,25/03: 16.12% → 25/05: 16.80%
4027,テイカ株式会社,サマラン　ユーシッツ（SAMARANG UCITS）,4.43,25/04: 8.93% → 25/07: 7.73% → 25/08: 6.68% → 25/09: 5.50% → 26/01: 4.43%,純投資,A:賛成率低下,5,4.43,1,25/04: 8.93% → 25/07: 7.73% → 25/08: 6.68% → 25/09: 5.50% → 26/01: 4.43%
4027,テイカ株式会社,株式会社みずほ銀行,4.22,25/09: 4.22% → 25/09: 4.22% → 25/10: 4.22% → 26/02: 4.22%,発行会社の要請に応え、かつ発行会社との取引関係の強化を図るもの。,A:賛成率低下,4,6.59,3,25/09: 6.62% → 25/09: 6.61% → 25/10: 6.62% → 26/02: 6.59%
4027,テイカ株式会社,植島　幹九郎,3.65,26/03: 3.80% → 26/04: 4.21% → 26/04: 4.27% → 26/05: 3.48% → 26/07: 3.65%,投資及び建設的な対話（エンゲージメント）を通じた中長期的な企業価値の向上。発行者の企業価値の向上に資すると判断する場合には、一般的な可能性として重要提案行為等を行う可能性もある。なお、現時点において、具体的な提案として予定しているものはない。,A:賛成率低下,5,8.55,5,26/03: 5.03% → 26/04: 6.16% → 26/04: 7.20% → 26/05: 7.85% → 26/07: 8.55%
4027,テイカ株式会社,光通信株式会社,3.19,25/11: 4.22% → 25/12: 3.19%,純投資,A:賛成率低下,2,4.04,2,25/11: 5.02% → 25/12: 4.04%
4027,テイカ株式会社,株式会社ナチュラリ,2.91,26/03: 1.23% → 26/04: 1.33% → 26/04: 2.29% → 26/05: 2.83% → 26/07: 2.91%,投資及び建設的な対話（エンゲージメント）を通じた中長期的な企業価値の向上。発行者の企業価値の向上に資すると判断する場合には、一般的な可能性として重要提案行為等を行う可能性もある。なお、現時点において、具体的な提案として予定しているものはない。,A:賛成率低下,5,8.55,5,26/03: 5.03% → 26/04: 6.16% → 26/04: 7.20% → 26/05: 7.85% → 26/07: 8.55%
4027,テイカ株式会社,株式会社ＤＯＥ５パーセント,1.69,26/04: 0.35% → 26/04: 0.35% → 26/05: 1.25% → 26/07: 1.69%,投資及び建設的な対話（エンゲージメント）を通じた中長期的な企業価値の向上。発行者の企業価値の向上に資すると判断する場合には、一般的な可能性として重要提案行為等を行う可能性もある。なお、現時点において、具体的な提案として予定しているものはない。,A:賛成率低下,4,8.55,5,26/04: 6.16% → 26/04: 7.20% → 26/05: 7.85% → 26/07: 8.55%
4027,テイカ株式会社,みずほ証券 株式会社,1.30,25/09: 1.33% → 25/09: 1.33% → 25/10: 1.34% → 26/02: 1.30%,政策投資目的にて保有するもの。ディーリング(短期売買)目的で保有するもの。レンディングその他取引に基づく一時的保有。,A:賛成率低下,4,6.59,3,25/09: 6.62% → 25/09: 6.61% → 25/10: 6.62% → 26/02: 6.59%
4027,テイカ株式会社,アセットマネジメントOne株式会社,1.07,25/09: 1.07% → 25/09: 1.06% → 25/10: 1.06% → 26/02: 1.07%,投資信託または投資一任契約に基づき投資権限を有するもの。,A:賛成率低下,4,6.59,3,25/09: 6.62% → 25/09: 6.61% → 25/10: 6.62% → 26/02: 6.59%
4027,テイカ株式会社,株式会社アイビー,0.85,25/11: 0.80% → 25/12: 0.85%,純投資,A:賛成率低下,2,4.04,2,25/11: 5.02% → 25/12: 4.04%
4027,テイカ株式会社,株式会社ドリームキャリアホールディングス,0.30,26/04: 0.27% → 26/04: 0.29% → 26/05: 0.29% → 26/07: 0.30%,投資及び建設的な対話（エンゲージメント）を通じた中長期的な企業価値の向上。発行者の企業価値の向上に資すると判断する場合には、一般的な可能性として重要提案行為等を行う可能性もある。なお、現時点において、具体的な提案として予定しているものはない。,A:賛成率低下,4,8.55,5,26/04: 6.16% → 26/04: 7.20% → 26/05: 7.85% → 26/07: 8.55%
4027,テイカ株式会社,株式会社ＵＥＳＨＩＭＡ,0.01,26/07: 0.01%,投資及び建設的な対話（エンゲージメント）を通じた中長期的な企業価値の向上。発行者の企業価値の向上に資すると判断する場合には、一般的な可能性として重要提案行為等を行う可能性もある。なお、現時点において、具体的な提案として予定しているものはない。,A:賛成率低下,1,8.55,5,26/07: 8.55%
4078,堺化学工業株式会社,"エスエイチ・インベストメント・インク(SH Investment, Inc)",11.09,26/07: 13.66% → 26/07: 12.46% → 26/07: 12.46% → 26/07: 11.09% → 26/07: 13.66% → 26/07: 9.84% → 26/08: 8.26% → 26/08: 9.84% → 26/08: 12.46% → 26/08: 13.66% → 26/08: 11.09%,純投資,A:賛成率低下,11,11.09,1,26/07: 13.66% → 26/07: 12.46% → 26/07: 12.46% → 26/07: 11.09% → 26/07: 13.66% → 26/07: 9.84% → 26/08: 8.26% → 26/08: 9.84% → 26/08: 12.46% → 26/08: 13.66% → 26/08: 11.09%
4078,堺化学工業株式会社,シンプレクス・アセット・マネジメント株式会社,5.00,24/12: 7.15% → 25/01: 6.00% → 25/02: 5.00% → 25/02: 5.00%,投資一任契約または投資信託委託契約に基づく純投資,A:賛成率低下,4,5.00,1,24/12: 7.15% → 25/01: 6.00% → 25/02: 5.00% → 25/02: 5.00%
4078,堺化学工業株式会社,ゼナーアセットマネジメントエルエルピー（Zennor Asset Management LLP）,4.97,24/12: 7.05% → 25/09: 8.23% → 26/05: 9.29% → 26/06: 7.24% → 26/06: 4.97%,投資（投資一任契約に係る顧客資産の運用）を主な目的とするが、状況に応じて、運営及び資本の効率化に向けて、発行者の経営陣との意見交換や、重要提案行為等を行う場合がある。,A:賛成率低下,5,4.97,1,24/12: 7.05% → 25/09: 8.23% → 26/05: 9.29% → 26/06: 7.24% → 26/06: 4.97%
4078,堺化学工業株式会社,三井住友ＤＳアセットマネジメント株式会社,3.88,24/04: 3.92% → 25/09: 5.02% → 26/08: 3.88%,純投資（投資収益性を重視して行う投資）,A:賛成率低下,3,3.88,1,24/04: 4.09% → 25/09: 5.02% → 26/08: 3.88%
4078,堺化学工業株式会社,野村アセットマネジメント株式会社,3.59,25/04: 4.06% → 25/08: 4.00% → 25/11: 4.95% → 26/06: 3.59%,信託財産の運用として保有している。,A:賛成率低下,4,4.58,3,25/04: 5.41% → 25/08: 4.85% → 25/11: 5.15% → 26/06: 4.58%
4078,堺化学工業株式会社,アセットマネジメントOne株式会社,3.55,24/01: 6.20% → 24/08: 4.80% → 24/10: 3.55%,投資信託または投資一任契約に基づき投資権限を有するもの。,A:賛成率低下,3,3.83,2,24/01: 6.33% → 24/08: 5.07% → 24/10: 3.83%
4078,堺化学工業株式会社,三菱ＵＦＪ信託銀行株式会社,3.02,24/07: 2.83% → 24/07: 2.94% → 24/09: 3.02%,政策投資・純投資,A:賛成率低下,3,4.83,3,24/07: 5.26% → 24/07: 5.95% → 24/09: 4.83%
4078,堺化学工業株式会社,三井住友トラスト・アセットマネジメント株式会社,2.97,24/03: 4.86% → 24/05: 5.93% → 25/09: 5.34% → 25/11: 3.84% → 26/06: 2.97%,投資信託契約、投資一任契約に基づく運用を目的として保有するもの。,A:賛成率低下,5,4.42,2,24/03: 6.14% → 24/05: 7.27% → 25/09: 6.69% → 25/11: 5.45% → 26/06: 4.42%
4078,堺化学工業株式会社,アモーヴァ・アセットマネジメント株式会社,1.45,25/09: 1.35% → 25/11: 1.61% → 26/06: 1.45%,証券投資信託及び投資一任契約において、株券等の取得・処分の権限を有するもの。,A:賛成率低下,3,4.42,2,25/09: 6.69% → 25/11: 5.45% → 26/06: 4.42%
4078,堺化学工業株式会社,日興アセットマネジメント株式会社,1.34,24/03: 1.29% → 24/05: 1.34%,証券投資信託及び投資一任契約において、株券等の取得・処分の権限を有するもの。,A:賛成率低下,2,7.27,2,24/03: 6.14% → 24/05: 7.27%
4078,堺化学工業株式会社,株式会社三菱ＵＦＪ銀行,1.24,24/07: 1.24% → 24/07: 1.24% → 24/09: 1.24%,政策投資,A:賛成率低下,3,4.83,3,24/07: 5.26% → 24/07: 5.95% → 24/09: 4.83%
4078,堺化学工業株式会社,ノムラ　インターナショナル　ピーエルシー（ＮＯＭＵＲＡ　ＩＮＴＥＲＮＡＴＩＯＮＡＬ　ＰＬＣ）,0.90,25/04: 0.47% → 25/08: -0.02% → 25/11: 0.20% → 26/06: 0.90%,証券業務に係わる商品在庫として保有している。,A:賛成率低下,4,4.58,3,25/04: 5.41% → 25/08: 4.85% → 25/11: 5.15% → 26/06: 4.58%
4078,堺化学工業株式会社,三菱ＵＦＪアセットマネジメント株式会社,0.56,24/07: 0.65% → 24/07: 0.93% → 24/09: 0.56%,純投資,A:賛成率低下,3,4.83,3,24/07: 5.26% → 24/07: 5.95% → 24/09: 4.83%
4078,堺化学工業株式会社,みずほ証券 株式会社,0.29,24/01: 0.13% → 24/08: 0.27% → 24/10: 0.29%,ディーリング(短期売買)目的で保有するもの。レンディングその他取引に基づく一時的保有。,A:賛成率低下,3,3.83,2,24/01: 6.33% → 24/08: 5.07% → 24/10: 3.83%
4078,堺化学工業株式会社,ＳＭＢＣ日興証券株式会社,0.17,24/04: 0.17%,証券業務に係る一時保有のため,A:賛成率低下,1,4.09,2,24/04: 4.09%
4078,堺化学工業株式会社,野村證券株式会社,0.09,25/04: 0.88% → 25/08: 0.87% → 26/06: 0.09%,証券業務に係る商品在庫、及び累積投資業務の運営目的として保有している。,A:賛成率低下,3,4.58,3,25/04: 5.41% → 25/08: 4.85% → 26/06: 4.58%
4078,堺化学工業株式会社,三菱ＵＦＪモルガン・スタンレー証券株式会社,0.06,24/07: 0.53% → 24/07: 0.84% → 24/09: 0.06%,商品有価証券等として保有するもの,A:賛成率低下,3,4.83,3,24/07: 5.26% → 24/07: 5.95% → 24/09: 4.83%
4109,ステラケミファ株式会社,"ダルトン・インベストメンツ・インク（Dalton Investments, Inc.）",13.63,24/01: 11.69% → 24/02: 11.79% → 24/09: 12.45% → 24/10: 13.49% → 25/01: 13.72% → 25/04: 14.54% → 25/06: 15.20% → 25/07: 16.22% → 26/04: 16.79% → 26/06: 15.93% → 26/07: 13.63% → 26/07: 13.63%,提出者は、発行者の株価が過小評価されており魅力的な投資機会であると考えて、発行者の株式を取得し長期的に保有する。提出者は、発行者の財務状況、戦略的決定、取締役会の決定、株価水準、他の投資機会、投資ポートフォリオの集中と分散に関する内部ガイドライン、株式市場の状況、全般的な経済・産業動向などの様々な状況に応じて、発行者の株式や関連金融商品の追加取得、若しくはその全部または一部の売却、その他提出者が適切と考えるあらゆる措置を採る可能性がある。更に提出者は、過小評価されていると提出者が考える発行者の株価および株主価値の向上のため、発行者、その役員・取締役、他の株主等との間で、発行者のコーポレートガバナンス、取締役会の構成、経営、事業、財務状況及び戦略に関して、建設的な対話を行うことを求めていく可能性がある。提出者は、2025年12月に発行者を含むすべての投資先に対して書簡を送付し、資本コストや株価を意識した経営の高度な実践、譲渡制限付株式報酬の実施と株式保有ガイドラインの整備の推奨、取締役会の独立性確保といった事項に加え、企業価値と株主共通の利益の観点から、非公開化やスピンオフを含むすべての経営 戦略オプションを予断なく検証することを提案し、書簡の内容をウェブサイト上で公表した（https://0f150b20-1256-4ec7-bae7-55db80a2a0d7.usrfiles.com/ugd/5612ae_aa96dbd8c986429eaf45884b299f09d7.pdf [0f150b20-1256-4ec7-bae7-55db80a2a0d7.usrfiles.com]）。今後も当書簡の趣旨に沿って発行者との対話を進めていく予定であり、対話の状況によっては、これらの事項についてさらなる提案を行う可能性がある。,A:賛成率低下 + C:会社提案否決,12,19.13,3,24/01: 16.39% → 24/02: 16.61% → 24/09: 17.67% → 24/10: 18.71% → 25/01: 19.09% → 25/04: 20.11% → 25/06: 21.13% → 25/07: 22.16% → 26/04: 22.74% → 26/06: 21.58% → 26/07: 19.13% → 26/07: 19.13%
4109,ステラケミファ株式会社,ニッポン・アクティブ・バリュー・ファンド（NIPPON ACTIVE VALUE FUND PLC）,3.92,24/01: 3.58% → 24/02: 3.68% → 24/09: 4.05% → 24/10: 4.05% → 25/01: 4.17% → 25/04: 4.24% → 25/06: 4.24% → 25/07: 4.24% → 26/04: 4.24% → 26/06: 4.03% → 26/07: 3.92% → 26/07: 3.92%,投資及び経営陣に対する経営の助言並びに状況に応じて重要提案行為等を行うこと。特に、ニッポン・アクティブ・バリュー・ファンドは、発行会社の財務的健全性及び市場での地位が株価に反映されていないと考えており、全ての株主のために株式価値を高めるための方法を話し合うことを目的とし、発行会社の経営陣に対して対話を要求する場合がある。提出者は、2026年4月14日付で、2026年6月開催の発行者の定時株主総会に向け、定時株主総会の基準日に関する定款変更の件、の1議案から成る株主提案を行った。提出者は、2025年12月に発行者を含むすべての投資先に対して書簡を送付し、資本コストや株価を意識した経営の高度な実践、譲渡制限付株式報酬の実施と株式保有ガイドラインの整備の推奨、取締役会の独立性確保といった事項に加え、企業価値と株主共通の利益の観点から、非公開化やスピンオフを含むすべての経営 戦略オプションを予断なく検証することを提案し、書簡の内容をウェブサイト上で公表した（https://0f150b20-1256-4ec7-bae7-55db80a2a0d7.usrfiles.com/ugd/5612ae_aa96dbd8c986429eaf45884b299f09d7.pdf [0f150b20-1256-4ec7-bae7-55db80a2a0d7.usrfiles.com]）。今後も当書簡の趣旨に沿って発行者との対話を進めていく予定であり、対話の状況によっては、これらの事項についてさらなる提案を行う可能性がある。,A:賛成率低下 + C:会社提案否決,12,19.13,3,24/01: 16.39% → 24/02: 16.61% → 24/09: 17.67% → 24/10: 18.71% → 25/01: 19.09% → 25/04: 20.11% → 25/06: 21.13% → 25/07: 22.16% → 26/04: 22.74% → 26/06: 21.58% → 26/07: 19.13% → 26/07: 19.13%
4109,ステラケミファ株式会社,エヌエーブイエフ・セレクト・エルエルシー（NAVF Select LLC）,1.69,24/01: 1.13% → 24/02: 1.14% → 24/09: 1.18% → 24/10: 1.18% → 25/01: 1.20% → 25/04: 1.32% → 25/06: 1.69% → 25/07: 1.69%,投資及び経営陣に対する経営の助言並びに状況に応じて重要提案行為等を行うこと。特に、エヌエーブイエフ・セレクト・エルエルシーは、発行会社の財務的健全性及び市場での地位が株価に反映されていないと考えており、全ての株主のために株式価値を高めるための方法を話し合うことを目的とし、発行会社の経営陣に対して対話を要求する場合がある。,A:賛成率低下 + C:会社提案否決,8,22.16,3,24/01: 16.39% → 24/02: 16.61% → 24/09: 17.67% → 24/10: 18.71% → 25/01: 19.09% → 25/04: 20.11% → 25/06: 21.13% → 25/07: 22.16%
4109,ステラケミファ株式会社,エヌエーブイエフ・セレクト・マスター・ファンド・エルピー（NAVF Select (Master) Fund LP）,1.57,26/04: 1.70% → 26/06: 1.62% → 26/07: 1.57% → 26/07: 1.57%,投資及び経営陣に対する経営の助言並びに状況に応じて重要提案行為等を行うこと。特に、エヌエーブイエフ・セレクト・マスター・ファンド・エルピーは、発行会社の財務的健全性及び市場での地位が株価に反映されていないと考えており、全ての株主のために株式価値を高めるための方法を話し合うことを目的とし、発行会社の経営陣に対して対話を要求する場合がある。提出者は、2025年12月に発行者を含むすべての投資先に対して書簡を送付し、資本コストや株価を意識した経営の高度な実践、譲渡制限付株式報酬の実施と株式保有ガイドラインの整備の推奨、取締役会の独立性確保といった事項に加え、企業価値と株主共通の利益の観点から、非公開化やスピンオフを含むすべての経営 戦略オプションを予断なく検証することを提案し、書簡の内容をウェブサイト上で公表した（https://0f150b20-1256-4ec7-bae7-55db80a2a0d7.usrfiles.com/ugd/5612ae_aa96dbd8c986429eaf45884b299f09d7.pdf [0f150b20-1256-4ec7-bae7-55db80a2a0d7.usrfiles.com]）。今後も当書簡の趣旨に沿って発行者との対話を進めていく予定であり、対話の状況によっては、これらの事項についてさらなる提案を行う可能性がある。,A:賛成率低下 + C:会社提案否決,4,19.13,3,26/04: 22.74% → 26/06: 21.58% → 26/07: 19.13% → 26/07: 19.13%
4109,ステラケミファ株式会社,ダルトン・インベストメンツ・エルエルシー（Dalton Investments LLC）,0.00,24/01: 0.00%,提出者は、発行者の株価が過小評価されており魅力的な投資機会であると考えて、発行者の株式を取得し長期的に保有する。提出者は、発行者の財務状況、戦略的決定、取締役会の決定、株価水準、他の投資機会、投資ポートフォリオの集中と分散に関する内部ガイドライン、株式市場の状況、全般的な経済・産業動向などの様々な状況に応じて、発行者の株式や関連金融商品の追加取得、若しくはその全部または一部の売却、その他提出者が適切と考えるあらゆる措置を採る可能性がある。更に提出者は、過小評価されていると提出者が考える発行者の株価および株主価値の向上のため、発行者、その役員・取締役、他の株主等との間で、発行者のコーポレートガバナンス、取締役会の構成、経営、事業、財務状況及び戦略に関して、建設的な対話を行うことを求めていく可能性がある。,A:賛成率低下 + C:会社提案否決,1,16.39,4,24/01: 16.39%
4116,大日精化工業株式会社,三井住友トラスト・アセットマネジメント株式会社,3.00,24/06: 3.00%,投資信託契約、投資一任契約に基づく運用を目的として保有するもの。,A:賛成率低下,1,4.11,2,24/06: 4.11%
4116,大日精化工業株式会社,株式会社三菱ＵＦＪ銀行,1.99,25/04: 1.99% → 26/06: 1.99%,政策投資,A:賛成率低下,2,4.00,3,25/04: 5.03% → 26/06: 4.00%
4116,大日精化工業株式会社,三菱ＵＦＪ信託銀行株式会社,1.49,25/04: 2.08% → 26/06: 1.49%,純投資,A:賛成率低下,2,4.00,3,25/04: 5.03% → 26/06: 4.00%
4116,大日精化工業株式会社,日興アセットマネジメント株式会社,1.11,24/06: 1.11%,証券投資信託及び投資一任契約において、株券等の取得・処分の権限を有するもの。,A:賛成率低下,1,4.11,2,24/06: 4.11%
4116,大日精化工業株式会社,三菱ＵＦＪアセットマネジメント株式会社,0.52,25/04: 0.77% → 26/06: 0.52%,純投資,A:賛成率低下,2,4.00,3,25/04: 5.03% → 26/06: 4.00%
4116,大日精化工業株式会社,三菱ＵＦＪモルガン・スタンレー証券株式会社,0.01,25/04: 0.18% → 26/06: 0.01%,商品有価証券等として保有するもの,A:賛成率低下,2,4.00,3,25/04: 5.03% → 26/06: 4.00%
4179,株式会社ジーネクスト,株式会社舞花　代表取締役尾池善彦,33.07,24/08: 31.83% → 24/11: 33.07%,純投資,A:賛成率低下,2,33.07,1,24/08: 31.83% → 24/11: 33.07%
4179,株式会社ジーネクスト,株式会社舞花,22.28,24/08: 31.80% → 24/12: 33.28% → 25/02: 32.76% → 25/02: 32.76% → 25/03: 32.62% → 26/06: 22.28%,純投資,A:賛成率低下,6,22.28,1,24/08: 31.80% → 24/12: 33.28% → 25/02: 32.76% → 25/02: 32.76% → 25/03: 32.62% → 26/06: 22.28%
4179,株式会社ジーネクスト,横治　祐介,8.56,25/02: 25.07% → 25/03: 26.90% → 25/03: 26.90% → 25/03: 25.87% → 25/03: 26.90% → 25/03: 25.87% → 25/03: 23.84% → 25/03: 25.87% → 25/03: 24.85% → 25/03: 22.80% → 25/03: 23.84% → 25/03: 24.85% → 25/04: 21.81% → 25/04: 22.80% → 25/04: 20.69% → 25/04: 20.69% → 25/04: 18.75% → 25/04: 18.75% → 25/07: 14.71% → 25/07: 17.13% → 25/07: 13.09% → 26/03: 13.09% → 26/06: 10.65% → 26/06: 8.56% → 26/06: 8.56%,純投資,A:賛成率低下,25,8.56,1,25/02: 25.07% → 25/03: 26.90% → 25/03: 26.90% → 25/03: 25.87% → 25/03: 26.90% → 25/03: 25.87% → 25/03: 23.84% → 25/03: 25.87% → 25/03: 24.85% → 25/03: 22.80% → 25/03: 23.84% → 25/03: 24.85% → 25/04: 21.81% → 25/04: 22.80% → 25/04: 20.69% → 25/04: 20.69% → 25/04: 18.75% → 25/04: 18.75% → 25/07: 14.71% → 25/07: 17.13% → 25/07: 13.09% → 26/03: 13.09% → 26/06: 10.65% → 26/06: 8.56% → 26/06: 8.56%
4179,株式会社ジーネクスト,株式会社ＣＡＲＰＥ　ＤＩＥＭ,4.07,24/04: 5.00% → 24/04: 5.00% → 24/04: 6.45% → 24/05: 6.45% → 24/05: 7.56% → 24/10: 6.39% → 24/11: 5.13% → 24/12: 4.07%,純投資,A:賛成率低下,8,4.07,1,24/04: 5.00% → 24/04: 5.00% → 24/04: 6.45% → 24/05: 6.45% → 24/05: 7.56% → 24/10: 6.39% → 24/11: 5.13% → 24/12: 4.07%
4183,三井化学株式会社,野村アセットマネジメント株式会社,5.81,24/02: 6.29% → 25/03: 6.32% → 25/11: 5.81%,信託財産の運用として保有している。,A:賛成率低下,3,6.07,3,24/02: 6.43% → 25/03: 7.47% → 25/11: 6.07%
4183,三井化学株式会社,アセットマネジメントOne株式会社,5.56,24/09: 6.26% → 25/04: 5.56%,投資信託または投資一任契約に基づき投資権限を有するもの。,A:賛成率低下,2,5.86,2,24/09: 6.92% → 25/04: 5.86%
4183,三井化学株式会社,アモーヴァ・アセットマネジメント株式会社,2.82,25/09: 2.82%,証券投資信託及び投資一任契約において、株券等の取得・処分の権限を有するもの。,A:賛成率低下,1,5.55,2,25/09: 5.55%
4183,三井化学株式会社,三井住友トラスト・アセットマネジメント株式会社,2.73,25/09: 2.73%,投資信託契約、投資一任契約に基づく運用を目的として保有するもの。,A:賛成率低下,1,5.55,2,25/09: 5.55%
4183,三井化学株式会社,三菱ＵＦＪ信託銀行株式会社,2.16,25/07: 2.04% → 25/08: 2.04% → 25/10: 2.16%,純投資,A:賛成率低下,3,4.89,4,25/07: 5.01% → 25/08: 5.01% → 25/10: 4.89%
4183,三井化学株式会社,三菱ＵＦＪアセットマネジメント株式会社,1.82,25/07: 1.82% → 25/08: 1.82% → 25/10: 1.82%,純投資,A:賛成率低下,3,4.89,4,25/07: 5.01% → 25/08: 5.01% → 25/10: 4.89%
4183,三井化学株式会社,ブラックロック・ジャパン株式会社,1.80,24/03: 1.81% → 25/03: 1.76% → 26/04: 1.80%,純投資（投資一任契約に基づく顧客の資産運用および投資信託約款に基づく資産運用目的）,A:賛成率低下,3,5.18,9,24/03: 6.21% → 25/03: 4.15% → 26/04: 5.18%
4183,三井化学株式会社,ブラックロック・ファンド・アドバイザーズ(BlackRock Fund Advisors),1.23,24/03: 1.75% → 25/03: 1.03% → 26/04: 1.23%,純投資（投資信託等の資産運用目的）,A:賛成率低下,3,5.18,9,24/03: 6.21% → 25/03: 4.15% → 26/04: 5.18%
4183,三井化学株式会社,"ブラックロック・インスティテューショナル・トラスト・カンパニー、エヌ．エイ．(BlackRock Institutional Trust Company, N.A.)",1.17,24/03: 1.18% → 25/03: 0.81% → 26/04: 1.17%,純投資（顧客および投資信託等の資産運用目的）,A:賛成率低下,3,5.18,9,24/03: 6.21% → 25/03: 4.15% → 26/04: 5.18%
4183,三井化学株式会社,"MUFGセキュリティーズ（カナダ）(MUFG Securities(Canada), Ltd.)",0.80,25/07: 0.25% → 25/08: 0.25% → 25/10: 0.80%,ディーリング目的による保有,A:賛成率低下,3,4.89,4,25/07: 5.01% → 25/08: 5.01% → 25/10: 4.89%
4183,三井化学株式会社,みずほ証券 株式会社,0.30,24/09: 0.39% → 25/04: 0.30%,ディーリング(短期売買)目的で保有するもの。レンディングその他取引に基づく一時的保有。,A:賛成率低下,2,5.86,2,24/09: 6.92% → 25/04: 5.86%
4183,三井化学株式会社,野村證券株式会社,0.24,24/02: 0.14% → 25/03: 0.02% → 25/11: 0.24%,証券業務に係る商品在庫、及び累積投資業務の運営目的として保有している。,A:賛成率低下,3,6.07,3,24/02: 6.43% → 25/03: 7.47% → 25/11: 6.07%
4183,三井化学株式会社,"ブラックロック・フィナンシャル・マネジメント・インク(BlackRock Financial Management, Inc.)",0.24,26/04: 0.24%,純投資（顧客および投資信託等の資産運用目的）,A:賛成率低下,1,5.18,9,26/04: 5.18%
4183,三井化学株式会社,ブラックロック・アセット・マネジメント・アイルランド・リミテッド(BlackRock Asset Management Ireland Limited),0.23,24/03: 0.78% → 25/03: 0.19% → 26/04: 0.23%,純投資（顧客および投資信託等の資産運用目的）,A:賛成率低下,3,5.18,9,24/03: 6.21% → 25/03: 4.15% → 26/04: 5.18%
4183,三井化学株式会社,ブラックロック（ネザーランド）BV(BlackRock (Netherlands) BV),0.14,24/03: 0.23% → 25/03: 0.15% → 26/04: 0.14%,純投資（顧客および投資信託等の資産運用目的）,A:賛成率低下,3,5.18,9,24/03: 6.21% → 25/03: 4.15% → 26/04: 5.18%
4183,三井化学株式会社,ブラックロック・ファンド・マネジャーズ・リミテッド(BlackRock Fund Managers Limited),0.14,24/03: 0.21% → 25/03: 0.20% → 26/04: 0.14%,純投資（顧客および投資信託等の資産運用目的）,A:賛成率低下,3,5.18,9,24/03: 6.21% → 25/03: 4.15% → 26/04: 5.18%
4183,三井化学株式会社,三菱ＵＦＪモルガン・スタンレー証券株式会社,0.12,25/07: 0.56% → 25/08: 0.56% → 25/10: 0.12%,商品有価証券等として保有するもの,A:賛成率低下,3,4.89,4,25/07: 5.01% → 25/08: 5.01% → 25/10: 4.89%
4183,三井化学株式会社,"ブラックロック・アドバイザーズ・エルエルシー(BlackRock Advisers, LLC)",0.11,26/04: 0.11%,純投資（顧客および投資信託等の資産運用目的）,A:賛成率低下,1,5.18,9,26/04: 5.18%
4183,三井化学株式会社,ブラックロック(ルクセンブルグ）エス・エー(BlackRock (Luxembourg) S.A.),0.11,26/04: 0.11%,純投資（顧客および投資信託等の資産運用目的）,A:賛成率低下,1,5.18,9,26/04: 5.18%
4183,三井化学株式会社,ブラックロック・インベストメント・マネジメント（ユーケー）リミテッド(BlackRock Investment Management (UK) Limited),0.09,24/03: 0.09%,純投資（顧客および投資信託等の資産運用目的）,A:賛成率低下,1,6.21,8,24/03: 6.21%
4183,三井化学株式会社,ブラックロック・アセット・マネジメント・カナダ・リミテッド(BlackRock Asset Management Canada Limited),0.04,24/03: 0.14% → 25/03: 0.04%,純投資（顧客および投資信託等の資産運用目的）,A:賛成率低下,2,4.15,6,24/03: 6.21% → 25/03: 4.15%
4183,三井化学株式会社,MUFGセキュリティーズEMEA (MUFG Securities EMEA plc),0.03,25/07: 0.35% → 25/08: 0.35% → 25/10: 0.03%,ディーリング目的による保有,A:賛成率低下,3,4.89,4,25/07: 5.01% → 25/08: 5.01% → 25/10: 4.89%
4183,三井化学株式会社,ノムラ　インターナショナル　ピーエルシー（ＮＯＭＵＲＡ　ＩＮＴＥＲＮＡＴＩＯＮＡＬ　ＰＬＣ）,0.02,24/02: 0.02% → 25/03: 1.14% → 25/11: 0.02%,証券業務に係わる商品在庫として保有している。,A:賛成率低下,3,6.07,3,24/02: 6.43% → 25/03: 7.47% → 25/11: 6.07%
4183,三井化学株式会社,アセットマネジメントOneインターナショナル（Asset Management One International Ltd.）,0.02,24/09: 0.02%,投資信託または投資一任契約に基づき投資権限を有するもの。,A:賛成率低下,1,6.92,3,24/09: 6.92%
4183,三井化学株式会社,ブラックロック・インベストメント・マネジメント・エルエルシー(BlackRock Investment Management LLC),0.00,24/03: 0.10% → 25/03: 0.00%,純投資（顧客および投資信託等の資産運用目的）,A:賛成率低下,2,4.15,6,24/03: 6.21% → 25/03: 4.15%
4183,三井化学株式会社,株式会社みずほ銀行,0.00,24/09: 0.28% → 25/04: 0.00%,,A:賛成率低下,2,5.86,2,24/09: 6.92% → 25/04: 5.86%
4183,三井化学株式会社,三井住友信託銀行株式会社,0.00,25/09: 0.00%,,A:賛成率低下,1,5.55,2,25/09: 5.55%
4216,旭有機材株式会社,キャピタル・リサーチ・アンド・マネージメント・カンパニー(Capital Research and Management Company),2.79,24/06: 5.76% → 24/07: 7.11% → 24/07: 7.11% → 24/09: 7.11% → 24/11: 7.11% → 24/12: 7.11% → 25/04: 7.11% → 25/07: 7.11% → 26/04: 5.19% → 26/05: 2.79%,顧客である日本国外の投資信託のための純投資,A:賛成率低下,10,2.79,1,24/06: 5.76% → 24/07: 7.11% → 24/07: 7.11% → 24/09: 7.11% → 24/11: 7.11% → 24/12: 7.11% → 25/04: 7.11% → 25/07: 7.11% → 26/04: 5.19% → 26/05: 2.79%
4216,旭有機材株式会社,ノムラ　インターナショナル　ピーエルシー（ＮＯＭＵＲＡ　ＩＮＴＥＲＮＡＴＩＯＮＡＬ　ＰＬＣ）,2.30,26/07: 2.30%,証券業務に係わる商品在庫として保有している。,A:賛成率低下,1,5.16,3,26/07: 5.16%
4216,旭有機材株式会社,野村アセットマネジメント株式会社,2.30,26/07: 2.30%,信託財産の運用として保有している。,A:賛成率低下,1,5.16,3,26/07: 5.16%
4216,旭有機材株式会社,野村證券株式会社,0.56,26/07: 0.56%,証券業務に係る商品在庫、及び累積投資業務の運営目的として保有している。,A:賛成率低下,1,5.16,3,26/07: 5.16%
4452,花王株式会社,オアシス　マネジメント　カンパニー　リミテッド（Oasis Management Company Ltd.）,12.63,24/12: 5.23% → 26/02: 6.64% → 26/03: 9.90% → 26/03: 12.49% → 26/05: 12.63% → 26/05: 12.63%,提出者の提案の目的は、発行者における取締役会の実効性向上、コーポレートガバナンスの維持及び改善、中長期的な企業価値の保護及び向上、並びに顧客、サプライヤー、従業員、貸付人、株主、及びその他のステークホルダーの保護にある。上記の目的の下、提出者は、金融商品取引法施行令（以下「施行令」という。）第14条の8の2第1項第3号、第5号、第10号及び第12号（株券等の大量保有の状況の開示に関する内閣府令（以下「大量保有府令」という。）第16条第1号及び第4号）に関する事項について、発行者に対して提案を行っている。また、上記の目的の下、提出者は、今後12か月の間に、金融商品取引法施行令第14条の8の2第1項第3号、第5号、第10号及び第12号（大量保有府令第16条第1号及び第4号）に関する事項について、発行者に対して提案を行う予定である。提出者は、上記の目的の下、発行者及びその株主とのエンゲージメントを今後も継続していく予定である。これらの中には、善管注意義務違反を理由とする法的措置の実施など、取締役及び発行者に対する責任追及も含まれる。提出者は、発行者の将来のためにあらゆる選択肢を排除せずにエンゲージメントを継続する予定であり、これには、事業戦略の提案、発行者の所有する資産及び株主構成に関する提案、独立取締役の選任提案、経営陣の選任に反対する議決権の行使、内部通報、取締役会及びその他全ての委員会の適切な機能の確保、経営陣の監督、資本政策、M&A、実効的な指名委員会及び報酬委員会の設置、顧問などのアドバイザーの活用、テクノロジーの活用、マーケティング、AI及びデータ、ステークホルダーに対する実効的な開示、 ESG及びサプライチェーンの内部統制を含めた全ステークホルダーの保護、並びに、発行者における問題の根本原因を究明するために完全に独立した委員会の設置に関する事項が含まれる。より詳細な情報は、www.abetterkao.com及びwww.protectkao.comを参照されたい。提出者は令和8年5月1日時点において、ポートフォリオ投資の一環として、市場内外の取引を通じて発行者の普通株式の株券等保有割合を100分の5を超える割合増加させる行為（以下「5%超取得行為」という。）を予定している。ただし、5%超取得行為は、発行者の普通株式の市場価格が割安と判断される水準にあること及びその他の条件に左右され、それらの条件を勘案して行う予定である。なお、取得価格、数量、時期などの具体的な条件については引き続き検討中である。5%超取得行為の実行には当局への届出又は当局による承認が必要となる場合がある。5%超取得行為は令和8年5月1日から3か月以内に行うことを予定しているが、上述の要因により当該3か月の期間以降に行われる可能性もある。,C:会社提案否決,6,12.63,1,24/12: 5.23% → 26/02: 6.64% → 26/03: 9.90% → 26/03: 12.49% → 26/05: 12.63% → 26/05: 12.63%
4452,花王株式会社,野村アセットマネジメント株式会社,5.80,24/01: 5.48% → 24/03: 5.48% → 24/04: 5.49% → 25/03: 5.60% → 25/04: 5.18% → 25/04: 5.72% → 25/07: 5.68% → 25/10: 5.45% → 25/12: 5.67% → 26/03: 5.36% → 26/04: 5.75% → 26/04: 5.63% → 26/05: 5.83% → 26/07: 5.80%,信託財産の運用として保有している。,C:会社提案否決,14,6.98,2,24/01: 5.62% → 24/03: 5.78% → 24/04: 5.79% → 25/03: 5.74% → 25/04: 6.35% → 25/04: 6.45% → 25/07: 5.89% → 25/10: 5.68% → 25/12: 6.09% → 26/03: 5.86% → 26/04: 7.19% → 26/04: 5.63% → 26/05: 5.89% → 26/07: 6.98%
4452,花王株式会社,日興アセットマネジメント株式会社,3.33,24/02: 3.05% → 24/03: 3.05% → 24/07: 3.18% → 24/09: 3.36% → 25/01: 3.32% → 25/03: 3.33%,証券投資信託及び投資一任契約において、株券等の取得・処分の権限を有するもの。,C:会社提案否決,6,6.48,2,24/02: 6.23% → 24/03: 6.20% → 24/07: 6.13% → 24/09: 6.50% → 25/01: 6.40% → 25/03: 6.48%
4452,花王株式会社,アモーヴァ・アセットマネジメント株式会社,3.22,25/09: 3.25% → 26/04: 3.25% → 26/04: 3.21% → 26/06: 3.22%,証券投資信託及び投資一任契約において、株券等の取得・処分の権限を有するもの。,C:会社提案否決,4,6.06,2,25/09: 6.61% → 26/04: 6.15% → 26/04: 6.13% → 26/06: 6.06%
4452,花王株式会社,三井住友トラスト・アセットマネジメント株式会社,2.84,24/02: 3.18% → 24/03: 3.15% → 24/07: 2.95% → 24/09: 3.14% → 25/01: 3.08% → 25/03: 3.15% → 25/09: 3.36% → 26/04: 2.91% → 26/04: 2.92% → 26/06: 2.84%,投資信託契約、投資一任契約に基づく運用を目的として保有するもの。,C:会社提案否決,10,6.06,2,24/02: 6.23% → 24/03: 6.20% → 24/07: 6.13% → 24/09: 6.50% → 25/01: 6.40% → 25/03: 6.48% → 25/09: 6.61% → 26/04: 6.15% → 26/04: 6.13% → 26/06: 6.06%
4452,花王株式会社,ブラックロック・ファンド・アドバイザーズ(BlackRock Fund Advisors),2.35,25/07: 2.20% → 25/08: 2.21% → 26/05: 2.35% → 26/07: 2.35%,純投資（投資信託等の資産運用目的）,C:会社提案否決,4,9.28,14,25/07: 8.01% → 25/08: 8.06% → 26/05: 9.17% → 26/07: 9.28%
4452,花王株式会社,ブラックロック・ジャパン株式会社,2.24,25/07: 2.28% → 25/08: 2.28% → 26/05: 2.12% → 26/07: 2.24%,純投資（投資一任契約に基づく顧客の資産運用および投資信託約款に基づく資産運用目的）,C:会社提案否決,4,9.28,14,25/07: 8.01% → 25/08: 8.06% → 26/05: 9.17% → 26/07: 9.28%
4452,花王株式会社,三菱ＵＦＪ信託銀行株式会社,2.17,24/01: 2.74% → 24/03: 2.37% → 24/04: 2.28% → 24/07: 2.26% → 24/07: 2.29% → 25/03: 2.44% → 25/04: 2.49% → 25/07: 2.52% → 25/09: 2.47% → 26/01: 2.37% → 26/03: 2.17%,純投資,C:会社提案否決,11,4.10,3,24/01: 5.11% → 24/03: 5.16% → 24/04: 3.93% → 24/07: 5.07% → 24/07: 3.85% → 25/03: 5.18% → 25/04: 4.50% → 25/07: 5.10% → 25/09: 4.09% → 26/01: 5.12% → 26/03: 4.10%
4452,花王株式会社,三菱ＵＦＪアセットマネジメント株式会社,1.58,24/01: 1.37% → 24/03: 1.07% → 24/04: 1.08% → 24/07: 1.40% → 24/07: 1.39% → 25/03: 1.45% → 25/04: 1.46% → 25/07: 1.49% → 25/09: 1.05% → 26/01: 1.57% → 26/03: 1.58%,純投資,C:会社提案否決,11,4.10,3,24/01: 5.11% → 24/03: 5.16% → 24/04: 3.93% → 24/07: 5.07% → 24/07: 3.85% → 25/03: 5.18% → 25/04: 4.50% → 25/07: 5.10% → 25/09: 4.09% → 26/01: 5.12% → 26/03: 4.10%
4452,花王株式会社,ジェー・ピー・モルガン・インベストメント・マネージメント・インク　(J.P. Morgan Investment Management Inc.),1.58,25/06: 1.23% → 25/07: 1.38% → 25/11: 1.57% → 25/11: 1.58%,顧客の資産運用を図り、有価証券等への投資の一部として、日本株を保有するファンドでの買付にかかるもので、純投資を目的としている。,C:会社提案否決,4,4.35,8,25/06: 5.29% → 25/07: 4.09% → 25/11: 5.06% → 25/11: 4.35%
4452,花王株式会社,"ブラックロック・インスティテューショナル・トラスト・カンパニー、エヌ．エイ．(BlackRock Institutional Trust Company, N.A.)",1.56,25/07: 1.32% → 25/08: 1.30% → 26/05: 1.56% → 26/07: 1.56%,純投資（顧客および投資信託等の資産運用目的）,C:会社提案否決,4,9.28,14,25/07: 8.01% → 25/08: 8.06% → 26/05: 9.17% → 26/07: 9.28%
4452,花王株式会社,ノムラ　インターナショナル　ピーエルシー（ＮＯＭＵＲＡ　ＩＮＴＥＲＮＡＴＩＯＮＡＬ　ＰＬＣ）,1.18,24/01: -0.02% → 24/03: 0.30% → 24/04: 0.29% → 25/03: 0.14% → 25/04: 0.98% → 25/04: 0.71% → 25/07: 0.06% → 25/10: 0.21% → 25/12: 0.42% → 26/03: -0.61% → 26/04: 0.00% → 26/05: -0.05% → 26/07: 1.18%,証券業務に係わる商品在庫として保有している。,C:会社提案否決,13,6.98,2,24/01: 5.62% → 24/03: 5.78% → 24/04: 5.79% → 25/03: 5.74% → 25/04: 6.35% → 25/04: 6.45% → 25/07: 5.89% → 25/10: 5.68% → 25/12: 6.09% → 26/03: 5.86% → 26/04: 5.63% → 26/05: 5.89% → 26/07: 6.98%
4452,花王株式会社,JPモルガン・アセット・マネジメント株式会社,1.08,25/06: 1.48% → 25/07: 1.48% → 25/11: 1.17% → 25/11: 1.08%,投資一任契約および投資信託による純投資を目的として保有している。,C:会社提案否決,4,4.35,8,25/06: 5.29% → 25/07: 4.09% → 25/11: 5.06% → 25/11: 4.35%
4452,花王株式会社,ジェー・ピー・モルガン・セキュリティーズ・ピーエルシー (J.P. Morgan Securities plc),0.91,25/06: 0.56% → 25/07: 0.72% → 25/11: 1.27% → 25/11: 0.91%,証券業務及び銀行業等の為に保有をしている。,C:会社提案否決,4,4.35,8,25/06: 5.29% → 25/07: 4.09% → 25/11: 5.06% → 25/11: 4.35%
4452,花王株式会社,ブラックロック・アセット・マネジメント・アイルランド・リミテッド(BlackRock Asset Management Ireland Limited),0.81,25/07: 0.73% → 25/08: 0.74% → 26/05: 0.78% → 26/07: 0.81%,純投資（顧客および投資信託等の資産運用目的）,C:会社提案否決,4,9.28,14,25/07: 8.01% → 25/08: 8.06% → 26/05: 9.17% → 26/07: 9.28%
4452,花王株式会社,ブラックロック・ファンド・マネジャーズ・リミテッド(BlackRock Fund Managers Limited),0.58,25/07: 0.64% → 25/08: 0.60% → 26/05: 0.59% → 26/07: 0.58%,純投資（顧客および投資信託等の資産運用目的）,C:会社提案否決,4,9.28,14,25/07: 8.01% → 25/08: 8.06% → 26/05: 9.17% → 26/07: 9.28%
4452,花王株式会社,ブラックロック・インベストメント・マネジメント（ユーケー）リミテッド(BlackRock Investment Management (UK) Limited),0.50,25/07: 0.18% → 25/08: 0.17% → 26/05: 0.51% → 26/07: 0.50%,純投資（顧客および投資信託等の資産運用目的）,C:会社提案否決,4,9.28,14,25/07: 8.01% → 25/08: 8.06% → 26/05: 9.17% → 26/07: 9.28%
4452,花王株式会社,MUFGセキュリティーズEMEA (MUFG Securities EMEA plc),0.35,25/03: 0.65% → 25/04: 0.26% → 25/09: 0.39% → 26/03: 0.35%,ディーリング目的による保有,C:会社提案否決,4,4.10,3,25/03: 5.18% → 25/04: 4.50% → 25/09: 4.09% → 26/03: 4.10%
4452,花王株式会社,ブラックロック（ネザーランド）BV(BlackRock (Netherlands) BV),0.30,25/07: 0.37% → 25/08: 0.36% → 26/05: 0.28% → 26/07: 0.30%,純投資（顧客および投資信託等の資産運用目的）,C:会社提案否決,4,9.28,14,25/07: 8.01% → 25/08: 8.06% → 26/05: 9.17% → 26/07: 9.28%
4452,花王株式会社,ジェー・ピー・モルガン・アセット・マネジメント（ユーケー）リミテッド　(JPMorgan Asset Management(UK)Limited),0.23,25/06: 0.19% → 25/07: 0.21% → 25/11: 0.23% → 25/11: 0.23%,顧客の資産運用を図り、有価証券等への投資の一部として、日本株を保有するファンドでの買付にかかるもので、純投資を目的としている。,C:会社提案否決,4,4.35,8,25/06: 5.29% → 25/07: 4.09% → 25/11: 5.06% → 25/11: 4.35%
4452,花王株式会社,MUFGセキュリティーズEMEA,0.21,24/03: 0.88% → 24/04: 0.21%,トレーディング目的の保有,C:会社提案否決,2,3.93,4,24/03: 5.16% → 24/04: 3.93%
4452,花王株式会社,ＪＰモルガン・アセット・マネジメント（アジア・パシフィック）リミテッド (JPMorgan Asset Management (Asia Pacific) Limited),0.19,25/11: 0.19% → 25/11: 0.19%,投資顧問業を営む上で、顧客勘定にて国内の株式に投資している。,C:会社提案否決,2,4.35,8,25/11: 5.06% → 25/11: 4.35%
4452,花王株式会社,"ブラックロック・アドバイザーズ・エルエルシー(BlackRock Advisers, LLC)",0.18,25/07: 0.07% → 26/05: 0.19% → 26/07: 0.18%,純投資（顧客および投資信託等の資産運用目的）,C:会社提案否決,3,9.28,14,25/07: 8.01% → 26/05: 9.17% → 26/07: 9.28%
4452,花王株式会社,ジェー・ピー・モルガン・チェース・バンク・ナショナル・アソシエーション,0.17,25/06: 0.16% → 25/07: 0.17% → 25/11: 0.17% → 25/11: 0.17%,米国及び国内外において、銀行業（投資銀行・商業銀行業務及び資産運用業務等を含む。）を営む上で、国内の株式に投資している。,C:会社提案否決,4,4.35,8,25/06: 5.29% → 25/07: 4.09% → 25/11: 5.06% → 25/11: 4.35%
4452,花王株式会社,ジェー・ピー・モルガン・セキュリティーズ・エルエルシー　（J.P. Morgan Securities LLC),0.17,25/06: 0.13% → 25/07: 0.13% → 25/11: 0.18% → 25/11: 0.17%,有価証券関連業務の一部としてのトレーディング等を目的として保有している。,C:会社提案否決,4,4.35,8,25/06: 5.29% → 25/07: 4.09% → 25/11: 5.06% → 25/11: 4.35%
4452,花王株式会社,"ブラックロック・フィナンシャル・マネジメント・インク(BlackRock Financial Management, Inc.)",0.15,25/07: 0.08% → 26/05: 0.15% → 26/07: 0.15%,純投資（顧客および投資信託等の資産運用目的）,C:会社提案否決,3,9.28,14,25/07: 8.01% → 26/05: 9.17% → 26/07: 9.28%
4452,花王株式会社,ブラックロック(ルクセンブルグ）エス・エー(BlackRock (Luxembourg) S.A.),0.14,25/07: 0.16% → 25/08: 0.15% → 26/05: 0.16% → 26/07: 0.14%,純投資（顧客および投資信託等の資産運用目的）,C:会社提案否決,4,9.28,14,25/07: 8.01% → 25/08: 8.06% → 26/05: 9.17% → 26/07: 9.28%
4452,花王株式会社,ブラックロック・アセット・マネジメント・カナダ・リミテッド(BlackRock Asset Management Canada Limited),0.14,25/07: 0.13% → 25/08: 0.13% → 26/05: 0.14% → 26/07: 0.14%,純投資（顧客および投資信託等の資産運用目的）,C:会社提案否決,4,9.28,14,25/07: 8.01% → 25/08: 8.06% → 26/05: 9.17% → 26/07: 9.28%
4452,花王株式会社,ブラックロック・インベストメント・マネジメント （オーストラリア）リミテッド(BlackRock Investment Management (Australia) Limited),0.12,26/05: 0.13% → 26/07: 0.12%,純投資（顧客および投資信託等の資産運用目的）,C:会社提案否決,2,9.28,14,26/05: 9.17% → 26/07: 9.28%
4452,花王株式会社,"MUFGセキュリティーズ（カナダ）(MUFG Securities(Canada), Ltd.)",0.11,24/03: 0.84% → 24/04: 0.00% → 25/03: 0.11% → 25/04: 0.11%,ディーリング目的による保有,C:会社提案否決,4,4.50,5,24/03: 5.16% → 24/04: 3.93% → 25/03: 5.18% → 25/04: 4.50%
4452,花王株式会社,"アペリオ・グループ・エルエルシー(Aperio Group, LLC)",0.11,25/07: 0.09% → 26/05: 0.11% → 26/07: 0.11%,純投資（顧客および投資信託等の資産運用目的）,C:会社提案否決,3,9.28,14,25/07: 8.01% → 26/05: 9.17% → 26/07: 9.28%
4452,花王株式会社,ブラックロック・インベストメント・マネジメント・エルエルシー(BlackRock Investment Management LLC),0.11,25/07: 0.10% → 25/08: 0.10% → 26/05: 0.10% → 26/07: 0.11%,純投資（顧客および投資信託等の資産運用目的）,C:会社提案否決,4,9.28,14,25/07: 8.01% → 25/08: 8.06% → 26/05: 9.17% → 26/07: 9.28%
4452,花王株式会社,野村證券株式会社,0.05,24/01: 0.15% → 24/03: 0.09% → 24/04: 0.01% → 25/03: 0.00% → 25/04: 0.19% → 25/04: 0.01% → 25/07: 0.21% → 25/10: 0.01% → 25/12: 0.01% → 26/03: 0.50% → 26/04: 1.44% → 26/04: -0.01% → 26/05: 0.11% → 26/07: 0.05%,証券業務に係る商品在庫、及び累積投資業務の運営目的として保有している。,C:会社提案否決,14,6.98,2,24/01: 5.62% → 24/03: 5.78% → 24/04: 5.79% → 25/03: 5.74% → 25/04: 6.35% → 25/04: 6.45% → 25/07: 5.89% → 25/10: 5.68% → 25/12: 6.09% → 26/03: 5.86% → 26/04: 7.19% → 26/04: 5.63% → 26/05: 5.89% → 26/07: 6.98%
4452,花王株式会社,JPモルガン証券株式会社,0.03,25/06: 1.54% → 25/07: 0.00% → 25/11: 0.29% → 25/11: 0.03%,証券業務を営む上で、本件株式に投資している。,C:会社提案否決,4,4.35,8,25/06: 5.29% → 25/07: 4.09% → 25/11: 5.06% → 25/11: 4.35%
4452,花王株式会社,三菱ＵＦＪモルガン・スタンレー証券株式会社,0.00,24/01: 0.99% → 24/03: 0.00% → 24/04: 0.36% → 24/07: 1.41% → 24/07: 0.18% → 25/03: 0.54% → 25/04: 0.19% → 25/07: 1.09% → 25/09: 0.17% → 26/01: 1.18% → 26/03: 0.00%,-,C:会社提案否決,11,4.10,3,24/01: 5.11% → 24/03: 5.16% → 24/04: 3.93% → 24/07: 5.07% → 24/07: 3.85% → 25/03: 5.18% → 25/04: 4.50% → 25/07: 5.10% → 25/09: 4.09% → 26/01: 5.12% → 26/03: 4.10%
4452,花王株式会社,ノムラ　セキュリテーズ　インターナショナル（ＮＯＭＵＲＡ　ＳＥＣＵＲＩＴＩＥＳ　ＩＮＴＥＲＮＡＴＩＯＮＡＬ，Ｉｎｃ．）,0.00,24/04: 0.00% → 25/03: 0.00%,,C:会社提案否決,2,5.74,3,24/04: 5.79% → 25/03: 5.74%
4462,石原ケミカル株式会社,シンプレクス・アセット・マネジメント株式会社,10.68,25/07: 8.65% → 25/10: 9.65% → 26/05: 10.68%,投資一任契約または投資信託委託契約に基づく純投資,A:賛成率低下,3,10.68,1,25/07: 8.65% → 25/10: 9.65% → 26/05: 10.68%
4462,石原ケミカル株式会社,株式会社　三井住友銀行,4.34,24/03: 4.34%,政策保有目的,A:賛成率低下,1,5.03,2,24/03: 5.03%
4462,石原ケミカル株式会社,ニッポン・アクティブ・バリュー・ファンド （NIPPON ACTIVE VALUE FUND PLC）,1.29,24/10: 1.29%,投資及び経営陣に対する経営の助言並びに状況に応じて重要提案行為等を行うこと。特に、ニッポン・アクティブ・バリュー・ファンドは、発行会社の財務的健全性及び市場での地位が株価に反映されていないと考えており、全ての株主のために株式価値を高めるための方法を話し合うことを目的とし、発行会社の経営陣に対して対話を要求する場合がある。,A:賛成率低下,1,1.29,1,24/10: 1.29%
4462,石原ケミカル株式会社,ＳＭＢＣ日興証券株式会社,0.69,24/03: 0.69%,証券業務に係る一時保有のため,A:賛成率低下,1,5.03,2,24/03: 5.03%
4494,バリオセキュア株式会社,光通信株式会社,7.67,25/03: 5.34% → 25/03: 6.35% → 25/04: 7.67% → 25/04: 7.67% → 25/09: 7.67%,純投資,A:賛成率低下,5,9.65,2,25/03: 5.34% → 25/03: 6.35% → 25/04: 7.67% → 25/04: 8.74% → 25/09: 9.65%
4494,バリオセキュア株式会社,重田康光,2.36,26/05: 2.36% → 26/05: 2.36%,長期保有を目的とした純投資。,A:賛成率低下,2,4.00,2,26/05: 4.01% → 26/05: 4.00%
4494,バリオセキュア株式会社,株式会社ＵＨ　Ｐａｒｔｎｅｒｓ　２,1.99,25/04: 1.08% → 25/09: 1.99%,純投資,A:賛成率低下,2,9.65,2,25/04: 8.74% → 25/09: 9.65%
4494,バリオセキュア株式会社,有限会社光パワー,1.64,26/05: 1.65% → 26/05: 1.64%,長期保有を目的とした純投資。,A:賛成率低下,2,4.00,2,26/05: 4.01% → 26/05: 4.00%
4512,わかもと製薬株式会社,ロート製薬株式会社,11.40,25/02: 11.40%,業務上のシナジーの中長期的な創出を目的とした関係構築,A:賛成率低下 + C:会社提案否決,1,11.40,1,25/02: 11.40%
4512,わかもと製薬株式会社,アセット・バリュー・インベスターズ・リミテッド (Asset Value Investors Limited),10.60,25/02: 6.14% → 25/03: 7.45% → 25/04: 8.54% → 25/05: 9.58% → 26/01: 10.60%,純投資及び重要提案行為等を行うこと,A:賛成率低下 + C:会社提案否決,5,10.60,1,25/02: 6.14% → 25/03: 7.45% → 25/04: 8.54% → 25/05: 9.58% → 26/01: 10.60%
4523,エーザイ株式会社,野村アセットマネジメント株式会社,7.29,26/07: 7.29%,信託財産の運用として保有している。,A:賛成率低下,1,7.29,1,26/07: 7.29%
4523,エーザイ株式会社,ウエリントン・マネージメント・カンパニー・エルエルピー（Wellington Management Company LLP）,4.82,25/02: 5.92% → 25/06: 4.82%,投資一任契約による顧客の資産運用,A:賛成率低下,2,4.82,1,25/02: 5.92% → 25/06: 4.82%
4523,エーザイ株式会社,銀行等保有株式取得機構,3.76,24/09: 3.76%,「銀行等の株式等の保有の制限等に関する法律」に基づく買取りに伴う保有,A:賛成率低下,1,3.76,1,24/09: 3.76%
4523,エーザイ株式会社,三井住友トラスト・アセットマネジメント株式会社,3.33,25/09: 3.33%,投資信託契約、投資一任契約に基づく運用を目的として保有するもの。,A:賛成率低下,1,6.37,2,25/09: 6.37%
4523,エーザイ株式会社,アモーヴァ・アセットマネジメント株式会社,3.04,25/09: 3.04%,証券投資信託及び投資一任契約において、株券等の取得・処分の権限を有するもの。,A:賛成率低下,1,6.37,2,25/09: 6.37%
4523,エーザイ株式会社,ブラックロック・ファンド・アドバイザーズ,2.11,26/05: 2.11%,純投資（投資信託等の資産運用目的）,A:賛成率低下,1,8.49,11,26/05: 8.49%
4523,エーザイ株式会社,ブラックロック・ジャパン株式会社,1.92,25/03: 2.06% → 25/09: 2.05% → 25/11: 1.98% → 26/04: 1.89% → 26/05: 1.92% → 26/07: 1.92%,純投資（投資一任契約に基づく顧客の資産運用および投資信託約款に基づく資産運用目的）,A:賛成率低下,6,8.52,12,25/03: 7.25% → 25/09: 7.82% → 25/11: 7.91% → 26/04: 8.45% → 26/05: 8.49% → 26/07: 8.52%
4523,エーザイ株式会社,ブラックロック・ファンド・アドバイザーズ(BlackRock Fund Advisors),1.90,25/03: 1.85% → 25/09: 1.98% → 25/11: 1.98% → 26/04: 2.04% → 26/07: 1.90%,純投資（投資信託等の資産運用目的）,A:賛成率低下,5,8.52,12,25/03: 7.25% → 25/09: 7.82% → 25/11: 7.91% → 26/04: 8.45% → 26/07: 8.52%
4523,エーザイ株式会社,"ブラックロック・インスティテューショナル・トラスト・カンパニー、エヌ．エイ．(BlackRock Institutional Trust Company, N.A.)",1.20,25/03: 1.10% → 25/09: 1.12% → 25/11: 1.14% → 26/04: 1.19% → 26/07: 1.20%,純投資（顧客および投資信託等の資産運用目的）,A:賛成率低下,5,8.52,12,25/03: 7.25% → 25/09: 7.82% → 25/11: 7.91% → 26/04: 8.45% → 26/07: 8.52%
4523,エーザイ株式会社,ブラックロック・インスティテューショナル・トラスト・カンパニー、エヌ．エイ．,1.17,26/05: 1.17%,純投資（顧客および投資信託等の資産運用目的）,A:賛成率低下,1,8.49,11,26/05: 8.49%
4523,エーザイ株式会社,ブラックロック・アセット・マネジメント・アイルランド・リミテッド(BlackRock Asset Management Ireland Limited),1.00,25/03: 0.95% → 25/09: 1.03% → 25/11: 1.04% → 26/04: 0.97% → 26/07: 1.00%,純投資（顧客および投資信託等の資産運用目的）,A:賛成率低下,5,8.52,12,25/03: 7.25% → 25/09: 7.82% → 25/11: 7.91% → 26/04: 8.45% → 26/07: 8.52%
4523,エーザイ株式会社,ブラックロック・アセット・マネジメント・アイルランド・リミテッド,0.99,26/05: 0.99%,純投資（顧客および投資信託等の資産運用目的）,A:賛成率低下,1,8.49,11,26/05: 8.49%
4523,エーザイ株式会社,ブラックロック・インベストメント・マネジメント（ユーケー）リミテッド(BlackRock Investment Management (UK) Limited),0.76,25/03: 0.11% → 25/09: 0.23% → 25/11: 0.24% → 26/04: 0.65% → 26/07: 0.76%,純投資（顧客および投資信託等の資産運用目的）,A:賛成率低下,5,8.52,12,25/03: 7.25% → 25/09: 7.82% → 25/11: 7.91% → 26/04: 8.45% → 26/07: 8.52%
4523,エーザイ株式会社,ＢｌａｃｋＲｏｃｋ　Ｉｎｖｅｓｔｍｅｎｔ　Ｍａｎａｇｅｍｅｎｔ（ＵＫ）Ｌｉｍｉｔｅｄ,0.65,26/05: 0.65%,純投資（顧客および投資信託等の資産運用目的）,A:賛成率低下,1,8.49,11,26/05: 8.49%
4523,エーザイ株式会社,ＢｌａｃｋＲｏｃｋ（Ｌｕｘｅｍｂｏｕｒｇ）Ｓ．Ａ．,0.60,26/05: 0.60%,純投資（顧客および投資信託等の資産運用目的）,A:賛成率低下,1,8.49,11,26/05: 8.49%
4523,エーザイ株式会社,ブラックロック(ルクセンブルグ）エス・エー(BlackRock (Luxembourg) S.A.),0.59,25/03: 0.13% → 25/09: 0.48% → 25/11: 0.57% → 26/04: 0.56% → 26/07: 0.59%,純投資（顧客および投資信託等の資産運用目的）,A:賛成率低下,5,8.52,12,25/03: 7.25% → 25/09: 7.82% → 25/11: 7.91% → 26/04: 8.45% → 26/07: 8.52%
4523,エーザイ株式会社,ＢｌａｃｋＲｏｃｋ（Ｎｅｔｈｅｒｌａｎｄｓ）ＢＶ,0.27,26/05: 0.27%,純投資（顧客および投資信託等の資産運用目的）,A:賛成率低下,1,8.49,11,26/05: 8.49%
4523,エーザイ株式会社,ブラックロック（ネザーランド）BV(BlackRock (Netherlands) BV),0.26,25/03: 0.27% → 25/09: 0.27% → 25/11: 0.27% → 26/04: 0.28% → 26/07: 0.26%,純投資（顧客および投資信託等の資産運用目的）,A:賛成率低下,5,8.52,12,25/03: 7.25% → 25/09: 7.82% → 25/11: 7.91% → 26/04: 8.45% → 26/07: 8.52%
4523,エーザイ株式会社,ブラックロック・ファンド・マネジャーズ・リミテッド(BlackRock Fund Managers Limited),0.25,25/03: 0.29% → 25/09: 0.24% → 25/11: 0.27% → 26/04: 0.26% → 26/07: 0.25%,純投資（顧客および投資信託等の資産運用目的）,A:賛成率低下,5,8.52,12,25/03: 7.25% → 25/09: 7.82% → 25/11: 7.91% → 26/04: 8.45% → 26/07: 8.52%
4523,エーザイ株式会社,ＢｌａｃｋＲｏｃｋ　Ｆｕｎｄ　Ｍａｎａｇｅｒｓ　Ｌｉｍｉｔｅｄ,0.25,26/05: 0.25%,純投資（顧客および投資信託等の資産運用目的）,A:賛成率低下,1,8.49,11,26/05: 8.49%
4523,エーザイ株式会社,ブラックロック・アセット・マネジメント・カナダ・リミテッド(BlackRock Asset Management Canada Limited),0.19,25/03: 0.13% → 25/09: 0.18% → 25/11: 0.18% → 26/04: 0.18% → 26/07: 0.19%,純投資（顧客および投資信託等の資産運用目的）,A:賛成率低下,5,8.52,12,25/03: 7.25% → 25/09: 7.82% → 25/11: 7.91% → 26/04: 8.45% → 26/07: 8.52%
4523,エーザイ株式会社,"ブラックロック・アドバイザーズ・エルエルシー(BlackRock Advisers, LLC)",0.18,25/03: 0.11% → 25/09: 0.09% → 26/04: 0.16% → 26/07: 0.18%,純投資（顧客および投資信託等の資産運用目的）,A:賛成率低下,4,8.52,12,25/03: 7.25% → 25/09: 7.82% → 26/04: 8.45% → 26/07: 8.52%
4523,エーザイ株式会社,ブラックロック・アセット・マネジメント・カナダ・リミテッド,0.18,26/05: 0.18%,純投資（顧客および投資信託等の資産運用目的）,A:賛成率低下,1,8.49,11,26/05: 8.49%
4523,エーザイ株式会社,ブラックロック・アドバイザーズ・エルエルシー,0.16,26/05: 0.16%,純投資（顧客および投資信託等の資産運用目的）,A:賛成率低下,1,8.49,11,26/05: 8.49%
4523,エーザイ株式会社,"アペリオ・グループ・エルエルシー(Aperio Group, LLC)",0.12,25/03: 0.23% → 25/09: 0.23% → 25/11: 0.23% → 26/04: 0.18% → 26/05: 0.19% → 26/07: 0.12%,純投資（顧客および投資信託等の資産運用目的）,A:賛成率低下,6,8.52,12,25/03: 7.25% → 25/09: 7.82% → 25/11: 7.91% → 26/04: 8.45% → 26/05: 8.49% → 26/07: 8.52%
4523,エーザイ株式会社,"ブラックロック・フィナンシャル・マネジメント・インク(BlackRock Financial Management, Inc.)",0.12,25/03: 0.03% → 26/04: 0.10% → 26/07: 0.12%,純投資（顧客および投資信託等の資産運用目的）,A:賛成率低下,3,8.52,12,25/03: 7.25% → 26/04: 8.45% → 26/07: 8.52%
4523,エーザイ株式会社,ＢｌａｃｋＲｏｃｋ　Ｆｉｎａｎｃｉａｌ　Ｍａｎａｇｅｍｅｎｔ，Ｉｎｃ．,0.10,26/05: 0.10%,純投資（顧客および投資信託等の資産運用目的）,A:賛成率低下,1,8.49,11,26/05: 8.49%
4523,エーザイ株式会社,ブラックロック・インベストメント・マネジメント・エルエルシー(BlackRock Investment Management LLC),0.08,25/03: 0.08%,純投資（顧客および投資信託等の資産運用目的）,A:賛成率低下,1,7.25,11,25/03: 7.25%
4523,エーザイ株式会社,野村證券株式会社,0.06,26/07: 0.06%,証券業務に係る商品在庫、及び累積投資業務の運営目的として保有している。,A:賛成率低下,1,7.29,1,26/07: 7.29%
4523,エーザイ株式会社,ブラックロック・ライフ・リミテッド(BlackRock Life Limited),0.03,25/03: 0.03%,純投資（顧客および投資信託等の資産運用目的）,A:賛成率低下,1,7.25,11,25/03: 7.25%
4523,エーザイ株式会社,ノムラ　インターナショナル　ピーエルシー（ＮＯＭＵＲＡ　ＩＮＴＥＲＮＡＴＩＯＮＡＬ　ＰＬＣ）,-0.12,26/07: -0.12%,証券業務に係わる商品在庫として保有している。,A:賛成率低下,1,7.29,1,26/07: 7.29%
4527,ロート製薬株式会社,株式会社三菱ＵＦＪ銀行,3.22,24/07: 3.22%,政策投資,B:新規株主提案,1,6.53,3,24/07: 6.53%
4527,ロート製薬株式会社,三菱ＵＦＪ信託銀行株式会社,2.59,24/07: 2.59%,政策投資・純投資,B:新規株主提案,1,6.53,3,24/07: 6.53%
4527,ロート製薬株式会社,三菱ＵＦＪアセットマネジメント株式会社,0.73,24/07: 0.73%,純投資,B:新規株主提案,1,6.53,3,24/07: 6.53%
4549,栄研化学株式会社,"ダルトン・インベストメンツ・インク（Dalton Investments, Inc.）",17.92,24/01: 1.40% → 24/02: 1.40% → 24/02: 1.40% → 24/03: 2.17% → 24/04: 3.30% → 24/04: 4.29% → 24/05: 5.49% → 24/07: 6.80% → 24/07: 7.41% → 24/08: 8.00% → 24/08: 8.70% → 24/08: 9.47% → 24/10: 10.15% → 24/10: 10.85% → 24/11: 12.07% → 24/11: 12.07% → 24/12: 13.10% → 25/01: 13.19% → 25/02: 14.21% → 25/03: 15.28% → 25/06: 16.15% → 25/07: 17.16% → 25/11: 17.70% → 25/11: 19.75% → 26/04: 19.75% → 26/06: 19.75% → 26/06: 19.75% → 26/07: 17.92% → 26/07: 17.92%,提出者は、発行者の株価が過小評価されており魅力的な投資機会であると考えて、発行者の株式を取得し長期的に保有する。提出者は、発行者の財務状況、戦略的決定、取締役会の決定、株価水準、他の投資機会、投資ポートフォリオの集中と分散に関する内部ガイドライン、株式市場の状況、全般的な経済・産業動向などの様々な状況に応じて、発行者の株式や関連金融商品の追加取得、若しくはその全部または一部の売却、その他提出者が適切と考えるあらゆる措置を採る可能性がある。更に提出者は、過小評価されていると提出者が考える発行者の株価および株主価値の向上のため、発行者、その役員・取締役、他の株主等との間で、発行者のコーポレートガバナンス、取締役会の構成、経営、事業、財務状況及び戦略に関して、建設的な対話を行うことを求めていく可能性がある。提出者は、2025年12月に発行者を含むすべての投資先に対して書簡を送付し、資本コストや株価を意識した経営の高度な実践、譲渡制限付株式報酬の実施と株式保有ガイドラインの整備の推奨、取締役会の独立性確保といった事項に加え、企業価値と株主共通の利益の観点から、非公開化やスピンオフを含むすべての経営戦略オプションを予断なく検証することを提案し、書簡の内容をウェブサイト上で公表した（https://0f150b20-1256-4ec7-bae7-55db80a2a0d7.usrfiles.com/ugd/5612ae_aa96dbd8c986429eaf45884b299f09d7.pdf [0f150b20-1256-4ec7-bae7-55db80a2a0d7.usrfiles.com]）。今後も当書簡の趣旨に沿って発行者との対話を進めていく予定であり、対話の状況によっては、これらの事項についてさらなる提案を行う可能性がある。,A:賛成率低下,29,31.01,3,24/01: 5.98% → 24/02: 7.05% → 24/02: 7.05% → 24/03: 8.23% → 24/04: 9.42% → 24/04: 10.47% → 24/05: 11.98% → 24/07: 13.29% → 24/07: 14.29% → 24/08: 15.37% → 24/08: 16.38% → 24/08: 17.51% → 24/10: 18.52% → 24/10: 19.54% → 24/11: 21.15% → 24/11: 22.45% → 24/12: 23.57% → 25/01: 23.66% → 25/02: 24.69% → 25/03: 25.77% → 25/06: 26.78% → 25/07: 27.83% → 25/11: 28.92% → 25/11: 32.79% → 26/04: 32.84% → 26/06: 32.84% → 26/06: 32.84% → 26/07: 31.01% → 26/07: 31.01%
4549,栄研化学株式会社,ニッポン・アクティブ・バリュー・ファンド（NIPPON ACTIVE VALUE FUND PLC）,9.46,24/01: 3.61% → 24/02: 4.50% → 24/02: 4.50% → 24/03: 4.84% → 24/04: 4.89% → 24/04: 4.94% → 24/05: 5.19% → 24/07: 5.19% → 24/07: 5.58% → 24/08: 6.07% → 24/08: 6.38% → 24/08: 6.74% → 24/10: 7.07% → 24/10: 7.39% → 24/11: 7.78% → 24/11: 8.30% → 24/12: 8.30% → 25/01: 8.30% → 25/02: 8.30% → 25/03: 8.30% → 25/06: 8.38% → 25/07: 8.40% → 25/11: 8.48% → 25/11: 9.46% → 26/04: 9.46% → 26/06: 9.46% → 26/06: 9.46% → 26/07: 9.46% → 26/07: 9.46%,投資及び経営陣に対する経営の助言並びに状況に応じて重要提案行為等を行うこと。特に、ニッポン・アクティブ・バリュー・ファンドは、発行会社の財務的健全性及び市場での地位が株価に反映されていないと考えており、全ての株主のために株式価値を高めるための方法を話し合うことを目的とし、発行会社の経営陣に対して対話を要求する場合がある。提出者は、2025年12月に発行者を含むすべての投資先に対して書簡を送付し、資本コストや株価を意識した経営の高度な実践、譲渡制限付株式報酬の実施と株式保有ガイドラインの整備の推奨、取締役会の独立性確保といった事項に加え、企業価値と株主共通の利益の観点から、非公開化やスピンオフを含むすべての経営戦略オプションを予断なく検証することを提案し、書簡の内容をウェブサイト上で公表した（https://0f150b20-1256-4ec7-bae7-55db80a2a0d7.usrfiles.com/ugd/5612ae_aa96dbd8c986429eaf45884b299f09d7.pdf [0f150b20-1256-4ec7-bae7-55db80a2a0d7.usrfiles.com]）。今後も当書簡の趣旨に沿って発行者との対話を進めていく予定であり、対話の状況によっては、これらの事項についてさらなる提案を行う可能性がある。,A:賛成率低下,29,31.01,3,24/01: 5.98% → 24/02: 7.05% → 24/02: 7.05% → 24/03: 8.23% → 24/04: 9.42% → 24/04: 10.47% → 24/05: 11.98% → 24/07: 13.29% → 24/07: 14.29% → 24/08: 15.37% → 24/08: 16.38% → 24/08: 17.51% → 24/10: 18.52% → 24/10: 19.54% → 24/11: 21.15% → 24/11: 22.45% → 24/12: 23.57% → 25/01: 23.66% → 25/02: 24.69% → 25/03: 25.77% → 25/06: 26.78% → 25/07: 27.83% → 25/11: 28.92% → 25/11: 32.79% → 26/04: 32.84% → 26/06: 32.84% → 26/06: 32.84% → 26/07: 31.01% → 26/07: 31.01%
4549,栄研化学株式会社,アセット・バリュー・インベスターズ・リミテッド (Asset Value Investors Limited),7.37,24/03: 5.01% → 25/09: 6.01% → 25/12: 7.79% → 25/12: 7.37%,純投資及び重要提案行為等を行うこと,A:賛成率低下,4,7.37,1,24/03: 5.01% → 25/09: 6.01% → 25/12: 7.79% → 25/12: 7.37%
4549,栄研化学株式会社,エヌエーブイエフ・セレクト・マスター・ファンド・エルピー（NAVF Select (Master) Fund LP）,3.62,26/04: 3.62% → 26/06: 3.62% → 26/06: 3.62% → 26/07: 3.62% → 26/07: 3.62%,投資及び経営陣に対する経営の助言並びに状況に応じて重要提案行為等を行うこと。特に、エヌエーブイエフ・セレクト・マスター・ファンド・エルピーは、発行会社の財務的健全性及び市場での地位が株価に反映されていないと考えており、全ての株主のために株式価値を高めるための方法を話し合うことを目的とし、発行会社の経営陣に対して対話を要求する場合がある。提出者は、2025年12月に発行者を含むすべての投資先に対して書簡を送付し、資本コストや株価を意識した経営の高度な実践、譲渡制限付株式報酬の実施と株式保有ガイドラインの整備の推奨、取締役会の独立性確保といった事項に加え、企業価値と株主共通の利益の観点から、非公開化やスピンオフを含むすべての経営戦略オプションを予断なく検証することを提案し、書簡の内容をウェブサイト上で公表した（https://0f150b20-1256-4ec7-bae7-55db80a2a0d7.usrfiles.com/ugd/5612ae_aa96dbd8c986429eaf45884b299f09d7.pdf [0f150b20-1256-4ec7-bae7-55db80a2a0d7.usrfiles.com]）。今後も当書簡の趣旨に沿って発行者との対話を進めていく予定であり、対話の状況によっては、これらの事項についてさらなる提案を行う可能性がある。,A:賛成率低下,5,31.01,3,26/04: 32.84% → 26/06: 32.84% → 26/06: 32.84% → 26/07: 31.01% → 26/07: 31.01%
4549,栄研化学株式会社,エヌエーブイエフ・セレクト・エルエルシー（NAVF Select LLC）,3.57,24/01: 0.96% → 24/02: 1.14% → 24/02: 1.14% → 24/03: 1.22% → 24/04: 1.23% → 24/04: 1.24% → 24/05: 1.30% → 24/07: 1.30% → 24/07: 1.30% → 24/08: 1.30% → 24/08: 1.30% → 24/08: 1.30% → 24/10: 1.30% → 24/10: 1.30% → 24/11: 1.30% → 24/11: 2.08% → 24/12: 2.17% → 25/01: 2.17% → 25/02: 2.18% → 25/03: 2.19% → 25/06: 2.25% → 25/07: 2.27% → 25/11: 2.73% → 25/11: 3.57%,投資及び経営陣に対する経営の助言並びに状況に応じて重要提案行為等を行うこと。特に、エヌエーブイエフ・セレクト・エルエルシーは、発行会社の財務的健全性及び市場での地位が株価に反映されていないと考えており、全ての株主のために株式価値を高めるための方法を話し合うことを目的とし、発行会社の経営陣に対して対話を要求する場合がある。,A:賛成率低下,24,32.79,3,24/01: 5.98% → 24/02: 7.05% → 24/02: 7.05% → 24/03: 8.23% → 24/04: 9.42% → 24/04: 10.47% → 24/05: 11.98% → 24/07: 13.29% → 24/07: 14.29% → 24/08: 15.37% → 24/08: 16.38% → 24/08: 17.51% → 24/10: 18.52% → 24/10: 19.54% → 24/11: 21.15% → 24/11: 22.45% → 24/12: 23.57% → 25/01: 23.66% → 25/02: 24.69% → 25/03: 25.77% → 25/06: 26.78% → 25/07: 27.83% → 25/11: 28.92% → 25/11: 32.79%
4549,栄研化学株式会社,ティー・ロウ・プライス・ジャパン株式会社,3.36,24/05: 3.36%,純投資,A:賛成率低下,1,3.36,1,24/05: 3.36%
4549,栄研化学株式会社,三菱ＵＦＪ信託銀行株式会社,2.94,24/09: 4.22% → 25/06: 2.94%,純投資,A:賛成率低下,2,3.71,2,24/09: 5.03% → 25/06: 3.71%
4549,栄研化学株式会社,アモーヴァ・アセットマネジメント株式会社,2.28,25/09: 2.28%,証券投資信託及び投資一任契約において、株券等の取得・処分の権限を有するもの。,A:賛成率低下,1,4.42,2,25/09: 4.42%
4549,栄研化学株式会社,三井住友トラスト・アセットマネジメント株式会社,2.14,25/09: 2.14%,投資信託契約、投資一任契約に基づく運用を目的として保有するもの。,A:賛成率低下,1,4.42,2,25/09: 4.42%
4549,栄研化学株式会社,三菱ＵＦＪアセットマネジメント株式会社,0.77,24/09: 0.80% → 25/06: 0.77%,純投資,A:賛成率低下,2,3.71,2,24/09: 5.03% → 25/06: 3.71%
4549,栄研化学株式会社,ダルトン・インベストメンツ・エルエルシー（Dalton Investments LLC）,0.00,24/01: 0.00%,提出者は、発行者の株価が過小評価されており魅力的な投資機会であると考えて、発行者の株式を取得し長期的に保有する。提出者は、発行者の財務状況、戦略的決定、取締役会の決定、株価水準、他の投資機会、投資ポートフォリオの集中と分散に関する内部ガイドライン、株式市場の状況、全般的な経済・産業動向などの様々な状況に応じて、発行者の株式や関連金融商品の追加取得、若しくはその全部または一部の売却、その他提出者が適切と考えるあらゆる措置を採る可能性がある。更に提出者は、過小評価されていると提出者が考える発行者の株価および株主価値の向上のため、発行者、その役員・取締役、他の株主等との間で、発行者のコーポレートガバナンス、取締役会の構成、経営、事業、財務状況及び戦略に関して、建設的な対話を行うことを求めていく可能性がある。,A:賛成率低下,1,5.98,4,24/01: 5.98%
4569,杏林製薬株式会社,"コペルニック・グローバル・インヴェスターズ・エルエルシー(Kopernik Global Investers, LLC)",8.75,24/07: 7.24% → 25/06: 8.75% → 25/12: 7.64% → 26/05: 8.75%,純投資,A:賛成率低下,4,8.75,1,24/07: 7.24% → 25/06: 8.75% → 25/12: 7.64% → 26/05: 8.75%
4569,杏林製薬株式会社,株式会社マイカム,8.64,24/02: 7.65% → 25/08: 8.64%,発行会社の役員及びその一族が出資する会社であり、安定株主として長期保有を目的としております。,A:賛成率低下,2,13.47,3,24/02: 12.12% → 25/08: 13.47%
4569,杏林製薬株式会社,株式会社ルーチェス,6.19,26/08: 6.19%,安定株主として長期保有を目的としております。,A:賛成率低下,1,6.19,2,26/08: 6.19%
4569,杏林製薬株式会社,株式会社ショーチァンズ,5.91,26/08: 5.91%,安定株主として長期保有を目的としております。,A:賛成率低下,1,5.91,2,26/08: 5.91%
4569,杏林製薬株式会社,株式会社ルキウス,4.70,24/02: 4.36% → 25/08: 4.70%,発行会社の役員及びその一族が出資する会社であり、安定株主として長期保有を目的としております。,A:賛成率低下,2,13.47,3,24/02: 12.12% → 25/08: 13.47%
4569,杏林製薬株式会社,荻原 年,0.21,24/02: 0.20% → 24/02: 0.20% → 26/08: 0.21%,発行会社の元役員であり、安定株主として長期保有を目的としております。,A:賛成率低下,3,0.21,3,24/02: 7.95% → 24/02: 6.23% → 26/08: 0.21%
4569,杏林製薬株式会社,荻原　豊,0.13,24/02: 0.11% → 25/08: 0.13%,発行会社の役員であり、安定株主として長期保有を目的としております。,A:賛成率低下,2,13.47,3,24/02: 12.12% → 25/08: 13.47%
4569,杏林製薬株式会社,荻原 和子,0.00,24/02: 1.72% → 24/02: 0.00%,発行会社の元役員の配偶者であり、安定株主として長期保有を目的としております。,A:賛成率低下,2,6.23,4,24/02: 7.95% → 24/02: 6.23%
4569,杏林製薬株式会社,株式会社アーチァンズ,0.00,24/02: 3.02% → 24/02: 3.02% → 26/08: 0.00%,該当事項はありません。,A:賛成率低下,3,0.21,3,24/02: 7.95% → 24/02: 6.23% → 26/08: 0.21%
4569,杏林製薬株式会社,株式会社バンリーナ,0.00,24/02: 3.02% → 24/02: 3.02% → 26/08: 0.00%,該当事項はありません。,A:賛成率低下,3,0.21,3,24/02: 7.95% → 24/02: 6.23% → 26/08: 0.21%
4569,杏林製薬株式会社,荻原 万里子,0.00,26/08: 0.00%,安定株主として長期保有を目的としております。,A:賛成率低下,1,6.19,2,26/08: 6.19%
4569,杏林製薬株式会社,荻原 明,0.00,26/08: 0.00%,安定株主として長期保有を目的としております。,A:賛成率低下,1,5.91,2,26/08: 5.91%
4571,ＮＡＮＯホールディングス株式会社,株式会社ＳＢＩ証券,26.09,25/11: 35.78% → 25/12: 34.43% → 26/01: 33.41% → 26/02: 32.37% → 26/02: 30.48% → 26/03: 29.35% → 26/03: 28.11% → 26/04: 27.04% → 26/06: 26.09%,証券業務に係る商品在庫として保有している。,A:賛成率低下,9,26.09,1,25/11: 35.78% → 25/12: 34.43% → 26/01: 33.41% → 26/02: 32.37% → 26/02: 30.48% → 26/03: 29.35% → 26/03: 28.11% → 26/04: 27.04% → 26/06: 26.09%
4571,ＮＡＮＯホールディングス株式会社,株式会社ウィズ・パートナーズ,0.00,25/01: 16.32% → 25/09: 12.69% → 25/09: 12.69% → 25/09: 0.00%,純投資,A:賛成率低下,4,0.00,3,25/01: 20.75% → 25/09: 17.50% → 25/09: 17.50% → 25/09: 0.00%
4571,ＮＡＮＯホールディングス株式会社,アクセリード株式会社,0.00,25/01: 3.23% → 25/09: 3.23% → 25/09: 3.23% → 25/09: 0.00%,政策投資目的,A:賛成率低下,4,0.00,3,25/01: 20.75% → 25/09: 17.50% → 25/09: 17.50% → 25/09: 0.00%
4571,ＮＡＮＯホールディングス株式会社,株式会社ＩＰガイア,0.00,25/01: 3.23% → 25/09: 3.23% → 25/09: 3.23% → 25/09: 0.00%,政策投資目的,A:賛成率低下,4,0.00,3,25/01: 20.75% → 25/09: 17.50% → 25/09: 17.50% → 25/09: 0.00%
4743,株式会社アイティフォー,光通信株式会社,6.81,25/03: 4.92% → 25/04: 5.46% → 25/09: 6.53% → 25/09: 6.81%,純投資,A:賛成率低下,4,7.78,4,25/03: 5.02% → 25/04: 6.07% → 25/09: 7.13% → 25/09: 7.78%
4743,株式会社アイティフォー,三井住友ＤＳアセットマネジメント株式会社,6.00,24/01: 5.20% → 24/02: 6.24% → 24/11: 7.24% → 25/08: 6.00%,純投資（投資収益性を重視して行う投資）,A:賛成率低下,4,6.00,1,24/01: 5.20% → 24/02: 6.24% → 24/11: 7.24% → 25/08: 6.00%
4743,株式会社アイティフォー,三菱ＵＦＪ信託銀行株式会社,2.48,24/02: 3.56% → 24/04: 4.63% → 24/07: 5.68% → 25/02: 5.19% → 25/06: 2.48%,純投資,A:賛成率低下,5,3.75,4,24/02: 5.10% → 24/04: 6.02% → 24/07: 7.38% → 25/02: 6.37% → 25/06: 3.75%
4743,株式会社アイティフォー,株式会社三菱ＵＦＪ銀行,0.63,24/02: 0.61% → 24/04: 0.61% → 24/07: 0.61% → 25/02: 0.61% → 25/06: 0.63%,政策投資,A:賛成率低下,5,3.75,4,24/02: 5.10% → 24/04: 6.02% → 24/07: 7.38% → 25/02: 6.37% → 25/06: 3.75%
4743,株式会社アイティフォー,三菱ＵＦＪアセットマネジメント株式会社,0.52,24/02: 0.61% → 24/04: 0.61% → 24/07: 0.61% → 25/02: 0.56% → 25/06: 0.52%,純投資,A:賛成率低下,5,3.75,4,24/02: 5.10% → 24/04: 6.02% → 24/07: 7.38% → 25/02: 6.37% → 25/06: 3.75%
4743,株式会社アイティフォー,株式会社ザッパラス,0.43,25/04: 0.43% → 25/09: 0.43% → 25/09: 0.43%,純投資,A:賛成率低下,3,7.78,4,25/04: 6.07% → 25/09: 7.13% → 25/09: 7.78%
4743,株式会社アイティフォー,株式会社ＵＨ５,0.36,25/09: 0.36%,純投資,A:賛成率低下,1,7.78,4,25/09: 7.78%
4743,株式会社アイティフォー,さくら損害保険株式会社,0.18,25/03: 0.10% → 25/04: 0.18% → 25/09: 0.18% → 25/09: 0.18%,純投資,A:賛成率低下,4,7.78,4,25/03: 5.02% → 25/04: 6.07% → 25/09: 7.13% → 25/09: 7.78%
4743,株式会社アイティフォー,三菱ＵＦＪモルガン・スタンレー証券株式会社,0.12,24/02: 0.02% → 24/04: 0.16% → 24/07: 0.36% → 25/02: 0.02% → 25/06: 0.12%,商品有価証券等として保有するもの,A:賛成率低下,5,3.75,4,24/02: 5.10% → 24/04: 6.02% → 24/07: 7.38% → 25/02: 6.37% → 25/06: 3.75%
4743,株式会社アイティフォー,auカブコム証券株式会社,0.11,24/02: 0.32% → 24/04: 0.02% → 24/07: 0.11%,証券サービスの一環として実施している借株取引,A:賛成率低下,3,7.38,5,24/02: 5.10% → 24/04: 6.02% → 24/07: 7.38%
4743,株式会社アイティフォー,三菱UFJ eスマート証券株式会社,0.02,25/02: 0.02%,証券サービスの一環として実施している借株取引,A:賛成率低下,1,6.37,3,25/02: 6.37%
4886,あすか製薬ホールディングス株式会社,"ダルトン・インベストメンツ・インク （Dalton Investments, Inc.）",10.03,24/01: 0.52% → 24/04: 0.90% → 24/04: 1.21% → 24/07: 2.10% → 24/08: 2.91% → 24/09: 3.78% → 24/10: 4.40% → 24/11: 5.14% → 24/12: 5.87% → 24/12: 6.26% → 25/01: 6.67% → 25/01: 6.96% → 25/03: 7.73% → 25/03: 8.50% → 25/05: 9.30% → 26/04: 10.03%,提出者は、発行者の株価が過小評価されており魅力的な投資機会であると考えて、発行者の株式を取得し長期的に保有する。提出者は、発行者の財務状況、戦略的決定、取締役会の決定、株価水準、他の投資機会、投資ポートフォリオの集中と分散に関する内部ガイドライン、株式市場の状況、全般的な経済・産業動向などの様々な状況に応じて、発行者の株式や関連金融商品の追加取得、若しくはその全部または一部の売却、その他提出者が適切と考えるあらゆる措置を採る可能性がある。更に提出者は、過小評価されていると提出者が考える発行者の株価および株主価値の向上のため、発行者、その役員・取締役、他の株主等との間で、発行者のコーポレートガバナンス、取締役会の構成、経営、事業、財務状況及び戦略に関して、建設的な対話を行うことを求めていく可能性がある。,A:賛成率低下,16,21.32,3,24/01: 5.53% → 24/04: 6.53% → 24/04: 7.69% → 24/07: 8.71% → 24/08: 9.77% → 24/09: 10.80% → 24/10: 11.82% → 24/11: 12.82% → 24/12: 13.88% → 24/12: 14.90% → 25/01: 15.89% → 25/01: 16.92% → 25/03: 17.94% → 25/03: 19.43% → 25/05: 20.49% → 26/04: 21.32%
4886,あすか製薬ホールディングス株式会社,ニッポン・アクティブ・バリュー・ファンド（NIPPON ACTIVE VALUE FUND PLC）,8.34,24/01: 3.63% → 24/04: 4.16% → 24/04: 4.86% → 24/07: 4.96% → 24/08: 5.19% → 24/09: 5.34% → 24/10: 5.49% → 24/11: 5.59% → 24/12: 5.74% → 24/12: 6.30% → 25/01: 6.80% → 25/01: 7.45% → 25/03: 7.66% → 25/03: 8.22% → 25/05: 8.34% → 26/04: 8.34%,投資及び経営陣に対する経営の助言並びに状況に応じて重要提案行為等を行うこと。特に、ニッポン・アクティブ・バリュー・ファンドは、発行会社の財務的健全性及び市場での地位が株価に反映されていないと考えており、全ての株主のために株式価値を高めるための方法を話し合うことを目的とし、発行会社の経営陣に対して対話を要求する場合がある。,A:賛成率低下,16,21.32,3,24/01: 5.53% → 24/04: 6.53% → 24/04: 7.69% → 24/07: 8.71% → 24/08: 9.77% → 24/09: 10.80% → 24/10: 11.82% → 24/11: 12.82% → 24/12: 13.88% → 24/12: 14.90% → 25/01: 15.89% → 25/01: 16.92% → 25/03: 17.94% → 25/03: 19.43% → 25/05: 20.49% → 26/04: 21.32%
4886,あすか製薬ホールディングス株式会社,株式会社三菱ＵＦＪ銀行,3.60,24/07: 3.60%,政策投資,A:賛成率低下,1,5.92,3,24/07: 5.92%
4886,あすか製薬ホールディングス株式会社,エヌエーブイエフ・セレクト・マスター・ファンド・エルピー（NAVF Select (Master) Fund LP）,2.95,26/04: 2.95%,投資及び経営陣に対する経営の助言並びに状況に応じて重要提案行為等を行うこと。特に、エヌエーブイエフ・セレクト・マスター・ファンド・エルピーは、発行会社の財務的健全性及び市場での地位が株価に反映されていないと考えており、全ての株主のために株式価値を高めるための方法を話し合うことを目的とし、発行会社の経営陣に対して対話を要求する場合がある。,A:賛成率低下,1,21.32,3,26/04: 21.32%
4886,あすか製薬ホールディングス株式会社,エヌエーブイエフ・セレクト・エルエルシー（NAVF Select LLC）,2.85,24/01: 1.38% → 24/04: 1.48% → 24/04: 1.63% → 24/07: 1.65% → 24/08: 1.66% → 24/09: 1.68% → 24/10: 1.93% → 24/11: 2.10% → 24/12: 2.26% → 24/12: 2.34% → 25/01: 2.42% → 25/01: 2.51% → 25/03: 2.55% → 25/03: 2.72% → 25/05: 2.85%,投資及び経営陣に対する経営の助言並びに状況に応じて重要提案行為等を行うこと。特に、エヌエーブイエフ・セレクト・エルエルシーは、発行会社の財務的健全性及び市場での地位が株価に反映されていないと考えており、全ての株主のために株式価値を高めるための方法を話し合うことを目的とし、発行会社の経営陣に対して対話を要求する場合がある。,A:賛成率低下,15,20.49,3,24/01: 5.53% → 24/04: 6.53% → 24/04: 7.69% → 24/07: 8.71% → 24/08: 9.77% → 24/09: 10.80% → 24/10: 11.82% → 24/11: 12.82% → 24/12: 13.88% → 24/12: 14.90% → 25/01: 15.89% → 25/01: 16.92% → 25/03: 17.94% → 25/03: 19.43% → 25/05: 20.49%
4886,あすか製薬ホールディングス株式会社,三菱ＵＦＪ信託銀行株式会社,1.95,24/07: 1.95%,政策投資・純投資,A:賛成率低下,1,5.92,3,24/07: 5.92%
4886,あすか製薬ホールディングス株式会社,三菱ＵＦＪアセットマネジメント株式会社,0.38,24/07: 0.38%,純投資,A:賛成率低下,1,5.92,3,24/07: 5.92%
4886,あすか製薬ホールディングス株式会社,ダルトン・インベストメンツ・エルエルシー（Dalton Investments LLC）,0.00,24/01: 0.00%,提出者は、発行者の株価が過小評価されており魅力的な投資機会であると考えて、発行者の株式を取得し長期的に保有する。提出者は、発行者の財務状況、戦略的決定、取締役会の決定、株価水準、他の投資機会、投資ポートフォリオの集中と分散に関する内部ガイドライン、株式市場の状況、全般的な経済・産業動向などの様々な状況に応じて、発行者の株式や関連金融商品の追加取得、若しくはその全部または一部の売却、その他提出者が適切と考えるあらゆる措置を採る可能性がある。更に提出者は、過小評価されていると提出者が考える発行者の株価および株主価値の向上のため、発行者、その役員・取締役、他の株主等との間で、発行者のコーポレートガバナンス、取締役会の構成、経営、事業、財務状況及び戦略に関して、建設的な対話を行うことを求めていく可能性がある。,A:賛成率低下,1,5.53,4,24/01: 5.53%
4888,ステラファーマ株式会社,"ハイツ・キャピタル・マネジメント・インク(Heights Capital Management, Inc.)",8.13,26/04: 5.68% → 26/04: 2.91% → 26/06: 8.13% → 26/07: 5.51% → 26/07: 8.13%,純投資（提出者は投資一任契約に基づき投資権限を有する）,A:賛成率低下,5,8.13,1,26/04: 5.68% → 26/04: 2.91% → 26/06: 8.13% → 26/07: 5.51% → 26/07: 8.13%
4888,ステラファーマ株式会社,日興アセットマネジメント株式会社,5.60,25/03: 7.61% → 25/05: 5.60%,証券投資信託及び投資一任契約において、株券等の取得・処分の権限を有するもの。,A:賛成率低下,2,5.60,1,25/03: 7.61% → 25/05: 5.60%
4888,ステラファーマ株式会社,ＳＭＢＣ日興証券株式会社,4.61,24/06: 7.79% → 24/06: 5.97% → 24/07: 4.61%,証券業務に係る一時保有のため,A:賛成率低下,3,4.61,1,24/06: 7.79% → 24/06: 5.97% → 24/07: 4.61%
4888,ステラファーマ株式会社,アモーヴァ・アセットマネジメント株式会社,0.19,25/09: 5.74% → 25/11: 0.19%,証券投資信託及び投資一任契約において、株券等の取得・処分の権限を有するもの。,A:賛成率低下,2,0.19,1,25/09: 5.74% → 25/11: 0.19%
4902,コニカミノルタ株式会社,エフィッシモ　キャピタル　マネージメント　ピーティーイー　エルティーディー(Effissimo Capital Management Pte. Ltd.),10.60,24/10: 5.81% → 25/06: 7.48% → 25/08: 9.16% → 26/03: 9.55% → 26/06: 10.60%,"純投資（ただし、うち53,299,600株については投資一任契約に基づく顧客資産運用のため）",C:会社提案否決,5,10.60,1,24/10: 5.81% → 25/06: 7.48% → 25/08: 9.16% → 26/03: 9.55% → 26/06: 10.60%
4902,コニカミノルタ株式会社,野村アセットマネジメント株式会社,4.29,24/07: 4.47% → 25/02: 4.65% → 26/06: 4.29%,信託財産の運用として保有している。,C:会社提案否決,3,4.42,3,24/07: 4.66% → 25/02: 5.01% → 26/06: 4.42%
4902,コニカミノルタ株式会社,株式会社三菱ＵＦＪ銀行,3.60,24/03: 3.60% → 24/07: 3.60%,政策投資・退職給付信託,C:会社提案否決,2,7.18,3,24/03: 7.49% → 24/07: 7.18%
4902,コニカミノルタ株式会社,三井住友トラスト・アセットマネジメント株式会社,2.99,24/02: 3.57% → 25/09: 2.99%,投資信託契約、投資一任契約に基づく運用を目的として保有するもの。,C:会社提案否決,2,5.41,2,24/02: 6.03% → 25/09: 5.41%
4902,コニカミノルタ株式会社,三井住友ＤＳアセットマネジメント株式会社,2.81,24/05: 5.45% → 24/06: 3.60% → 24/11: 2.43% → 24/12: 2.64% → 25/05: 3.74% → 26/02: 2.55% → 26/06: 2.81%,純投資（投資収益性を重視して行う投資）,C:会社提案否決,7,5.39,3,24/05: 7.94% → 24/06: 6.11% → 24/11: 4.90% → 24/12: 5.00% → 25/05: 6.10% → 26/02: 4.91% → 26/06: 5.39%
4902,コニカミノルタ株式会社,三菱ＵＦＪ信託銀行株式会社,2.55,24/03: 2.76% → 24/07: 2.55%,純投資・退職給付信託,C:会社提案否決,2,7.18,3,24/03: 7.49% → 24/07: 7.18%
4902,コニカミノルタ株式会社,日興アセットマネジメント株式会社,2.46,24/02: 2.46%,証券投資信託及び投資一任契約において、株券等の取得・処分の権限を有するもの。,C:会社提案否決,1,6.03,2,24/02: 6.03%
4902,コニカミノルタ株式会社,アモーヴァ・アセットマネジメント株式会社,2.42,25/09: 2.42%,証券投資信託及び投資一任契約において、株券等の取得・処分の権限を有するもの。,C:会社提案否決,1,5.41,2,25/09: 5.41%
4902,コニカミノルタ株式会社,株式会社　三井住友銀行,2.36,24/05: 2.36% → 24/06: 2.36% → 24/11: 2.36% → 24/12: 2.36% → 25/05: 2.36% → 26/02: 2.36% → 26/06: 2.36%,退職給付に充てるため信託拠出しているもの,C:会社提案否決,7,5.39,3,24/05: 7.94% → 24/06: 6.11% → 24/11: 4.90% → 24/12: 5.00% → 25/05: 6.10% → 26/02: 4.91% → 26/06: 5.39%
4902,コニカミノルタ株式会社,三菱ＵＦＪアセットマネジメント株式会社,1.03,24/03: 1.02% → 24/07: 1.03%,純投資,C:会社提案否決,2,7.18,3,24/03: 7.49% → 24/07: 7.18%
4902,コニカミノルタ株式会社,ＳＭＢＣ日興証券株式会社,0.22,24/05: 0.14% → 24/06: 0.15% → 24/11: 0.10% → 26/06: 0.22%,証券業務に係る一時保有のため,C:会社提案否決,4,5.39,3,24/05: 7.94% → 24/06: 6.11% → 24/11: 4.90% → 26/06: 5.39%
4902,コニカミノルタ株式会社,ノムラ　インターナショナル　ピーエルシー（ＮＯＭＵＲＡ　ＩＮＴＥＲＮＡＴＩＯＮＡＬ　ＰＬＣ）,0.12,24/07: 0.06% → 25/02: 0.36% → 26/06: 0.12%,証券業務に係わる商品在庫として保有している。,C:会社提案否決,3,4.42,3,24/07: 4.66% → 25/02: 5.01% → 26/06: 4.42%
4902,コニカミノルタ株式会社,三菱ＵＦＪモルガン・スタンレー証券株式会社,0.07,24/03: 0.11% → 24/07: 0.07%,商品有価証券等として保有するもの,C:会社提案否決,2,7.18,3,24/03: 7.49% → 24/07: 7.18%
4902,コニカミノルタ株式会社,野村證券株式会社,0.00,24/07: 0.19% → 26/06: 0.00%,証券業務に係る商品在庫、及び累積投資業務の運営目的として保有している。,C:会社提案否決,2,4.42,3,24/07: 4.66% → 26/06: 4.42%
4970,東洋合成工業株式会社,エフエムアール エルエルシー（FMR LLC）,4.86,25/11: 5.06% → 26/02: 6.03% → 26/05: 4.86% → 26/06: 5.06% → 26/06: 6.03% → 26/06: 4.86%,顧客の財産を信託証書および契約等に基づき運用するために保有。しかしながら、当該保有証券の名義人は弊社ではなく、顧客の選択した銀行（カストディアンバンク）等になります。,A:賛成率低下,6,4.86,1,25/11: 5.06% → 26/02: 6.03% → 26/05: 4.86% → 26/06: 5.06% → 26/06: 6.03% → 26/06: 4.86%
4970,東洋合成工業株式会社,アリアンツ・グローバル・インベスターズ・アジア・パシフィック・リミテッド(Allianz Global Investors Asia Pacific Limited),4.28,26/03: 4.28%,ポートフォリオ投資,A:賛成率低下,1,4.28,1,26/03: 4.28%
4970,東洋合成工業株式会社,フィデリティ・マネジメント・アンド・リサーチ・ジャパン株式会社,3.77,26/06: 4.16% → 26/06: 4.67% → 26/06: 3.81% → 26/07: 3.77%,当社は自己の投資目的で有価証券を保有していません。記録上の有価証券は関連会社の事務・運営目的のためであり、投資目的ではありません。,A:賛成率低下,4,5.02,2,26/06: 5.06% → 26/06: 6.03% → 26/06: 4.86% → 26/07: 5.02%
4970,東洋合成工業株式会社,アセットマネジメントOne株式会社,2.36,24/02: 5.77% → 24/11: 4.76% → 25/02: 3.47% → 25/06: 2.36%,投資信託または投資一任契約に基づき投資権限を有するもの。,A:賛成率低下,4,4.08,3,24/02: 7.49% → 24/11: 6.48% → 25/02: 5.19% → 25/06: 4.08%
4970,東洋合成工業株式会社,エフエムアール　インベストメント　マネジメント　ユーケー　リミテッド (FMR Investment Management (UK) Limited),1.25,26/06: 0.91% → 26/06: 1.05% → 26/06: 1.36% → 26/07: 1.25%,当社は自己の投資目的で有価証券を保有していません。記録上の有価証券は関連会社の事務・運営目的のためであり、投資目的ではありません。,A:賛成率低下,4,5.02,2,26/06: 5.06% → 26/06: 4.86% → 26/06: 6.03% → 26/07: 5.02%
4970,東洋合成工業株式会社,みずほ信託銀行株式会社,0.98,24/02: 0.98% → 24/11: 0.98% → 25/02: 0.98% → 25/06: 0.98%,発行会社の要請に応え、かつ発行会社との取引関係の強化を図るもの。,A:賛成率低下,4,4.08,3,24/02: 7.49% → 24/11: 6.48% → 25/02: 5.19% → 25/06: 4.08%
4970,東洋合成工業株式会社,株式会社みずほ銀行,0.74,24/02: 0.74% → 24/11: 0.74% → 25/02: 0.74% → 25/06: 0.74%,発行会社の要請に応え、かつ発行会社との取引関係の強化を図るもの。,A:賛成率低下,4,4.08,3,24/02: 7.49% → 24/11: 6.48% → 25/02: 5.19% → 25/06: 4.08%
4970,東洋合成工業株式会社,アセットマネジメントOneインターナショナル（Asset Management One International Ltd.）,0.03,24/02: 0.03%,投資信託または投資一任契約に基づき投資権限を有するもの。,A:賛成率低下,1,7.49,3,24/02: 7.49%
4970,東洋合成工業株式会社,みずほ証券 株式会社,0.00,24/02: 0.00%,ディーリング(短期売買)目的で保有するもの。レンディングその他取引に基づく一時的保有。,A:賛成率低下,1,7.49,3,24/02: 7.49%
4972,綜研化学株式会社,アクシウム・キャピタル・ピーティーイー・エルティーディー（Axium Capital Pte. Ltd.）,23.61,25/11: 6.72% → 25/11: 8.43% → 26/02: 10.19% → 26/02: 11.21% → 26/03: 12.64% → 26/03: 14.92% → 26/05: 16.23% → 26/06: 17.87% → 26/06: 18.93% → 26/07: 20.23% → 26/07: 21.47% → 26/07: 22.60% → 26/07: 23.61%,提出者は、建設的対話をもとに株主価値・企業価値向上を目指す純投資として長期的に保有することを基本方針とするが、発行者の経営方針、財務状況、事業環境、業績見通し、コーポレートガバナンス・コードの遵守状況、取締役会等ガバナンス体制の状況、株価水準、株式市場の状況、全般的な経済・産業動向、提出者における他の投資機会等の様々な状況を考慮し、提出者が適切と判断した時期に、法令で認められる範囲において、発行者の株式の追加取得、又は下記(1)から(4)の事項に関する提案等の重要提案行為等を行う可能性がある。(1)事業ポートフォリオの見直し（重要な財産の処分・譲受け、株式交換・株式移転・会社分割・合併等の組織再編の実施、及び事業の全部又は一部の譲渡・譲受け・休廃止を含む。）(2)発行者のガバナンス体制の改善（役員構成の重要な変更、代表取締役の選解任、及び提出者が指名する役員の選任を含む。）(3)資本政策の見直し（配当方針の重要な変更、増資・減資方針の重要な変更、及び資本政策方針の重要な変更を含む。）(4)上場に関する方針（上場廃止及び発行者以外の者による支配権の取得を含む。）,A:賛成率低下,13,23.61,1,25/11: 6.72% → 25/11: 8.43% → 26/02: 10.19% → 26/02: 11.21% → 26/03: 12.64% → 26/03: 14.92% → 26/05: 16.23% → 26/06: 17.87% → 26/06: 18.93% → 26/07: 20.23% → 26/07: 21.47% → 26/07: 22.60% → 26/07: 23.61%
4972,綜研化学株式会社,三井住友ＤＳアセットマネジメント株式会社,2.50,24/08: 3.77% → 25/12: 2.50%,純投資（投資収益性を重視して行う投資）,A:賛成率低下,2,4.79,3,24/08: 6.06% → 25/12: 4.79%
4972,綜研化学株式会社,"ニュー　フィールド　イーペーパー　カンパニーリミテッド（NEW FIELD E-PAPER CO., LTD.）",2.11,25/03: 2.11% → 26/06: 2.11%,純投資,A:賛成率低下,2,3.80,3,25/03: 5.00% → 26/06: 3.80%
4972,綜研化学株式会社,株式会社　三井住友銀行,1.63,24/08: 1.63% → 25/12: 1.63%,政策保有目的,A:賛成率低下,2,4.79,3,24/08: 6.06% → 25/12: 4.79%
4972,綜研化学株式会社,イー　インク　ホールディングス　インク（E INK HOLDINGS INC.）,1.01,25/03: 2.21% → 26/06: 1.01%,純投資,A:賛成率低下,2,3.80,3,25/03: 5.00% → 26/06: 3.80%
4972,綜研化学株式会社,"ハイディス　テクノロジーズ　カンパニーリミテッド（Hydis Technologies Co., Ltd.）",0.68,25/03: 0.68% → 26/06: 0.68%,純投資,A:賛成率低下,2,3.80,3,25/03: 5.00% → 26/06: 3.80%
4972,綜研化学株式会社,三井住友カード　株式会社,0.66,24/08: 0.66% → 25/12: 0.66%,政策保有目的,A:賛成率低下,2,4.79,3,24/08: 6.06% → 25/12: 4.79%
4972,綜研化学株式会社,ＳＭＢＣファイナンスサービス株式会社,0.00,24/08: 0.00%,令和6年4月1日、三井住友カード株式会社を存続会社とする合併により消滅。,A:賛成率低下,1,6.06,3,24/08: 6.06%
5013,株式会社ユシロ,ｆｕｎｄｎｏｔｅ株式会社,7.48,26/05: 5.56% → 26/06: 7.61% → 26/07: 8.97% → 26/07: 7.48%,株式会社Kaihouの投資助言に基づき投資信託の信託財産の運用のため保有。スチュワードシップ・コードに則り建設的な対話により、IR・資本効率・ガバナンスの高度化と企業価値向上を促す。ただし、受益者の利益を保全するために、保有目的を「重要提案行為を行う」に変更する場合がある。,A:賛成率低下,4,7.48,1,26/05: 5.56% → 26/06: 7.61% → 26/07: 8.97% → 26/07: 7.48%
5013,株式会社ユシロ,株式会社　三井住友銀行,3.73,26/06: 3.73%,政策保有目的,A:賛成率低下,1,4.92,2,26/06: 4.92%
5013,株式会社ユシロ,株式会社三菱ＵＦＪ銀行,2.27,24/05: 2.27% → 24/07: 2.27% → 26/02: 2.27%,政策投資,A:賛成率低下,3,4.00,3,24/05: 5.03% → 24/07: 5.01% → 26/02: 4.00%
5013,株式会社ユシロ,三菱ＵＦＪ信託銀行株式会社,1.22,24/05: 1.85% → 24/07: 2.08% → 26/02: 1.22%,純投資,A:賛成率低下,3,4.00,3,24/05: 5.03% → 24/07: 5.01% → 26/02: 4.00%
5013,株式会社ユシロ,三井住友ＤＳアセットマネジメント株式会社,1.18,26/06: 1.18%,純投資（投資収益性を重視して行う投資）,A:賛成率低下,1,4.92,2,26/06: 4.92%
5013,株式会社ユシロ,三菱ＵＦＪアセットマネジメント株式会社,0.50,24/05: 0.90% → 24/07: 0.46% → 26/02: 0.50%,純投資,A:賛成率低下,3,4.00,3,24/05: 5.03% → 24/07: 5.01% → 26/02: 4.00%
5013,株式会社ユシロ,三菱ＵＦＪモルガン・スタンレー証券株式会社,0.04,24/07: 0.20% → 26/02: 0.04%,商品有価証券等として保有するもの,A:賛成率低下,2,4.00,3,24/07: 5.01% → 26/02: 4.00%
5016,ＪＸ金属株式会社,ENEOSホールディングス株式会社,35.28,25/03: 49.90% → 25/04: 42.38% → 26/05: 42.38% → 26/05: 42.38% → 26/06: 42.38% → 26/07: 35.28%,関係継続のため,A:賛成率低下,6,35.28,1,25/03: 49.90% → 25/04: 42.38% → 26/05: 42.38% → 26/05: 42.38% → 26/06: 42.38% → 26/07: 35.28%
5016,ＪＸ金属株式会社,ブラックロック・ファンド・アドバイザーズ(BlackRock Fund Advisors),1.39,26/07: 1.39%,純投資（投資信託等の資産運用目的）,A:賛成率低下,1,5.20,9,26/07: 5.20%
5016,ＪＸ金属株式会社,ブラックロック・ジャパン株式会社,1.36,26/07: 1.36%,純投資（投資一任契約に基づく顧客の資産運用および投資信託約款に基づく資産運用目的）,A:賛成率低下,1,5.20,9,26/07: 5.20%
5016,ＪＸ金属株式会社,"ブラックロック・インスティテューショナル・トラスト・カンパニー、エヌ．エイ．(BlackRock Institutional Trust Company, N.A.)",0.76,26/07: 0.76%,純投資（顧客および投資信託等の資産運用目的）,A:賛成率低下,1,5.20,9,26/07: 5.20%
5016,ＪＸ金属株式会社,ブラックロック・アセット・マネジメント・アイルランド・リミテッド(BlackRock Asset Management Ireland Limited),0.51,26/07: 0.51%,純投資（顧客および投資信託等の資産運用目的）,A:賛成率低下,1,5.20,9,26/07: 5.20%
5016,ＪＸ金属株式会社,ブラックロック・インベストメント・マネジメント（ユーケー）リミテッド(BlackRock Investment Management (UK) Limited),0.33,26/07: 0.33%,純投資（顧客および投資信託等の資産運用目的）,A:賛成率低下,1,5.20,9,26/07: 5.20%
5016,ＪＸ金属株式会社,ブラックロック(ルクセンブルグ）エス・エー(BlackRock (Luxembourg) S.A.),0.31,26/07: 0.31%,純投資（顧客および投資信託等の資産運用目的）,A:賛成率低下,1,5.20,9,26/07: 5.20%
5016,ＪＸ金属株式会社,"ブラックロック・アドバイザーズ・エルエルシー(BlackRock Advisers, LLC)",0.29,26/07: 0.29%,純投資（顧客および投資信託等の資産運用目的）,A:賛成率低下,1,5.20,9,26/07: 5.20%
5016,ＪＸ金属株式会社,ブラックロック（ネザーランド）BV(BlackRock (Netherlands) BV),0.14,26/07: 0.14%,純投資（顧客および投資信託等の資産運用目的）,A:賛成率低下,1,5.20,9,26/07: 5.20%
5016,ＪＸ金属株式会社,ブラックロック・ファンド・マネジャーズ・リミテッド(BlackRock Fund Managers Limited),0.11,26/07: 0.11%,純投資（顧客および投資信託等の資産運用目的）,A:賛成率低下,1,5.20,9,26/07: 5.20%
5076,インフロニア・ホールディングス株式会社,光が丘興産株式会社,8.93,25/03: 8.93%,安定株主として保有,A:賛成率低下,1,8.93,1,25/03: 8.93%
5076,インフロニア・ホールディングス株式会社,みずほ信託銀行株式会社,6.70,24/10: 2.42% → 25/09: 0.90% → 25/10: 0.88% → 26/02: 0.86% → 26/04: 2.63% → 26/05: 2.63% → 26/06: 4.79% → 26/06: 6.70%,・信託財産として運用その他の信託目的に従い保有するもの,A:賛成率低下,8,11.93,3,24/10: 6.21% → 25/09: 4.97% → 25/10: 5.50% → 26/02: 6.17% → 26/04: 7.34% → 26/05: 7.32% → 26/06: 9.71% → 26/06: 11.93%
5076,インフロニア・ホールディングス株式会社,野村證券株式会社,4.49,24/04: 3.55% → 24/05: 3.65% → 24/05: 3.70% → 24/06: 2.86% → 24/07: 4.05% → 25/07: 5.38% → 25/09: 4.49% → 26/02: 4.38% → 26/04: 4.39% → 26/05: 4.49%,証券業務に係る商品在庫、及び累積投資業務の運営目的として保有している。,A:賛成率低下,10,6.92,3,24/04: 6.97% → 24/05: 6.68% → 24/05: 6.73% → 24/06: 6.66% → 24/07: 6.92% → 25/07: 8.00% → 25/09: 6.82% → 26/02: 6.30% → 26/04: 6.81% → 26/05: 6.92%
5076,インフロニア・ホールディングス株式会社,アセットマネジメントOne株式会社,4.43,24/10: 2.83% → 25/09: 2.68% → 25/10: 3.30% → 26/02: 4.25% → 26/04: 3.81% → 26/05: 3.81% → 26/06: 4.11% → 26/06: 4.43%,・投資信託または投資一任契約に基づき投資権限を有するもの,A:賛成率低下,8,11.93,3,24/10: 6.21% → 25/09: 4.97% → 25/10: 5.50% → 26/02: 6.17% → 26/04: 7.34% → 26/05: 7.32% → 26/06: 9.71% → 26/06: 11.93%
5076,インフロニア・ホールディングス株式会社,野村アセットマネジメント株式会社,1.49,24/04: 2.88% → 24/05: 2.97% → 24/05: 2.94% → 24/06: 2.95% → 24/07: 2.89% → 25/07: 2.92% → 25/09: 2.79% → 26/02: 1.75% → 26/04: 1.79% → 26/05: 1.49%,信託財産の運用として保有している。,A:賛成率低下,10,6.92,3,24/04: 6.97% → 24/05: 6.68% → 24/05: 6.73% → 24/06: 6.66% → 24/07: 6.92% → 25/07: 8.00% → 25/09: 6.82% → 26/02: 6.30% → 26/04: 6.81% → 26/05: 6.92%
5076,インフロニア・ホールディングス株式会社,ノムラ　インターナショナル　ピーエルシー（ＮＯＭＵＲＡ　ＩＮＴＥＲＮＡＴＩＯＮＡＬ　ＰＬＣ）,0.94,24/04: 0.92% → 24/05: 0.45% → 24/05: 0.48% → 24/06: 1.28% → 24/07: 0.43% → 25/07: 0.20% → 25/09: -0.01% → 26/02: 0.56% → 26/04: 1.04% → 26/05: 0.94%,証券業務に係わる商品在庫として保有している。,A:賛成率低下,10,6.92,3,24/04: 6.97% → 24/05: 6.68% → 24/05: 6.73% → 24/06: 6.66% → 24/07: 6.92% → 25/07: 8.00% → 25/09: 6.82% → 26/02: 6.30% → 26/04: 6.81% → 26/05: 6.92%
5076,インフロニア・ホールディングス株式会社,みずほ証券 株式会社,0.80,24/10: 0.96% → 25/09: 1.39% → 25/10: 1.32% → 26/02: 1.07% → 26/04: 0.90% → 26/05: 0.87% → 26/06: 0.81% → 26/06: 0.80%,・ディーリング(短期売買)目的で保有するもの・デリバティブ取引に関連して保有するもの・レンディングその他取引に基づく一時的保有,A:賛成率低下,8,11.93,3,24/10: 6.21% → 25/09: 4.97% → 25/10: 5.50% → 26/02: 6.17% → 26/04: 7.34% → 26/05: 7.32% → 26/06: 9.71% → 26/06: 11.93%
5076,インフロニア・ホールディングス株式会社,株式会社みずほ銀行,0.00,24/10: 0.00%,発行会社の要請に応え、かつ発行会社との取引関係の強化を図るもの。,A:賛成率低下,1,6.21,4,24/10: 6.21%
5076,インフロニア・ホールディングス株式会社,みずほインターナショナル （Mizuho International plc）,0.00,24/10: 0.00% → 25/09: 0.00% → 25/10: 0.00% → 26/02: 0.00% → 26/04: 0.00% → 26/05: 0.00% → 26/06: 0.00%,・デリバティブ取引に関連して保有するもの,A:賛成率低下,7,9.71,3,24/10: 6.21% → 25/09: 4.97% → 25/10: 5.50% → 26/02: 6.17% → 26/04: 7.34% → 26/05: 7.32% → 26/06: 9.71%
5076,インフロニア・ホールディングス株式会社,アセットマネジメントOneインターナショナル（Asset Management One International Ltd.）,0.00,24/10: 0.00%,,A:賛成率低下,1,6.21,4,24/10: 6.21%
5288,アジアパイルホールディングス株式会社,野村アセットマネジメント株式会社,8.20,24/09: 5.70% → 25/02: 6.30% → 25/07: 6.35% → 25/09: 5.88% → 25/10: 5.90% → 26/02: 6.02% → 26/04: 7.12% → 26/05: 8.10% → 26/06: 7.91% → 26/07: 8.20%,信託財産の運用として保有している。,A:賛成率低下,10,9.61,2,24/09: 5.94% → 25/02: 7.48% → 25/07: 7.90% → 25/09: 6.83% → 25/10: 6.92% → 26/02: 6.02% → 26/04: 7.12% → 26/05: 8.21% → 26/06: 10.34% → 26/07: 9.61%
5288,アジアパイルホールディングス株式会社,株式会社みずほ銀行,3.16,24/07: 3.16%,発行会社の要請に応え、かつ発行会社との取引関係の強化を図るもの。,A:賛成率低下,1,5.04,3,24/07: 5.04%
5288,アジアパイルホールディングス株式会社,三菱ＵＦＪ信託銀行株式会社,2.98,24/03: 4.06% → 25/06: 3.15% → 25/11: 2.98%,純投資,A:賛成率低下,3,5.40,3,24/03: 6.13% → 25/06: 4.53% → 25/11: 5.40%
5288,アジアパイルホールディングス株式会社,三井住友トラスト・アセットマネジメント株式会社,1.99,24/05: 5.38% → 24/08: 3.93% → 24/09: 1.99%,投資信託契約、投資一任契約に基づく運用を目的として保有するもの。,A:賛成率低下,3,3.40,2,24/05: 6.65% → 24/08: 5.33% → 24/09: 3.40%
5288,アジアパイルホールディングス株式会社,アセットマネジメントOne株式会社,1.77,24/07: 1.77%,投資信託または投資一任契約に基づき投資権限を有するもの。,A:賛成率低下,1,5.04,3,24/07: 5.04%
5288,アジアパイルホールディングス株式会社,日興アセットマネジメント株式会社,1.41,24/05: 1.28% → 24/08: 1.40% → 24/09: 1.41%,証券投資信託及び投資一任契約において、株券等の取得・処分の権限を有するもの。,A:賛成率低下,3,3.40,2,24/05: 6.65% → 24/08: 5.33% → 24/09: 3.40%
5288,アジアパイルホールディングス株式会社,ノムラ　インターナショナル　ピーエルシー（ＮＯＭＵＲＡ　ＩＮＴＥＲＮＡＴＩＯＮＡＬ　ＰＬＣ）,1.41,24/09: 0.07% → 25/02: 0.04% → 25/07: 0.39% → 25/09: -0.05% → 25/10: 1.02% → 26/02: 0.06% → 26/05: 0.11% → 26/06: 2.43% → 26/07: 1.41%,証券業務に係わる商品在庫として保有している。,A:賛成率低下,9,9.61,2,24/09: 5.94% → 25/02: 7.48% → 25/07: 7.90% → 25/09: 6.83% → 25/10: 6.92% → 26/02: 6.02% → 26/05: 8.21% → 26/06: 10.34% → 26/07: 9.61%
5288,アジアパイルホールディングス株式会社,三菱ＵＦＪモルガン・スタンレー証券株式会社,1.24,25/06: 0.15% → 25/11: 1.24%,商品有価証券等として保有するもの,A:賛成率低下,2,5.40,3,25/06: 4.53% → 25/11: 5.40%
5288,アジアパイルホールディングス株式会社,三菱ＵＦＪアセットマネジメント株式会社,1.19,24/03: 2.07% → 25/06: 1.23% → 25/11: 1.19%,純投資,A:賛成率低下,3,5.40,3,24/03: 6.13% → 25/06: 4.53% → 25/11: 5.40%
5288,アジアパイルホールディングス株式会社,みずほ証券 株式会社,0.10,24/07: 0.10%,ディーリング(短期売買)目的で保有するもの。レンディングその他取引に基づく一時的保有。,A:賛成率低下,1,5.04,3,24/07: 5.04%
5288,アジアパイルホールディングス株式会社,野村證券株式会社,0.02,24/09: 0.18% → 25/02: 1.14% → 25/07: 1.16% → 25/09: 1.00% → 25/10: 0.02%,証券業務に係る商品在庫、及び累積投資業務の運営目的として保有している。,A:賛成率低下,5,6.92,2,24/09: 5.94% → 25/02: 7.48% → 25/07: 7.90% → 25/09: 6.83% → 25/10: 6.92%
5331,ノリタケ株式会社,第一生命保険株式会社,5.56,25/08: 5.56%,純投資（資産の有利な運用のため）,A:賛成率低下 + C:会社提案否決,1,5.56,1,25/08: 5.56%
5331,ノリタケ株式会社,株式会社ストラテジックキャピタル,4.36,25/07: 5.10% → 25/09: 6.10% → 25/10: 7.13% → 25/10: 8.17% → 26/01: 9.22% → 26/02: 9.38% → 26/02: 9.38% → 26/02: 9.38% → 26/03: 8.20% → 26/04: 9.22% → 26/06: 8.14% → 26/06: 6.47% → 26/06: 5.22% → 26/06: 4.36%,株主価値向上のために発行者との建設的対話及び発行者への重要提案行為等を行うこと、並びに純投資。重要提案行為等：当該目的を達成するため、増配（年度毎にDOE8％、配当性向100％の高い方を株主還元方針とすること）、資本政策の方針の重要な変更（有利子負債の活用及び株主資本の抑制を通じて資本構成を改善すること）、政策保有株式の売却、賃貸等不動産の売却及び事業ポートフォリオの見直し（食器事業等の不採算事業の収益改善、譲渡又は廃止を含みます。）の重要提案行為等を行っております。,A:賛成率低下 + C:会社提案否決,14,4.36,1,25/07: 5.10% → 25/09: 6.10% → 25/10: 7.13% → 25/10: 8.17% → 26/01: 9.22% → 26/02: 9.38% → 26/02: 9.38% → 26/02: 9.38% → 26/03: 8.20% → 26/04: 9.22% → 26/06: 8.14% → 26/06: 6.47% → 26/06: 5.22% → 26/06: 4.36%
5331,ノリタケ株式会社,株式会社三菱ＵＦＪ銀行,2.47,24/07: 2.47%,政策投資,A:賛成率低下 + C:会社提案否決,1,4.93,3,24/07: 4.93%
5331,ノリタケ株式会社,三菱ＵＦＪ信託銀行株式会社,1.98,24/07: 1.98%,政策投資・純投資,A:賛成率低下 + C:会社提案否決,1,4.93,3,24/07: 4.93%
5331,ノリタケ株式会社,三菱ＵＦＪアセットマネジメント株式会社,0.48,24/07: 0.48%,純投資,A:賛成率低下 + C:会社提案否決,1,4.93,3,24/07: 4.93%
5342,ジャニス工業株式会社,株式会社ニッソウ,9.47,25/04: 5.28% → 25/12: 6.30% → 25/12: 6.30% → 26/02: 7.35% → 26/02: 8.39% → 26/03: 9.47%,純投資であり、状況に応じて、提出者は発行者の経営陣に対して経営の助言、重要提案行為等を行う場合がある,A:賛成率低下 + C:会社提案否決,6,9.48,4,25/04: 5.28% → 25/12: 6.30% → 25/12: 6.30% → 26/02: 7.36% → 26/02: 8.40% → 26/03: 9.48%
5342,ジャニス工業株式会社,前田　浩,0.00,25/12: 0.00% → 25/12: 0.00% → 26/02: 0.00% → 26/02: 0.00% → 26/03: 0.00%,純投資であり、状況に応じて、提出者は発行者の経営陣に対して経営の助言、重要提案行為等を行う場合がある,A:賛成率低下 + C:会社提案否決,5,9.48,4,25/12: 6.30% → 25/12: 6.30% → 26/02: 7.36% → 26/02: 8.40% → 26/03: 9.48%
5342,ジャニス工業株式会社,前田　供子,0.00,25/12: 0.00% → 25/12: 0.00% → 26/02: 0.00% → 26/02: 0.00% → 26/03: 0.00%,純投資であり、状況に応じて、提出者は発行者の経営陣に対して経営の助言、重要提案行為等を行う場合がある,A:賛成率低下 + C:会社提案否決,5,9.48,4,25/12: 6.30% → 25/12: 6.30% → 26/02: 7.36% → 26/02: 8.40% → 26/03: 9.48%
5342,ジャニス工業株式会社,前田　信,0.00,25/12: 0.00% → 25/12: 0.00% → 26/02: 0.00% → 26/02: 0.00% → 26/03: 0.00%,純投資であり、状況に応じて、提出者は発行者の経営陣に対して経営の助言、重要提案行為等を行う場合がある,A:賛成率低下 + C:会社提案否決,5,9.48,4,25/12: 6.30% → 25/12: 6.30% → 26/02: 7.36% → 26/02: 8.40% → 26/03: 9.48%
5351,品川リフラ株式会社,三井住友信託銀行株式会社,2.08,24/02: 2.98% → 25/08: 2.08%,政策投資として保有するもの。,A:賛成率低下,2,4.10,3,24/02: 5.12% → 25/08: 4.10%
5351,品川リフラ株式会社,三井住友トラスト・アセットマネジメント株式会社,1.27,24/02: 1.38% → 25/08: 1.27%,投資信託契約、投資一任契約に基づく運用を目的として保有するもの。,A:賛成率低下,2,4.10,3,24/02: 5.12% → 25/08: 4.10%
5351,品川リフラ株式会社,日興アセットマネジメント株式会社,0.75,24/02: 0.76% → 25/08: 0.75%,証券投資信託及び投資一任契約において、株券等の取得・処分の権限を有するもの。,A:賛成率低下,2,4.10,3,24/02: 5.12% → 25/08: 4.10%
5368,日本インシュレーション株式会社,光通信株式会社,4.13,24/07: 7.12% → 25/01: 7.46% → 25/08: 7.17% → 25/10: 6.15% → 25/11: 5.10% → 25/12: 4.13%,純投資,A:賛成率低下,6,4.13,1,24/07: 7.24% → 25/01: 8.24% → 25/08: 7.20% → 25/10: 6.18% → 25/11: 5.13% → 25/12: 4.13%
5368,日本インシュレーション株式会社,株式会社三菱ＵＦＪ銀行,4.01,24/07: 4.01%,政策投資,A:賛成率低下,1,5.55,2,24/07: 5.55%
5368,日本インシュレーション株式会社,三菱ＵＦＪ信託銀行株式会社,1.54,24/07: 1.54%,政策投資,A:賛成率低下,1,5.55,2,24/07: 5.55%
5368,日本インシュレーション株式会社,株式会社ＵＨ　Ｐａｒｔｎｅｒｓ　２,0.00,24/07: 0.13% → 25/01: 0.79% → 25/08: 0.03% → 25/10: 0.03% → 25/11: 0.03% → 25/12: 0.00%,,A:賛成率低下,6,4.13,1,24/07: 7.24% → 25/01: 8.24% → 25/08: 7.20% → 25/10: 6.18% → 25/11: 5.13% → 25/12: 4.13%
5384,株式会社フジミインコーポレーテッド,三井住友トラスト・アセットマネジメント株式会社,3.53,24/06: 4.45% → 25/10: 3.53%,投資信託契約、投資一任契約に基づく運用を目的として保有するもの。,A:賛成率低下,2,4.52,2,24/06: 5.53% → 25/10: 4.52%
5384,株式会社フジミインコーポレーテッド,アセットマネジメントOne株式会社,3.00,24/05: 3.94% → 24/09: 3.00%,投資信託または投資一任契約に基づき投資権限を有するもの。,A:賛成率低下,2,4.92,3,24/05: 5.96% → 24/09: 4.92%
5384,株式会社フジミインコーポレーテッド,キャピタル・リサーチ・アンド・マネージメント・カンパニー(Capital Research and Management Company),2.93,24/07: 6.64% → 24/10: 5.52% → 25/02: 2.93%,顧客である日本国外の投資信託のための純投資。,A:賛成率低下,3,2.93,1,24/07: 6.64% → 24/10: 5.52% → 25/02: 2.93%
5384,株式会社フジミインコーポレーテッド,株式会社三菱ＵＦＪ銀行,2.73,24/07: 2.73%,政策投資,A:賛成率低下,1,5.04,3,24/07: 5.04%
5384,株式会社フジミインコーポレーテッド,三菱ＵＦＪ信託銀行株式会社,1.67,24/07: 1.67%,純投資,A:賛成率低下,1,5.04,3,24/07: 5.04%
5384,株式会社フジミインコーポレーテッド,みずほ信託銀行株式会社,1.58,24/05: 1.58% → 24/09: 1.58%,信託財産として運用その他の信託目的に従い保有するもの。,A:賛成率低下,2,4.92,3,24/05: 5.96% → 24/09: 4.92%
5384,株式会社フジミインコーポレーテッド,日興アセットマネジメント株式会社,1.08,24/06: 1.08%,証券投資信託及び投資一任契約において、株券等の取得・処分の権限を有するもの。,A:賛成率低下,1,5.53,2,24/06: 5.53%
5384,株式会社フジミインコーポレーテッド,アモーヴァ・アセットマネジメント株式会社,0.98,25/10: 0.98%,証券投資信託及び投資一任契約において、株券等の取得・処分の権限を有するもの。,A:賛成率低下,1,4.52,2,25/10: 4.52%
5384,株式会社フジミインコーポレーテッド,三菱ＵＦＪアセットマネジメント株式会社,0.64,24/07: 0.64%,純投資,A:賛成率低下,1,5.04,3,24/07: 5.04%
5384,株式会社フジミインコーポレーテッド,株式会社みずほ銀行,0.33,24/05: 0.33% → 24/09: 0.33%,発行会社の要請に応え、かつ発行会社との取引関係の強化を図るもの。,A:賛成率低下,2,4.92,3,24/05: 5.96% → 24/09: 4.92%
5384,株式会社フジミインコーポレーテッド,みずほ証券 株式会社,0.07,24/05: 0.11% → 24/09: 0.07%,ディーリング(短期売買)目的で保有するもの。レンディングその他取引に基づく一時的保有。,A:賛成率低下,2,4.92,3,24/05: 5.96% → 24/09: 4.92%
5384,株式会社フジミインコーポレーテッド,三菱ＵＦＪモルガン・スタンレー証券株式会社,0.02,24/07: 0.02%,商品有価証券等として保有するもの,A:賛成率低下,1,5.04,3,24/07: 5.04%
5541,大平洋金属株式会社,三井住友ＤＳアセットマネジメント株式会社,6.11,26/02: 6.11%,純投資（投資収益性を重視して行う投資）,A:賛成率低下,1,6.11,1,26/02: 6.11%
5541,大平洋金属株式会社,日本機設株式会社代表取締役　長岡　大,4.82,26/07: 4.82% → 26/07: 4.82%,純投資,A:賛成率低下,2,5.02,2,26/07: 5.02% → 26/07: 5.02%
5541,大平洋金属株式会社,野村アセットマネジメント株式会社,2.64,24/02: 6.92% → 24/02: 6.91% → 24/03: 7.27% → 24/04: 2.64%,信託財産の運用として保有している。,A:賛成率低下,4,4.44,4,24/02: 7.98% → 24/02: 7.60% → 24/03: 8.70% → 24/04: 4.44%
5541,大平洋金属株式会社,三井住友トラスト・アセットマネジメント株式会社,2.26,24/01: 2.41% → 24/02: 2.41% → 24/03: 2.32% → 24/04: 2.26%,投資信託契約、投資一任契約に基づく運用を目的として保有するもの。,A:賛成率低下,4,3.64,2,24/01: 6.41% → 24/02: 6.18% → 24/03: 6.13% → 24/04: 3.64%
5541,大平洋金属株式会社,エフィッシモ　キャピタル　マネージメント　ピーティーイー　エルティーディー(Effissimo Capital Management Pte. Ltd.),2.12,24/05: 5.11% → 25/12: 2.12%,"純投資（ただし、うち415,100株については投資一任契約に基づく顧客資産運用のため）",A:賛成率低下,2,2.12,1,24/05: 5.11% → 25/12: 2.12%
5541,大平洋金属株式会社,ノムラ　インターナショナル　ピーエルシー（ＮＯＭＵＲＡ　ＩＮＴＥＲＮＡＴＩＯＮＡＬ　ＰＬＣ）,1.81,24/02: 1.05% → 24/02: 0.69% → 24/03: 1.46% → 24/04: 1.81%,証券業務に係わる商品在庫として保有している。,A:賛成率低下,4,4.44,4,24/02: 7.98% → 24/02: 7.60% → 24/03: 8.70% → 24/04: 4.44%
5541,大平洋金属株式会社,日興アセットマネジメント株式会社,1.38,24/01: 4.00% → 24/02: 3.77% → 24/03: 3.81% → 24/04: 1.38%,証券投資信託及び投資一任契約において、株券等の取得・処分の権限を有するもの。,A:賛成率低下,4,3.64,2,24/01: 6.41% → 24/02: 6.18% → 24/03: 6.13% → 24/04: 3.64%
5541,大平洋金属株式会社,モルガン・スタンレー・アンド・カンパニー・エルエルシー(Morgan Stanley & Co. LLC),0.90,24/04: 1.75% → 24/04: 0.90%,証券業務等にかかる保有,A:賛成率低下,2,0.97,3,24/04: 5.46% → 24/04: 0.97%
5541,大平洋金属株式会社,モルガン・スタンレー・アンド・カンパニー・インターナショナル・ピーエルシー(Morgan Stanley & Co. International plc),0.36,24/04: 3.06% → 24/04: 0.36%,証券業務等にかかる保有,A:賛成率低下,2,0.97,3,24/04: 5.46% → 24/04: 0.97%
5541,大平洋金属株式会社,長岡　大,0.20,26/07: 0.20% → 26/07: 0.20%,純投資,A:賛成率低下,2,5.02,2,26/07: 5.02% → 26/07: 5.02%
5541,大平洋金属株式会社,株式会社シティインデックスイレブンス,0.00,24/01: 0.00% → 24/01: 0.00% → 24/01: 0.00% → 24/02: 0.00% → 24/02: 0.00% → 24/08: 0.00% → 24/08: 0.00% → 24/08: 0.00% → 24/08: 0.00% → 24/11: 0.99% → 25/06: 0.00%,,A:賛成率低下,11,0.00,3,24/01: 5.76% → 24/01: 6.76% → 24/01: 7.83% → 24/02: 5.59% → 24/02: 4.16% → 24/08: 5.40% → 24/08: 6.44% → 24/08: 7.52% → 24/08: 9.10% → 24/11: 10.16% → 25/06: 0.00%
5541,大平洋金属株式会社,野村絢,0.00,24/01: 5.76% → 24/01: 6.76% → 24/01: 7.83% → 24/02: 5.59% → 24/02: 4.16% → 24/08: 5.40% → 24/08: 6.44% → 24/08: 7.52% → 24/08: 9.10% → 24/11: 8.75% → 25/06: 0.00%,,A:賛成率低下,11,0.00,3,24/01: 5.76% → 24/01: 6.76% → 24/01: 7.83% → 24/02: 5.59% → 24/02: 4.16% → 24/08: 5.40% → 24/08: 6.44% → 24/08: 7.52% → 24/08: 9.10% → 24/11: 10.16% → 25/06: 0.00%
5541,大平洋金属株式会社,ノムラ　セキュリテーズ　インターナショナル（ＮＯＭＵＲＡ　ＳＥＣＵＲＩＴＩＥＳ　ＩＮＴＥＲＮＡＴＩＯＮＡＬ，Ｉｎｃ．）,0.00,24/03: 0.00% → 24/04: 0.00%,証券業務に係わる商品在庫として保有している。,A:賛成率低下,2,4.44,4,24/03: 8.70% → 24/04: 4.44%
5541,大平洋金属株式会社,株式会社エスグラントコーポレーション,0.00,24/11: 0.41% → 25/06: 0.00%,,A:賛成率低下,2,0.00,3,24/11: 10.16% → 25/06: 0.00%
5541,大平洋金属株式会社,日鉄ステンレス株式会社,0.00,25/03: 9.35% → 25/04: 0.00%,政策投資（事業活動の円滑な推進）,A:賛成率低下,2,0.00,1,25/03: 9.35% → 25/04: 0.00%
5541,大平洋金属株式会社,日本製鉄株式会社,0.00,25/04: 8.36% → 25/05: 0.00%,該当なし,A:賛成率低下,2,0.00,1,25/04: 8.36% → 25/05: 0.00%
5541,大平洋金属株式会社,野村證券株式会社,-0.02,24/02: 0.00% → 24/02: -0.01% → 24/03: -0.04% → 24/04: -0.02%,証券業務に係る商品在庫、及び累積投資業務の運営目的として保有している。,A:賛成率低下,4,4.44,4,24/02: 7.98% → 24/02: 7.60% → 24/03: 8.70% → 24/04: 4.44%
5541,大平洋金属株式会社,モルガン・スタンレーＭＵＦＧ証券株式会社,-0.29,24/04: 0.65% → 24/04: -0.29%,証券業務等にかかる保有,A:賛成率低下,2,0.97,3,24/04: 5.46% → 24/04: 0.97%
5703,日本軽金属ホールディングス株式会社,野村アセットマネジメント株式会社,4.30,24/09: 6.33% → 24/12: 5.18% → 25/03: 4.30%,信託財産の運用として保有している。,A:賛成率低下,3,4.53,2,24/09: 6.44% → 24/12: 5.29% → 25/03: 4.53%
5703,日本軽金属ホールディングス株式会社,アセットマネジメントOne株式会社,3.77,25/10: 3.47% → 25/11: 4.03% → 26/02: 5.03% → 26/08: 3.77%,・投資信託または投資一任契約に基づき投資権限を有するもの,A:賛成率低下,4,7.09,3,25/10: 6.86% → 25/11: 7.89% → 26/02: 8.39% → 26/08: 7.09%
5703,日本軽金属ホールディングス株式会社,株式会社みずほ銀行,3.18,25/10: 3.18% → 25/11: 3.18% → 26/02: 3.18% → 26/08: 3.18%,・発行会社の要請に応え、かつ発行会社との取引関係の強化を図るもの,A:賛成率低下,4,7.09,3,25/10: 6.86% → 25/11: 7.89% → 26/02: 8.39% → 26/08: 7.09%
5703,日本軽金属ホールディングス株式会社,三井住友トラスト・アセットマネジメント株式会社,2.59,24/02: 3.85% → 24/08: 2.81% → 25/09: 2.59%,投資信託契約、投資一任契約に基づく運用を目的として保有するもの。,A:賛成率低下,3,5.16,3,24/02: 6.92% → 24/08: 5.71% → 25/09: 5.16%
5703,日本軽金属ホールディングス株式会社,ブラックロック・ジャパン株式会社,2.16,25/09: 2.16%,純投資（投資一任契約に基づく顧客の資産運用および投資信託約款に基づく資産運用目的）,A:賛成率低下,1,5.03,5,25/09: 5.03%
5703,日本軽金属ホールディングス株式会社,ブラックロック・ファンド・アドバイザーズ(BlackRock Fund Advisors),1.61,25/09: 1.61%,純投資（投資信託等の資産運用目的）,A:賛成率低下,1,5.03,5,25/09: 5.03%
5703,日本軽金属ホールディングス株式会社,日興アセットマネジメント株式会社,1.43,24/02: 1.60% → 24/08: 1.43%,証券投資信託及び投資一任契約において、株券等の取得・処分の権限を有するもの。,A:賛成率低下,2,5.71,3,24/02: 6.92% → 24/08: 5.71%
5703,日本軽金属ホールディングス株式会社,アモーヴァ・アセットマネジメント株式会社,1.40,25/09: 1.40%,証券投資信託及び投資一任契約において、株券等の取得・処分の権限を有するもの。,A:賛成率低下,1,5.16,3,25/09: 5.16%
5703,日本軽金属ホールディングス株式会社,三井住友信託銀行株式会社,1.17,24/02: 1.47% → 24/08: 1.47% → 25/09: 1.17%,政策投資として保有するもの。,A:賛成率低下,3,5.16,3,24/02: 6.92% → 24/08: 5.71% → 25/09: 5.16%
5703,日本軽金属ホールディングス株式会社,"ブラックロック・インスティテューショナル・トラスト・カンパニー、エヌ．エイ．(BlackRock Institutional Trust Company, N.A.)",0.83,25/09: 0.83%,純投資（顧客および投資信託等の資産運用目的）,A:賛成率低下,1,5.03,5,25/09: 5.03%
5703,日本軽金属ホールディングス株式会社,ノムラ　インターナショナル　ピーエルシー（ＮＯＭＵＲＡ　ＩＮＴＥＲＮＡＴＩＯＮＡＬ　ＰＬＣ）,0.23,24/09: 0.11% → 24/12: 0.01% → 25/03: 0.23%,証券業務に係わる商品在庫として保有している。,A:賛成率低下,3,4.53,2,24/09: 6.44% → 24/12: 5.29% → 25/03: 4.53%
5703,日本軽金属ホールディングス株式会社,ブラックロック・アセット・マネジメント・アイルランド・リミテッド(BlackRock Asset Management Ireland Limited),0.23,25/09: 0.23%,純投資（顧客および投資信託等の資産運用目的）,A:賛成率低下,1,5.03,5,25/09: 5.03%
5703,日本軽金属ホールディングス株式会社,"ブラックロック・フィナンシャル・マネジメント・インク(BlackRock Financial Management, Inc.)",0.20,25/09: 0.20%,純投資（顧客および投資信託等の資産運用目的）,A:賛成率低下,1,5.03,5,25/09: 5.03%
5703,日本軽金属ホールディングス株式会社,アセットマネジメントOneインターナショナル（Asset Management One International Ltd.）,0.14,25/10: 0.11% → 25/11: 0.22% → 26/02: 0.18% → 26/08: 0.14%,・投資信託または投資一任契約に基づき投資権限を有するもの,A:賛成率低下,4,7.09,3,25/10: 6.86% → 25/11: 7.89% → 26/02: 8.39% → 26/08: 7.09%
5703,日本軽金属ホールディングス株式会社,みずほ証券 株式会社,0.05,25/10: 0.11% → 25/11: 0.46% → 26/02: 0.05%,ディーリング(短期売買)目的で保有するもの。レンディングその他取引に基づく一時的保有。,A:賛成率低下,3,8.39,3,25/10: 6.86% → 25/11: 7.89% → 26/02: 8.39%
5703,日本軽金属ホールディングス株式会社,野村證券株式会社,0.00,24/09: 0.01% → 24/12: 0.11% → 25/03: 0.00%,証券業務に係る商品在庫、及び累積投資業務の運営目的として保有している。,A:賛成率低下,3,4.53,2,24/09: 6.44% → 24/12: 5.29% → 25/03: 4.53%
5721,エスクリプトエナジー株式会社,ケイ　レオ　ブラザーズ　リミテッド（KAY LEO BROTHERS LIMITED）,9.08,25/04: 23.29% → 25/04: 21.93% → 25/05: 6.58% → 25/09: 6.58% → 25/09: 16.86% → 25/09: 6.58% → 25/09: 16.86% → 25/09: 16.86% → 25/09: 16.86% → 26/01: 9.08% → 26/01: 9.08% → 26/01: 13.92% → 26/01: 9.08%,当社は、中長期的な投資を目的として保有しておりますが、必要に応じて株主権を行使し、または発行会社に対して経営に関する提案を行う可能性もあります。,C:会社提案否決,13,13.92,2,25/04: 23.29% → 25/04: 21.93% → 25/05: 6.58% → 25/09: 6.58% → 25/09: 16.86% → 25/09: 6.58% → 25/09: 16.86% → 25/09: 16.86% → 25/09: 16.86% → 26/01: 13.92% → 26/01: 13.92% → 26/01: 13.92% → 26/01: 13.92%
5721,エスクリプトエナジー株式会社,ＫＡＹ　ＬＥＯ　ＢＲＯＴＨＥＲＳ　ＬＩＭＩＴＥＤ　ＪＡＰＡＮ株式会社,5.32,26/01: 5.32% → 26/01: 5.32% → 26/01: 0.00% → 26/01: 5.32%,当社は、中長期的な投資を目的として保有しておりますが、必要に応じて株主権を行使し、または発行会社に対して経営に関する提案を行う可能性もあります。,C:会社提案否決,4,13.92,2,26/01: 13.92% → 26/01: 13.92% → 26/01: 13.92% → 26/01: 13.92%
5721,エスクリプトエナジー株式会社,ロング　コリドー　アセット　マネジメント　リミテッド(Long Corridor Asset Management Limited),3.71,25/09: 19.11% → 25/09: 18.20% → 25/09: 16.89% → 25/09: 13.88% → 25/09: 11.02% → 25/10: 11.02% → 25/10: 10.02% → 25/10: 13.88% → 25/10: 7.23% → 25/11: 6.19% → 25/11: 7.19% → 25/11: 5.04% → 25/11: 3.71%,純投資（提出者は投資一任契約に基づき投資権限を有する）,C:会社提案否決,13,3.71,1,25/09: 19.11% → 25/09: 18.20% → 25/09: 16.89% → 25/09: 13.88% → 25/09: 11.02% → 25/10: 11.02% → 25/10: 10.02% → 25/10: 13.88% → 25/10: 7.23% → 25/11: 6.19% → 25/11: 7.19% → 25/11: 5.04% → 25/11: 3.71%
5721,エスクリプトエナジー株式会社,株式会社ミュージックコーポレーション,2.54,25/05: 8.77% → 25/05: 2.54%,純投資,C:会社提案否決,2,2.54,1,25/05: 8.77% → 25/05: 2.54%
5721,エスクリプトエナジー株式会社,株式会社グローバルエナジー,2.04,25/05: 6.58% → 25/06: 2.04%,純投資,C:会社提案否決,2,2.04,1,25/05: 6.58% → 25/06: 2.04%
5721,エスクリプトエナジー株式会社,株式会社エルアイイーエイチ,0.00,25/03: 0.00% → 25/03: 0.00%,該当事項なし,C:会社提案否決,2,0.00,1,25/03: 0.00% → 25/03: 0.00%
5721,エスクリプトエナジー株式会社,フィリップ証券株式会社,0.00,26/03: 7.19% → 26/03: 7.19% → 26/03: 7.19% → 26/03: 7.19% → 26/07: 7.10% → 26/07: 0.00%,純投資,C:会社提案否決,6,0.00,1,26/03: 7.19% → 26/03: 7.19% → 26/03: 7.19% → 26/03: 7.19% → 26/07: 7.10% → 26/07: 0.00%
5821,平河ヒューテック株式会社,アクシウム・キャピタル・ピーティーイー・エルティーディー（Axium Capital Pte. Ltd.）,9.01,25/10: 5.52% → 26/01: 5.92% → 26/04: 8.03% → 26/05: 8.16% → 26/06: 7.68% → 26/06: 8.65% → 26/06: 8.16% → 26/07: 9.01%,提出者は、建設的対話をもとに株主価値・企業価値向上を目指す純投資として長期的に保有することを基本方針とするが、発行者の経営方針、財務状況、事業環境、業績見通し、コーポレートガバナンス・コードの遵守状況、取締役会等ガバナンス体制の状況、株価水準、株式市場の状況、全般的な経済・産業動向、提出者における他の投資機会等の様々な状況を考慮し、提出者が適切と判断した時期に、法令で認められる範囲において、発行者の株式の追加取得、又は下記(1)から(4)の事項に関する提案等の重要提案行為等を行う可能性がある。(1)事業ポートフォリオの見直し（重要な財産の処分・譲受け、株式交換・株式移転・会社分割・合併等の組織再編の実施、及び事業の全部又は一部の譲渡・譲受け・休廃止を含む。）(2)発行者のガバナンス体制の改善（役員構成の重要な変更、代表取締役の選解任、及び提出者が指名する役員の選任を含む。）(3)資本政策の見直し（配当方針の重要な変更、増資・減資方針の重要な変更、及び資本政策方針の重要な変更を含む。）(4)上場に関する方針（上場廃止及び発行者以外の者による支配権の取得を含む。）また、提出者は、発行者は正当化しうる合理的な根拠の無い過剰な財務余力を抱えていることから、発行者に対し、30億円から50億円の自社株買いを即時実施すること、及び、配当性向の方針を現状の30%から60%以上へと引き上げ、2026年度から2030年度を対象期間とする中期経営計画期間中にネットキャッシュを解消する水準の株主還元を実施することを提案している。なお、発行者の過剰なまでの財務余力温存方針と戦略的な投資抑制の根本原因は、隅田和夫会長が過去約40年間に渡り社長、会長を務め続けてきていることからくるガバナンス問題に起因していると考えられることから、第85回定時株主総会における隅田和夫会長の取締役再任議案に反対する予定であるとともに、他の株主に対しても反対の議決権行使を推奨する。より詳細な情報は、https://axium-capital.com/hewtech_20260529/を参照。,A:賛成率低下,8,9.01,1,25/10: 5.52% → 26/01: 5.92% → 26/04: 8.03% → 26/05: 8.16% → 26/06: 7.68% → 26/06: 8.65% → 26/06: 8.16% → 26/07: 9.01%
5821,平河ヒューテック株式会社,三菱ＵＦＪ信託銀行株式会社,3.48,24/09: 3.76% → 25/02: 4.53% → 25/06: 3.48%,純投資,A:賛成率低下,3,4.93,3,24/09: 5.13% → 25/02: 6.25% → 25/06: 4.93%
5821,平河ヒューテック株式会社,株式会社　三井住友銀行,3.40,24/03: 3.40% → 24/04: 3.40% → 25/03: 3.40%,政策保有目的,A:賛成率低下,3,4.14,2,24/03: 7.14% → 24/04: 6.11% → 25/03: 4.14%
5821,平河ヒューテック株式会社,隅田　和夫,3.12,25/04: 3.12%,発行会社の役員として経営に参加するため、またその経営の安定化を図るため保有,A:賛成率低下,1,5.11,2,25/04: 5.11%
5821,平河ヒューテック株式会社,隅田　文子,1.98,25/04: 1.98%,発行会社の役員の配偶者であり、安定株主としての長期保有を目的としております,A:賛成率低下,1,5.11,2,25/04: 5.11%
5821,平河ヒューテック株式会社,三菱ＵＦＪアセットマネジメント株式会社,0.92,24/09: 0.86% → 25/02: 0.86% → 25/06: 0.92%,純投資,A:賛成率低下,3,4.93,3,24/09: 5.13% → 25/02: 6.25% → 25/06: 4.93%
5821,平河ヒューテック株式会社,ＳＭＢＣ日興証券株式会社,0.74,24/03: 2.93% → 24/04: 2.41% → 25/03: 0.74%,証券業務に係る一時保有のため,A:賛成率低下,3,4.14,2,24/03: 7.14% → 24/04: 6.11% → 25/03: 4.14%
5821,平河ヒューテック株式会社,株式会社三菱ＵＦＪ銀行,0.54,24/09: 0.51% → 25/02: 0.51% → 25/06: 0.54%,政策投資,A:賛成率低下,3,4.93,3,24/09: 5.13% → 25/02: 6.25% → 25/06: 4.93%
5821,平河ヒューテック株式会社,三井住友ＤＳアセットマネジメント株式会社,0.04,24/03: 0.81% → 24/04: 0.30% → 25/03: 0.04%,純投資（投資収益性を重視して行う投資）（共同保有者から除外）,A:賛成率低下,3,4.14,2,24/03: 7.14% → 24/04: 6.11% → 25/03: 4.14%
5821,平河ヒューテック株式会社,三菱ＵＦＪモルガン・スタンレー証券株式会社,0.03,25/02: 0.34% → 25/06: 0.03%,商品有価証券等として保有するもの,A:賛成率低下,2,4.93,3,25/02: 6.25% → 25/06: 4.93%
5838,楽天銀行株式会社,JPモルガン・アセット・マネジメント株式会社,4.66,24/01: 3.95% → 24/03: 4.27% → 24/05: 5.53% → 24/06: 5.82% → 24/07: 6.00% → 24/08: 6.23% → 24/08: 6.32% → 24/11: 6.07% → 24/12: 6.17% → 24/12: 6.02% → 25/01: 6.01% → 25/02: 5.96% → 25/03: 5.12% → 25/04: 4.09% → 25/10: 4.74% → 26/01: 4.64% → 26/01: 4.22% → 26/02: 4.02% → 26/03: 4.20% → 26/03: 4.54% → 26/04: 4.57% → 26/05: 4.55% → 26/06: 4.66%,顧客または投資信託等の資産運用（純投資）,A:賛成率低下,23,6.42,5,24/01: 6.23% → 24/03: 6.85% → 24/05: 8.21% → 24/06: 8.37% → 24/07: 8.36% → 24/08: 8.76% → 24/08: 9.28% → 24/11: 8.95% → 24/12: 9.08% → 24/12: 8.33% → 25/01: 8.34% → 25/02: 8.17% → 25/03: 7.74% → 25/04: 6.14% → 25/10: 6.95% → 26/01: 7.27% → 26/01: 6.17% → 26/02: 6.40% → 26/03: 5.30% → 26/03: 5.86% → 26/04: 5.93% → 26/05: 6.29% → 26/06: 6.42%
5838,楽天銀行株式会社,ＪＰモルガン・アセット・マネジメント（アジア・パシフィック）リミテッド (JPMorgan Asset Management (Asia Pacific) Limited),0.86,24/01: 0.94% → 24/03: 1.46% → 24/05: 1.39% → 24/06: 1.19% → 24/07: 1.19% → 24/08: 1.21% → 24/08: 1.21% → 24/11: 1.21% → 24/12: 1.21% → 24/12: 1.31% → 25/01: 1.31% → 25/02: 1.15% → 25/03: 1.13% → 25/04: 0.95% → 25/10: 0.71% → 26/01: 0.76% → 26/01: 0.63% → 26/02: 0.69% → 26/03: 0.57% → 26/03: 0.44% → 26/04: 0.42% → 26/05: 0.45% → 26/06: 0.86%,顧客または投資信託等の資産運用（純投資）,A:賛成率低下,23,6.42,5,24/01: 6.23% → 24/03: 6.85% → 24/05: 8.21% → 24/06: 8.37% → 24/07: 8.36% → 24/08: 8.76% → 24/08: 9.28% → 24/11: 8.95% → 24/12: 9.08% → 24/12: 8.33% → 25/01: 8.34% → 25/02: 8.17% → 25/03: 7.74% → 25/04: 6.14% → 25/10: 6.95% → 26/01: 7.27% → 26/01: 6.17% → 26/02: 6.40% → 26/03: 5.30% → 26/03: 5.86% → 26/04: 5.93% → 26/05: 6.29% → 26/06: 6.42%
5838,楽天銀行株式会社,ジェー・ピー・モルガン・セキュリティーズ・ピーエルシー (J.P. Morgan Securities plc),0.76,24/01: 0.14% → 24/03: 0.07% → 24/05: 0.08% → 24/06: 0.09% → 24/07: 0.16% → 24/08: 0.05% → 24/08: 0.51% → 24/11: 0.31% → 24/12: 0.00% → 24/12: 0.01% → 25/01: 0.06% → 25/02: 0.12% → 25/03: 0.55% → 25/04: 0.41% → 25/10: 0.13% → 26/01: 0.38% → 26/01: 0.43% → 26/02: 0.62% → 26/03: 0.30% → 26/03: 0.10% → 26/04: 0.51% → 26/05: 0.85% → 26/06: 0.76%,金融商品取引業務にかかる保有,A:賛成率低下,23,6.42,5,24/01: 6.23% → 24/03: 6.85% → 24/05: 8.21% → 24/06: 8.37% → 24/07: 8.36% → 24/08: 8.76% → 24/08: 9.28% → 24/11: 8.95% → 24/12: 9.08% → 24/12: 8.33% → 25/01: 8.34% → 25/02: 8.17% → 25/03: 7.74% → 25/04: 6.14% → 25/10: 6.95% → 26/01: 7.27% → 26/01: 6.17% → 26/02: 6.40% → 26/03: 5.30% → 26/03: 5.86% → 26/04: 5.93% → 26/05: 6.29% → 26/06: 6.42%
5838,楽天銀行株式会社,ジェー・ピー・モルガン・セキュリティーズ・エルエルシー　（J.P. Morgan Securities LLC),0.37,24/01: 0.08% → 24/03: 0.17% → 24/05: 0.06% → 24/08: 0.03% → 24/08: 0.04% → 24/11: 0.04% → 24/12: 0.05% → 24/12: 0.04% → 25/01: 0.04% → 25/10: 0.11% → 26/01: 0.19% → 26/01: 0.20% → 26/02: 0.27% → 26/03: 0.35% → 26/03: 0.41% → 26/04: 0.44% → 26/05: 0.42% → 26/06: 0.37%,金融商品取引業務にかかる保有,A:賛成率低下,18,6.42,5,24/01: 6.23% → 24/03: 6.85% → 24/05: 8.21% → 24/08: 8.76% → 24/08: 9.28% → 24/11: 8.95% → 24/12: 9.08% → 24/12: 8.33% → 25/01: 8.34% → 25/10: 6.95% → 26/01: 7.27% → 26/01: 6.17% → 26/02: 6.40% → 26/03: 5.30% → 26/03: 5.86% → 26/04: 5.93% → 26/05: 6.29% → 26/06: 6.42%
5838,楽天銀行株式会社,ジェー・ピー・モルガン・チェース・バンク・ナショナル・アソシエーション,0.10,26/01: 0.10% → 26/01: 0.10%,米国及び国内外において、銀行業（投資銀行・商業銀行業務及び資産運用業務等を含む。）を営む上で、国内の株式に投資している。みなし共同保有者から除外する。,A:賛成率低下,2,6.17,7,26/01: 7.27% → 26/01: 6.17%
5838,楽天銀行株式会社,ジェー・ピー・モルガン・プライム・インク (J.P. Morgan Prime Inc.),0.08,24/01: 0.08%,有価証券貸借業務にかかる保有。みなし共同保有者から除外する。,A:賛成率低下,1,6.23,6,24/01: 6.23%
5838,楽天銀行株式会社,ジェー・ピー・モルガン・アセット・マネジメント（ユーケー）リミテッド　(JPMorgan Asset Management(UK)Limited),0.02,24/01: 0.28% → 24/03: 0.31% → 24/05: 0.33% → 24/06: 0.33% → 24/07: 0.32% → 24/08: 0.43% → 24/08: 0.43% → 24/11: 0.37% → 24/12: 0.37% → 24/12: 0.34% → 25/01: 0.34% → 25/02: 0.33% → 25/03: 0.33% → 25/04: 0.25% → 25/10: 0.29% → 26/01: 0.14% → 26/01: 0.02%,顧客の資産運用を図り、有価証券等への投資の一部として、日本株を保有するファンドでの買付にかかるもので、純投資を目的としている。みなし共同保有者から除外する。,A:賛成率低下,17,6.17,7,24/01: 6.23% → 24/03: 6.85% → 24/05: 8.21% → 24/06: 8.37% → 24/07: 8.36% → 24/08: 8.76% → 24/08: 9.28% → 24/11: 8.95% → 24/12: 9.08% → 24/12: 8.33% → 25/01: 8.34% → 25/02: 8.17% → 25/03: 7.74% → 25/04: 6.14% → 25/10: 6.95% → 26/01: 7.27% → 26/01: 6.17%
5838,楽天銀行株式会社,ジェー・ピー・モルガン・インベストメント・マネージメント・インク　(J.P. Morgan Investment Management Inc.),0.00,24/01: 0.48% → 24/03: 0.56% → 24/05: 0.61% → 24/06: 0.61% → 24/07: 0.61% → 24/08: 0.77% → 24/08: 0.77% → 24/11: 0.65% → 24/12: 0.65% → 24/12: 0.58% → 25/01: 0.62% → 25/02: 0.62% → 25/03: 0.61% → 25/04: 0.48% → 25/10: 0.56% → 26/01: 0.54% → 26/01: 0.32% → 26/02: 0.32% → 26/03: 0.00%,顧客の資産運用を図り、有価証券等への投資の一部として、日本株を保有するファンドでの買付にかかるもので、純投資を目的としている。みなし共同保有者から除外する。,A:賛成率低下,19,5.30,5,24/01: 6.23% → 24/03: 6.85% → 24/05: 8.21% → 24/06: 8.37% → 24/07: 8.36% → 24/08: 8.76% → 24/08: 9.28% → 24/11: 8.95% → 24/12: 9.08% → 24/12: 8.33% → 25/01: 8.34% → 25/02: 8.17% → 25/03: 7.74% → 25/04: 6.14% → 25/10: 6.95% → 26/01: 7.27% → 26/01: 6.17% → 26/02: 6.40% → 26/03: 5.30%
5838,楽天銀行株式会社,ジェー・ピー・モルガン・エス・イー (J.P. Morgan SE),0.00,26/01: 0.42% → 26/01: 0.43% → 26/02: 0.42% → 26/03: 0.00%,金融商品取引業務にかかる保有。みなし共同保有者から除外する。,A:賛成率低下,4,5.30,5,26/01: 7.27% → 26/01: 6.17% → 26/02: 6.40% → 26/03: 5.30%
5838,楽天銀行株式会社,JPモルガン証券株式会社,-0.23,24/01: 0.45% → 24/03: 0.01% → 24/05: 0.35% → 24/06: 0.33% → 24/07: 0.08% → 24/08: 0.04% → 24/08: 0.01% → 24/11: 0.30% → 24/12: 0.61% → 24/12: 0.03% → 25/01: 0.01% → 25/02: 0.06% → 25/03: -0.01% → 25/04: -0.04% → 25/10: 0.41% → 26/01: 0.11% → 26/01: -0.04% → 26/02: 0.06% → 26/03: -0.12% → 26/03: 0.37% → 26/04: -0.01% → 26/05: 0.01% → 26/06: -0.23%,金融商品取引業務にかかる保有,A:賛成率低下,23,6.42,5,24/01: 6.23% → 24/03: 6.85% → 24/05: 8.21% → 24/06: 8.37% → 24/07: 8.36% → 24/08: 8.76% → 24/08: 9.28% → 24/11: 8.95% → 24/12: 9.08% → 24/12: 8.33% → 25/01: 8.34% → 25/02: 8.17% → 25/03: 7.74% → 25/04: 6.14% → 25/10: 6.95% → 26/01: 7.27% → 26/01: 6.17% → 26/02: 6.40% → 26/03: 5.30% → 26/03: 5.86% → 26/04: 5.93% → 26/05: 6.29% → 26/06: 6.42%
5905,日本製罐株式会社,株式会社みみっく,10.59,24/05: 5.03% → 24/11: 6.04% → 25/07: 7.44% → 26/01: 8.48% → 26/04: 9.55% → 26/07: 10.59%,純投資,A:賛成率低下 + B:新規株主提案,6,10.59,1,24/05: 5.03% → 24/11: 6.04% → 25/07: 7.44% → 26/01: 8.48% → 26/04: 9.55% → 26/07: 10.59%
5922,那須電機鉄工株式会社,ニッポン・アクティブ・バリュー・ファンド（NIPPON ACTIVE VALUE FUND PLC）,7.84,24/05: 4.71% → 24/08: 5.68% → 24/10: 6.25% → 24/12: 6.51% → 25/01: 6.78% → 25/07: 7.25% → 26/04: 7.25% → 26/06: 7.84% → 26/07: 7.84%,投資及び経営陣に対する経営の助言並びに状況に応じて重要提案行為等を行うこと。特に、ニッポン・アクティブ・バリュー・ファンドは、発行会社の財務的健全性及び市場での地位が株価に反映されていないと考えており、全ての株主のために株式価値を高めるための方法を話し合うことを目的とし、発行会社の経営陣に対して対話を要求する場合がある。提出者は、2026年4月15日付で、同年6月開催予定の発行者の定時株主総会に向け、①当社株式の大規模買付行為への対応方針（買収への対応方針）廃止の件、②自己株式取得の件、③社外取締役の員数に関する定款変更の件、④譲渡制限付株式報酬制度に関する報酬額承認の件、⑤定時株主総会の基準日に関する定款変更の件、の5議案から成る株主提案を行った。提出者は、2025年12月に発行者を含むすべての投資先に対して書簡を送付し、資本コストや株価を意識した経営の高度な実践、譲渡制限付株式報酬の実施と株式保有ガイドラインの整備の推奨、取締役会の独立性確保といった事項に加え、企業価値と株主共通の利益の観点から、非公開化やスピンオフを含むすべての経営戦略オプションを予断なく検証することを提案し、書簡の内容をウェブサイト上で公表した（https://0f150b20-1256-4ec7-bae7-55db80a2a0d7.usrfiles.com/ugd/5612ae_aa96dbd8c986429eaf45884b299f09d7.pdf [0f150b20-1256-4ec7-bae7-55db80a2a0d7.usrfiles.com]）。今後も当書簡の趣旨に沿って発行者との対話を進めていく予定であり、対話の状況によっては、これらの事項についてさらなる提案を行う可能性がある。,A:賛成率低下 + C:会社提案否決,9,11.68,3,24/05: 5.43% → 24/08: 6.56% → 24/10: 7.58% → 24/12: 8.59% → 25/01: 8.94% → 25/07: 9.95% → 26/04: 10.68% → 26/06: 11.68% → 26/07: 11.68%
5922,那須電機鉄工株式会社,株式会社ケー・エフ・シー,5.01,25/12: 5.01% → 26/01: 5.01%,取引関係の強化,A:賛成率低下 + C:会社提案否決,2,5.01,1,25/12: 5.01% → 26/01: 5.01%
5922,那須電機鉄工株式会社,株式会社　三井住友銀行,4.17,25/09: 4.17%,政策保有目的,A:賛成率低下 + C:会社提案否決,1,5.03,2,25/09: 5.03%
5922,那須電機鉄工株式会社,エヌエーブイエフ・セレクト・マスター・ファンド・エルピー（NAVF Select (Master) Fund LP）,3.78,26/04: 3.43% → 26/06: 3.78% → 26/07: 3.78%,投資及び経営陣に対する経営の助言並びに状況に応じて重要提案行為等を行うこと。特に、エヌエーブイエフ・セレクト・マスター・ファンド・エルピーは、発行会社の財務的健全性及び市場での地位が株価に反映されていないと考えており、全ての株主のために株式価値を高めるための方法を話し合うことを目的とし、発行会社の経営陣に対して対話を要求する場合がある。提出者は、2025年12月に発行者を含むすべての投資先に対して書簡を送付し、資本コストや株価を意識した経営の高度な実践、譲渡制限付株式報酬の実施と株式保有ガイドラインの整備の推奨、取締役会の独立性確保といった事項に加え、企業価値と株主共通の利益の観点から、非公開化やスピンオフを含むすべての経営戦略オプションを予断なく検証することを提案し、書簡の内容をウェブサイト上で公表した（https://0f150b20-1256-4ec7-bae7-55db80a2a0d7.usrfiles.com/ugd/5612ae_aa96dbd8c986429eaf45884b299f09d7.pdf [0f150b20-1256-4ec7-bae7-55db80a2a0d7.usrfiles.com]）。今後も当書簡の趣旨に沿って発行者との対話を進めていく予定であり、対話の状況によっては、これらの事項についてさらなる提案を行う可能性がある。,A:賛成率低下 + C:会社提案否決,3,11.68,3,26/04: 10.68% → 26/06: 11.68% → 26/07: 11.68%
5922,那須電機鉄工株式会社,エヌエーブイエフ・セレクト・エルエルシー（NAVF Select LLC）,2.51,24/05: 0.73% → 24/08: 0.88% → 24/10: 1.33% → 24/12: 2.08% → 25/01: 2.08% → 25/07: 2.51%,投資及び経営陣に対する経営の助言並びに状況に応じて重要提案行為等を行うこと。特に、エヌエーブイエフ・セレクト・エルエルシーは、発行会社の財務的健全性及び市場での地位が株価に反映されていないと考えており、全ての株主のために株式価値を高めるための方法を話し合うことを目的とし、発行会社の経営陣に対して対話を要求する場合がある。,A:賛成率低下 + C:会社提案否決,6,9.95,3,24/05: 5.43% → 24/08: 6.56% → 24/10: 7.58% → 24/12: 8.59% → 25/01: 8.94% → 25/07: 9.95%
5922,那須電機鉄工株式会社,三井住友ＤＳアセットマネジメント株式会社,0.87,25/09: 0.87%,純投資（投資収益性を重視して行う投資）,A:賛成率低下 + C:会社提案否決,1,5.03,2,25/09: 5.03%
5922,那須電機鉄工株式会社,"ダルトン・インベストメンツ・インク（Dalton Investments, Inc.）",0.07,25/01: 0.08% → 25/07: 0.19% → 26/04: 0.00% → 26/06: 0.07% → 26/07: 0.07%,提出者は、発行者の株価が過小評価されており魅力的な投資機会であると考えて、発行者の株式を取得し長期的に保有する。提出者は、発行者の財務状況、戦略的決定、取締役会の決定、株価水準、他の投資機会、投資ポートフォリオの集中と分散に関する内部ガイドライン、株式市場の状況、全般的な経済・産業動向などの様々な状況に応じて、発行者の株式や関連金融商品の追加取得、若しくはその全部または一部の売却、その他提出者が適切と考えるあらゆる措置を採る可能性がある。更に提出者は、過小評価されていると提出者が考える発行者の株価および株主価値の向上のため、発行者、その役員・取締役、他の株主等との間で、発行者のコーポレートガバナンス、取締役会の構成、経営、事業、財務状況及び戦略に関して、建設的な対話を行うことを求めていく可能性がある。提出者は、2025年12月に発行者を含むすべての投資先に対して書簡を送付し、資本コストや株価を意識した経営の高度な実践、譲渡制限付株式報酬の実施と株式保有ガイドラインの整備の推奨、取締役会の独立性確保といった事項に加え、企業価値と株主共通の利益の観点から、非公開化やスピンオフを含むすべての経営戦略オプションを予断なく検証することを提案し、書簡の内容をウェブサイト上で公表した（https://0f150b20-1256-4ec7-bae7-55db80a2a0d7.usrfiles.com/ugd/5612ae_aa96dbd8c986429eaf45884b299f09d7.pdf [0f150b20-1256-4ec7-bae7-55db80a2a0d7.usrfiles.com]）。今後も当書簡の趣旨に沿って発行者との対話を進めていく予定であり、対話の状況によっては、これらの事項についてさらなる提案を行う可能性がある。,A:賛成率低下 + C:会社提案否決,5,11.68,3,25/01: 8.94% → 25/07: 9.95% → 26/04: 10.68% → 26/06: 11.68% → 26/07: 11.68%
5930,文化シヤッター株式会社,"ダルトン・インベストメンツ・インク（Dalton Investments, Inc.）",13.90,24/01: 1.33% → 24/02: 1.33% → 24/04: 2.29% → 24/05: 3.37% → 24/06: 5.87% → 24/06: 8.38% → 24/09: 9.40% → 24/10: 10.42% → 24/11: 11.44% → 25/01: 11.77% → 25/03: 12.77% → 25/05: 13.82% → 25/06: 14.81% → 26/04: 15.48% → 26/07: 13.90% → 26/07: 13.90%,提出者は、発行者の株価が過小評価されており魅力的な投資機会であると考えて、発行者の株式を取得し長期的に保有する。提出者は、発行者の財務状況、戦略的決定、取締役会の決定、株価水準、他の投資機会、投資ポートフォリオの集中と分散に関する内部ガイドライン、株式市場の状況、全般的な経済・産業動向などの様々な状況に応じて、発行者の株式や関連金融商品の追加取得、若しくはその全部または一部の売却、その他提出者が適切と考えるあらゆる措置を採る可能性がある。更に提出者は、過小評価されていると提出者が考える発行者の株価および株主価値の向上のため、発行者、その役員・取締役、他の株主等との間で、発行者のコーポレートガバナンス、取締役会の構成、経営、事業、財務状況及び戦略に関して、建設的な対話を行うことを求めていく可能性がある。提出者は、2025年12月に発行者を含むすべての投資先に対して書簡を送付し、資本コストや株価を意識した経営の高度な実践、譲渡制限付株式報酬の実施と株式保有ガイドラインの整備の推奨、取締役会の独立性確保といった事項に加え、企業価値と株主共通の利益の観点から、非公開化やスピンオフを含むすべての経営戦略オプションを予断なく検証することを提案し、書簡の内容をウェブサイト上で公表した（https://0f150b20-1256-4ec7-bae7-55db80a2a0d7.usrfiles.com/ugd/5612ae_aa96dbd8c986429eaf45884b299f09d7.pdf [0f150b20-1256-4ec7-bae7-55db80a2a0d7.usrfiles.com]）。今後も当書簡の趣旨に沿って発行者との対話を進めていく予定であり、対話の状況によっては、これらの事項についてさらなる提案を行う可能性がある。,A:賛成率低下,16,18.97,3,24/01: 6.07% → 24/02: 6.10% → 24/04: 7.13% → 24/05: 8.21% → 24/06: 10.72% → 24/06: 13.23% → 24/09: 14.24% → 24/10: 15.27% → 24/11: 16.29% → 25/01: 16.62% → 25/03: 17.62% → 25/05: 18.66% → 25/06: 19.69% → 26/04: 20.55% → 26/07: 18.97% → 26/07: 18.97%
5930,文化シヤッター株式会社,文化シヤッター関連企業持株会　理事長　遠藤幸一,7.92,24/12: 7.92%,文化シヤッター株式会社と取引関係にある企業が文化シヤッター株式会社の株式の取得により、相互間の親睦関係の増進に寄与するため。,A:賛成率低下,1,7.92,1,24/12: 7.92%
5930,文化シヤッター株式会社,文化シヤッター関連企業持株会　理事長　根本武,7.02,24/12: 0.00% → 24/12: 6.02% → 24/12: 7.02%,文化シヤッター株式会社と取引関係にある企業が文化シヤッター株式会社の株式の取得により、相互間の親睦関係の増進に寄与するため。,A:賛成率低下,3,7.02,1,24/12: 0.00% → 24/12: 6.02% → 24/12: 7.02%
5930,文化シヤッター株式会社,株式会社ストラテジックキャピタル,3.74,24/06: 3.74%,純投資及び状況に応じて重要提案行為等を行うこと。,A:賛成率低下,1,3.74,1,24/06: 3.74%
5930,文化シヤッター株式会社,ニッポン・アクティブ・バリュー・ファンド（NIPPON ACTIVE VALUE FUND PLC）,3.46,24/01: 3.38% → 24/02: 3.40% → 24/04: 3.45% → 24/05: 3.46% → 24/06: 3.46% → 24/06: 3.46% → 24/09: 3.46% → 24/10: 3.46% → 24/11: 3.46% → 25/01: 3.46% → 25/03: 3.46% → 25/05: 3.46% → 25/06: 3.46% → 26/04: 3.46% → 26/07: 3.46% → 26/07: 3.46%,投資及び経営陣に対する経営の助言並びに状況に応じて重要提案行為等を行うこと。特に、ニッポン・アクティブ・バリュー・ファンドは、発行会社の財務的健全性及び市場での地位が株価に反映されていないと考えており、全ての株主のために株式価値を高めるための方法を話し合うことを目的とし、発行会社の経営陣に対して対話を要求する場合がある。提出者は、2025年12月に発行者を含むすべての投資先に対して書簡を送付し、資本コストや株価を意識した経営の高度な実践、譲渡制限付株式報酬の実施と株式保有ガイドラインの整備の推奨、取締役会の独立性確保といった事項に加え、企業価値と株主共通の利益の観点から、非公開化やスピンオフを含むすべての経営戦略オプションを予断なく検証することを提案し、書簡の内容をウェブサイト上で公表した（https://0f150b20-1256-4ec7-bae7-55db80a2a0d7.usrfiles.com/ugd/5612ae_aa96dbd8c986429eaf45884b299f09d7.pdf [0f150b20-1256-4ec7-bae7-55db80a2a0d7.usrfiles.com]）。今後も当書簡の趣旨に沿って発行者との対話を進めていく予定であり、対話の状況によっては、これらの事項についてさらなる提案を行う可能性がある。,A:賛成率低下,16,18.97,3,24/01: 6.07% → 24/02: 6.10% → 24/04: 7.13% → 24/05: 8.21% → 24/06: 10.72% → 24/06: 13.23% → 24/09: 14.24% → 24/10: 15.27% → 24/11: 16.29% → 25/01: 16.62% → 25/03: 17.62% → 25/05: 18.66% → 25/06: 19.69% → 26/04: 20.55% → 26/07: 18.97% → 26/07: 18.97%
5930,文化シヤッター株式会社,三井住友トラスト・アセットマネジメント株式会社,1.84,24/08: 1.84%,投資信託契約、投資一任契約に基づく運用を目的として保有するもの。,A:賛成率低下,1,4.09,3,24/08: 4.09%
5930,文化シヤッター株式会社,エヌエーブイエフ・セレクト・マスター・ファンド・エルピー（NAVF Select (Master) Fund LP）,1.61,26/04: 1.61% → 26/07: 1.61% → 26/07: 1.61%,投資及び経営陣に対する経営の助言並びに状況に応じて重要提案行為等を行うこと。特に、エヌエーブイエフ・セレクト・マスター・ファンド・エルピーは、発行会社の財務的健全性及び市場での地位が株価に反映されていないと考えており、全ての株主のために株式価値を高めるための方法を話し合うことを目的とし、発行会社の経営陣に対して対話を要求する場合がある。提出者は、2025年12月に発行者を含むすべての投資先に対して書簡を送付し、資本コストや株価を意識した経営の高度な実践、譲渡制限付株式報酬の実施と株式保有ガイドラインの整備の推奨、取締役会の独立性確保といった事項に加え、企業価値と株主共通の利益の観点から、非公開化やスピンオフを含むすべての経営戦略オプションを予断なく検証することを提案し、書簡の内容をウェブサイト上で公表した（https://0f150b20-1256-4ec7-bae7-55db80a2a0d7.usrfiles.com/ugd/5612ae_aa96dbd8c986429eaf45884b299f09d7.pdf [0f150b20-1256-4ec7-bae7-55db80a2a0d7.usrfiles.com]）。今後も当書簡の趣旨に沿って発行者との対話を進めていく予定であり、対話の状況によっては、これらの事項についてさらなる提案を行う可能性がある。,A:賛成率低下,3,18.97,3,26/04: 20.55% → 26/07: 18.97% → 26/07: 18.97%
5930,文化シヤッター株式会社,エヌエーブイエフ・セレクト・エルエルシー（NAVF Select LLC）,1.41,24/01: 1.36% → 24/02: 1.37% → 24/04: 1.38% → 24/05: 1.39% → 24/06: 1.39% → 24/06: 1.39% → 24/09: 1.39% → 24/10: 1.39% → 24/11: 1.39% → 25/01: 1.39% → 25/03: 1.39% → 25/05: 1.39% → 25/06: 1.41%,投資及び経営陣に対する経営の助言並びに状況に応じて重要提案行為等を行うこと。特に、エヌエーブイエフ・セレクト・エルエルシーは、発行会社の財務的健全性及び市場での地位が株価に反映されていないと考えており、全ての株主のために株式価値を高めるための方法を話し合うことを目的とし、発行会社の経営陣に対して対話を要求する場合がある。,A:賛成率低下,13,19.69,3,24/01: 6.07% → 24/02: 6.10% → 24/04: 7.13% → 24/05: 8.21% → 24/06: 10.72% → 24/06: 13.23% → 24/09: 14.24% → 24/10: 15.27% → 24/11: 16.29% → 25/01: 16.62% → 25/03: 17.62% → 25/05: 18.66% → 25/06: 19.69%
5930,文化シヤッター株式会社,日興アセットマネジメント株式会社,1.13,24/08: 1.13%,証券投資信託及び投資一任契約において、株券等の取得・処分の権限を有するもの。,A:賛成率低下,1,4.09,3,24/08: 4.09%
5930,文化シヤッター株式会社,三井住友信託銀行株式会社,1.11,24/08: 1.11%,政策投資として保有するもの。,A:賛成率低下,1,4.09,3,24/08: 4.09%
5930,文化シヤッター株式会社,ダルトン・インベストメンツ・エルエルシー（Dalton Investments LLC）,0.00,24/01: 0.00%,提出者は、発行者の株価が過小評価されており魅力的な投資機会であると考えて、発行者の株式を取得し長期的に保有する。提出者は、発行者の財務状況、戦略的決定、取締役会の決定、株価水準、他の投資機会、投資ポートフォリオの集中と分散に関する内部ガイドライン、株式市場の状況、全般的な経済・産業動向などの様々な状況に応じて、発行者の株式や関連金融商品の追加取得、若しくはその全部または一部の売却、その他提出者が適切と考えるあらゆる措置を採る可能性がある。更に提出者は、過小評価されていると提出者が考える発行者の株価および株主価値の向上のため、発行者、その役員・取締役、他の株主等との間で、発行者のコーポレートガバナンス、取締役会の構成、経営、事業、財務状況及び戦略に関して、建設的な対話を行うことを求めていく可能性がある。,A:賛成率低下,1,6.07,4,24/01: 6.07%
5989,株式会社エイチワン,本田技研工業株式会社,21.33,25/06: 21.33% → 25/11: 21.33%,調達取引の安定化の為に長期に保有,A:賛成率低下,2,21.33,1,25/06: 21.33% → 25/11: 21.33%
5989,株式会社エイチワン,三井住友トラスト・アセットマネジメント株式会社,3.06,24/06: 3.06%,投資信託契約、投資一任契約に基づく運用を目的として保有するもの。,A:賛成率低下,1,4.28,2,24/06: 4.28%
5989,株式会社エイチワン,日興アセットマネジメント株式会社,1.23,24/06: 1.23%,証券投資信託及び投資一任契約において、株券等の取得・処分の権限を有するもの。,A:賛成率低下,1,4.28,2,24/06: 4.28%
5991,日本発條株式会社,大同特殊鋼株式会社,9.17,25/01: 11.65% → 25/02: 10.64% → 25/04: 9.17%,取引関係の維持・強化のための政策投資,A:賛成率低下,3,10.10,2,25/01: 12.57% → 25/02: 11.57% → 25/04: 10.10%
5991,日本発條株式会社,シルチェスター・インターナショナル・インベスターズ・エルエルピー (Silchester International Investors LLP),5.00,24/02: 10.23% → 24/03: 9.21% → 24/05: 8.18% → 24/09: 7.12% → 24/10: 6.07% → 24/10: 5.00%,提出者は、発行者に対して増配、自己株式の買入の頻度又は総量、金庫株消却その他資本政策の変更を要求することがある。また、(i)重要な資産の処分又は取得、(ii)借入又は転換社債の発行、(iii)取締役又は重要な使用人の選任又は解任、(iv)株式譲渡、(v)会社分割又は合併、(vi)株式交換、又は(vii)事業の譲渡又は譲受に関して、発行者、提出者若しくは他の株主が提案した議案に対して、反対票を投ずることも、賛成票を投ずることもある。提出者は、その顧客の為に、株式を追加取得することも、保有株式の全て又は一部を売却することもある。,A:賛成率低下,6,5.00,1,24/02: 10.23% → 24/03: 9.21% → 24/05: 8.18% → 24/09: 7.12% → 24/10: 6.07% → 24/10: 5.00%
5991,日本発條株式会社,野村アセットマネジメント株式会社,4.91,25/12: 4.91%,信託財産の運用として保有している。,A:賛成率低下,1,5.12,3,25/12: 5.12%
5991,日本発條株式会社,アセットマネジメントOne株式会社,3.16,24/11: 2.54% → 26/07: 3.16%,・投資信託または投資一任契約に基づき投資権限を有するもの,A:賛成率低下,2,6.09,3,24/11: 5.07% → 26/07: 6.09%
5991,日本発條株式会社,株式会社みずほ銀行,2.49,24/11: 2.36% → 26/07: 2.49%,・退職給付信託運用,A:賛成率低下,2,6.09,3,24/11: 5.07% → 26/07: 6.09%
5991,日本発條株式会社,大同興業株式会社,0.93,25/01: 0.93% → 25/02: 0.93% → 25/04: 0.93%,鉄鋼製品の納入先であり、取引の円滑化をはかるため保有している。,A:賛成率低下,3,10.10,2,25/01: 12.57% → 25/02: 11.57% → 25/04: 10.10%
5991,日本発條株式会社,みずほ信託銀行株式会社,0.44,26/07: 0.44%,・信託財産として運用その他の信託目的に従い保有するもの,A:賛成率低下,1,6.09,3,26/07: 6.09%
5991,日本発條株式会社,野村證券株式会社,0.11,25/12: 0.11%,証券業務に係る商品在庫、及び累積投資業務の運営目的として保有している。,A:賛成率低下,1,5.12,3,25/12: 5.12%
5991,日本発條株式会社,ノムラ　インターナショナル　ピーエルシー（ＮＯＭＵＲＡ　ＩＮＴＥＲＮＡＴＩＯＮＡＬ　ＰＬＣ）,0.10,25/12: 0.10%,証券業務に係わる商品在庫として保有している。,A:賛成率低下,1,5.12,3,25/12: 5.12%
5991,日本発條株式会社,アセットマネジメントOneインターナショナル（Asset Management One International Ltd.）,0.06,24/11: 0.18% → 26/07: 0.06%,・投資信託または投資一任契約に基づき投資権限を有するもの,A:賛成率低下,2,6.09,3,24/11: 5.07% → 26/07: 6.09%
6023,ダイハツインフィニアース株式会社,ダイハツ工業株式会社,35.11,25/03: 35.11% → 25/04: 4.82% → 25/05: 4.82% → 25/09: 35.11%,政策投資,A:賛成率低下,4,35.11,1,25/03: 35.11% → 25/04: 4.82% → 25/05: 4.82% → 25/09: 35.11%
6023,ダイハツインフィニアース株式会社,今治造船株式会社,15.70,25/04: 15.70%,発行者との関係強化を目的とした株式保有,A:賛成率低下,1,15.70,1,25/04: 15.70%
6023,ダイハツインフィニアース株式会社,カナメ・キャピタル・エルピー（Ｋａｎａｍｅ　Ｃａｐｉｔａｌ，Ｌ．Ｐ．）,11.99,24/01: 8.20% → 24/02: 9.22% → 24/02: 10.22% → 24/06: 11.32% → 24/08: 12.34% → 24/08: 11.32% → 24/08: 12.34% → 24/08: 13.36% → 24/11: 14.37% → 25/06: 14.58% → 25/11: 13.04% → 26/02: 11.99%,純投資及び状況に応じて重要提案行為等を行うこと。,A:賛成率低下,12,11.99,1,24/01: 8.20% → 24/02: 9.22% → 24/02: 10.22% → 24/06: 11.32% → 24/08: 12.34% → 24/08: 11.32% → 24/08: 12.34% → 24/08: 13.36% → 24/11: 14.37% → 25/06: 14.58% → 25/11: 13.04% → 26/02: 11.99%
6023,ダイハツインフィニアース株式会社,積水ハウス株式会社,1.54,25/03: 6.28% → 25/04: 1.54%,発行者は大阪市北区所在の梅田スカイビル（提出者本社所在）の共同所有者であり、今後の発行者との安定的な取引関係の維持・強化を目的とする。,A:賛成率低下,2,1.54,1,25/03: 6.28% → 25/04: 1.54%
6069,トレンダーズ株式会社,株式会社アイスタイル,30.76,24/02: 23.16% → 24/03: 30.76%,発行会社との取引関係強化のため,A:賛成率低下,2,30.76,1,24/02: 23.16% → 24/03: 30.76%
6069,トレンダーズ株式会社,いちよしアセットマネジメント株式会社,4.41,24/02: 4.41%,投資信託約款および投資一任契約に基づく運用のために保有,A:賛成率低下,1,4.41,1,24/02: 4.41%
6069,トレンダーズ株式会社,ベイビュー・アセット・マネジメント株式会社,4.27,24/02: 6.03% → 24/03: 4.27%,「投資信託委託契約」に基づく純投資,A:賛成率低下,2,4.27,1,24/02: 6.03% → 24/03: 4.27%
6069,トレンダーズ株式会社,光通信株式会社,4.22,24/09: 6.75% → 24/10: 6.75% → 24/10: 6.75% → 24/11: 6.75% → 24/12: 6.75% → 25/01: 6.45% → 25/02: 5.42% → 25/02: 4.22%,純投資,A:賛成率低下,8,4.22,1,24/09: 12.12% → 24/10: 11.08% → 24/10: 10.06% → 24/11: 8.76% → 24/12: 7.68% → 25/01: 6.45% → 25/02: 5.42% → 25/02: 4.22%
6069,トレンダーズ株式会社,岡本　伊久男,1.48,24/02: 24.30% → 24/03: 1.48%,発行会社の取締役として経営に参画するため保有しております。,A:賛成率低下,2,1.48,1,24/02: 24.30% → 24/03: 1.48%
6069,トレンダーズ株式会社,株式会社ＵＨ　Ｐａｒｔｎｅｒｓ　２,0.00,24/09: 5.37% → 24/10: 4.34% → 24/10: 3.32% → 24/11: 2.01% → 24/12: 0.94% → 25/01: 0.00%,,A:賛成率低下,6,6.45,1,24/09: 12.12% → 24/10: 11.08% → 24/10: 10.06% → 24/11: 8.76% → 24/12: 7.68% → 25/01: 6.45%
6103,オークマ株式会社,野村アセットマネジメント株式会社,6.97,24/03: 7.39% → 24/05: 6.74% → 24/07: 8.20% → 24/09: 9.02% → 24/11: 9.62% → 25/02: 9.69% → 25/09: 11.14% → 25/11: 10.61% → 25/12: 9.60% → 26/01: 8.21% → 26/01: 8.22% → 26/01: 8.73% → 26/01: 8.72% → 26/04: 7.81% → 26/05: 8.12% → 26/06: 8.01% → 26/06: 7.16% → 26/08: 6.97%,信託財産の運用として保有している。,A:賛成率低下,18,7.16,4,24/03: 8.55% → 24/05: 8.30% → 24/07: 8.99% → 24/09: 10.06% → 24/11: 10.69% → 25/02: 10.58% → 25/09: 11.72% → 25/11: 10.71% → 25/12: 9.76% → 26/01: 10.00% → 26/01: 10.54% → 26/01: 10.32% → 26/01: 9.09% → 26/04: 7.85% → 26/05: 9.21% → 26/06: 8.20% → 26/06: 8.53% → 26/08: 7.16%
6103,オークマ株式会社,アモーヴァ・アセットマネジメント株式会社,4.07,25/09: 3.61% → 26/01: 4.07%,証券投資信託及び投資一任契約において、株券等の取得・処分の権限を有するもの。,A:賛成率低下,2,6.49,3,25/09: 8.16% → 26/01: 6.49%
6103,オークマ株式会社,日興アセットマネジメント株式会社,3.62,24/09: 3.62%,証券投資信託及び投資一任契約において、株券等の取得・処分の権限を有するもの。,A:賛成率低下,1,8.19,3,24/09: 8.19%
6103,オークマ株式会社,三菱ＵＦＪアセットマネジメント株式会社,2.03,24/07: 1.89% → 26/01: 1.94% → 26/06: 2.00% → 26/08: 2.03%,純投資,A:賛成率低下,4,5.04,4,24/07: 6.52% → 26/01: 5.54% → 26/06: 4.92% → 26/08: 5.04%
6103,オークマ株式会社,株式会社三菱ＵＦＪ銀行,1.99,24/07: 3.67% → 26/01: 2.66% → 26/06: 1.99% → 26/08: 1.99%,政策投資,A:賛成率低下,4,5.04,4,24/07: 6.52% → 26/01: 5.54% → 26/06: 4.92% → 26/08: 5.04%
6103,オークマ株式会社,三井住友トラスト・アセットマネジメント株式会社,1.35,24/09: 1.47% → 25/09: 1.44% → 26/01: 1.35%,投資信託契約、投資一任契約に基づく運用を目的として保有するもの。,A:賛成率低下,3,6.49,3,24/09: 8.19% → 25/09: 8.16% → 26/01: 6.49%
6103,オークマ株式会社,三井住友信託銀行株式会社,1.07,24/09: 3.10% → 25/09: 3.10% → 26/01: 1.07%,政策投資として保有するもの。,A:賛成率低下,3,6.49,3,24/09: 8.19% → 25/09: 8.16% → 26/01: 6.49%
6103,オークマ株式会社,三菱ＵＦＪ信託銀行株式会社,0.83,24/07: 0.83% → 26/01: 0.95% → 26/06: 0.78% → 26/08: 0.83%,純投資,A:賛成率低下,4,5.04,4,24/07: 6.52% → 26/01: 5.54% → 26/06: 4.92% → 26/08: 5.04%
6103,オークマ株式会社,三菱ＵＦＪモルガン・スタンレー証券株式会社,0.20,24/07: 0.13% → 26/01: 0.06% → 26/06: 0.15% → 26/08: 0.20%,商品有価証券等として保有するもの,A:賛成率低下,4,5.04,4,24/07: 6.52% → 26/01: 5.54% → 26/06: 4.92% → 26/08: 5.04%
6103,オークマ株式会社,ノムラ　インターナショナル　ピーエルシー（ＮＯＭＵＲＡ　ＩＮＴＥＲＮＡＴＩＯＮＡＬ　ＰＬＣ）,0.19,24/03: 1.14% → 24/05: 1.51% → 24/07: 0.75% → 24/09: 1.03% → 24/11: 1.07% → 25/02: 0.02% → 25/11: 0.12% → 25/12: 0.17% → 26/01: 1.41% → 26/01: 2.33% → 26/01: 0.63% → 26/01: 0.36% → 26/04: -0.22% → 26/05: 1.08% → 26/06: 0.19% → 26/06: 0.07% → 26/08: 0.19%,証券業務に係わる商品在庫として保有している。,A:賛成率低下,17,7.16,4,24/03: 8.55% → 24/05: 8.30% → 24/07: 8.99% → 24/09: 10.06% → 24/11: 10.69% → 25/02: 10.58% → 25/11: 10.71% → 25/12: 9.76% → 26/01: 10.00% → 26/01: 10.54% → 26/01: 10.32% → 26/01: 9.09% → 26/04: 7.85% → 26/05: 9.21% → 26/06: 8.20% → 26/06: 8.53% → 26/08: 7.16%
6103,オークマ株式会社,野村證券株式会社,0.00,24/03: 0.02% → 24/05: 0.04% → 24/07: 0.03% → 24/09: 0.01% → 24/11: 0.01% → 25/02: 0.89% → 25/09: 0.58% → 25/11: -0.03% → 25/12: 0.00% → 26/01: 0.38% → 26/01: -0.01% → 26/01: 0.96% → 26/01: 0.01% → 26/04: 0.26% → 26/05: 0.01% → 26/06: 1.11% → 26/08: 0.00%,証券業務に係る商品在庫、及び累積投資業務の運営目的として保有している。,A:賛成率低下,17,7.16,4,24/03: 8.55% → 24/05: 8.30% → 24/07: 8.99% → 24/09: 10.06% → 24/11: 10.69% → 25/02: 10.58% → 25/09: 11.72% → 25/11: 10.71% → 25/12: 9.76% → 26/01: 10.00% → 26/01: 10.54% → 26/01: 10.32% → 26/01: 9.09% → 26/04: 7.85% → 26/05: 9.21% → 26/06: 8.53% → 26/08: 7.16%
6103,オークマ株式会社,ノムラ　セキュリテーズ　インターナショナル（ＮＯＭＵＲＡ　ＳＥＣＵＲＩＴＩＥＳ　ＩＮＴＥＲＮＡＴＩＯＮＡＬ，Ｉｎｃ．）,0.00,26/01: 0.00% → 26/01: 0.00% → 26/01: 0.00% → 26/04: 0.00% → 26/05: 0.00% → 26/06: 0.00% → 26/06: 0.26% → 26/08: 0.00%,証券業務に係わる商品在庫として保有している。,A:賛成率低下,8,7.16,4,26/01: 10.54% → 26/01: 10.32% → 26/01: 9.09% → 26/04: 7.85% → 26/05: 9.21% → 26/06: 8.20% → 26/06: 8.53% → 26/08: 7.16%
6135,株式会社　牧野フライス製作所,ゴールドマン・サックス・インターナショナル（Goldman Sachs International）,4.63,25/05: 5.30% → 25/06: 4.49% → 25/11: 5.09% → 26/01: 6.89% → 26/02: 7.91% → 26/05: 4.63%,有価証券関連業務の一部としてのトレーディング・有価証券の借入等,B:新規株主提案,6,4.63,1,25/05: 5.30% → 25/06: 4.49% → 25/11: 5.13% → 26/01: 6.89% → 26/02: 7.91% → 26/05: 4.63%
6135,株式会社　牧野フライス製作所,ユービーエス・エイ・ジー（銀行）,3.54,25/07: 3.30% → 25/11: 4.65% → 25/11: 3.54%,当行における中長期的なディーリング目的による保有。,B:新規株主提案,3,4.62,3,25/07: 5.05% → 25/11: 6.04% → 25/11: 4.62%
6135,株式会社　牧野フライス製作所,アセットマネジメントOne株式会社,3.06,24/02: 3.06%,投資信託または投資一任契約に基づき投資権限を有するもの。,B:新規株主提案,1,3.30,2,24/02: 3.30%
6135,株式会社　牧野フライス製作所,三井住友トラスト・アセットマネジメント株式会社,2.76,24/04: 3.50% → 25/02: 3.14% → 25/02: 2.99% → 25/03: 2.76%,投資信託契約、投資一任契約に基づく運用を目的として保有するもの。,B:新規株主提案,4,4.24,2,24/04: 8.81% → 25/02: 7.79% → 25/02: 6.21% → 25/03: 4.24%
6135,株式会社　牧野フライス製作所,野村アセットマネジメント株式会社,2.44,25/02: 2.78% → 25/05: 2.44%,信託財産の運用として保有している。,B:新規株主提案,2,3.45,4,25/02: 5.17% → 25/05: 3.45%
6135,株式会社　牧野フライス製作所,三菱ＵＦＪ信託銀行株式会社,2.17,24/07: 2.20% → 26/05: 2.17%,政策投資・純投資,B:新規株主提案,2,5.40,4,24/07: 4.58% → 26/05: 5.40%
6135,株式会社　牧野フライス製作所,株式会社三菱ＵＦＪ銀行,1.75,24/07: 1.75% → 26/05: 1.75%,政策投資,B:新規株主提案,2,5.40,4,24/07: 4.58% → 26/05: 5.40%
6135,株式会社　牧野フライス製作所,日興アセットマネジメント株式会社,1.49,24/04: 5.31% → 25/02: 4.65% → 25/02: 3.22% → 25/03: 1.49%,証券投資信託及び投資一任契約において、株券等の取得・処分の権限を有するもの。,B:新規株主提案,4,4.24,2,24/04: 8.81% → 25/02: 7.79% → 25/02: 6.21% → 25/03: 4.24%
6135,株式会社　牧野フライス製作所,三菱ＵＦＪモルガン・スタンレー証券株式会社,0.91,24/07: 0.03% → 26/05: 0.91%,商品有価証券等として保有するもの,B:新規株主提案,2,5.40,4,24/07: 4.58% → 26/05: 5.40%
6135,株式会社　牧野フライス製作所,ＵＢＳ　Ａｓｓｅｔ　Ｍａｎａｇｅｍｅｎｔ　（Ａｍｅｒｉｃａｓ）　ＬＬＣ．,0.87,25/07: 0.98% → 25/11: 0.99% → 25/11: 0.87%,投資信託契約または投資一任契約に基づく運用を目的として保有。,B:新規株主提案,3,4.62,3,25/07: 5.05% → 25/11: 6.04% → 25/11: 4.62%
6135,株式会社　牧野フライス製作所,三菱ＵＦＪアセットマネジメント株式会社,0.57,24/07: 0.62% → 26/05: 0.57%,純投資,B:新規株主提案,2,5.40,4,24/07: 4.58% → 26/05: 5.40%
6135,株式会社　牧野フライス製作所,野村證券株式会社,0.55,25/02: 0.46% → 25/05: 0.55%,証券業務に係る商品在庫として保有している。,B:新規株主提案,2,3.45,4,25/02: 5.17% → 25/05: 3.45%
6135,株式会社　牧野フライス製作所,ノムラ　インターナショナル　ピーエルシー（ＮＯＭＵＲＡ　ＩＮＴＥＲＮＡＴＩＯＮＡＬ　ＰＬＣ）,0.45,25/02: 1.93% → 25/05: 0.45%,証券業務に係わる商品在庫として保有している。,B:新規株主提案,2,3.45,4,25/02: 5.17% → 25/05: 3.45%
6135,株式会社　牧野フライス製作所,アセットマネジメントOneインターナショナル（Asset Management One International Ltd.）,0.25,24/02: 0.25%,投資信託または投資一任契約に基づき投資権限を有するもの。,B:新規株主提案,1,3.30,2,24/02: 3.30%
6135,株式会社　牧野フライス製作所,ＵＢＳ　Ｆｕｎｄ　Ｍａｎａｇｅｍｅｎｔ　（Ｓｗｉｔｚｅｒｌａｎｄ）　ＡＧ,0.22,25/07: 0.21% → 25/11: 0.22% → 25/11: 0.22%,投資信託契約または投資一任契約に基づく運用を目的として保有。,B:新規株主提案,3,4.62,3,25/07: 5.05% → 25/11: 6.04% → 25/11: 4.62%
6135,株式会社　牧野フライス製作所,ゴールドマン・サックス証券株式会社,0.05,25/05: 0.00% → 25/06: -0.01% → 25/11: 0.05%,有価証券関連業務の一部としてのトレーディング・有価証券の借入等,B:新規株主提案,3,5.13,2,25/05: 5.30% → 25/06: 4.49% → 25/11: 5.13%
6135,株式会社　牧野フライス製作所,ＵＢＳ　Ｅｕｒｏｐｅ　ＳＥ,0.01,25/07: 0.55% → 25/11: 0.01%,UBS Europe SEにおける中期的なディーリング目的による保有。共同保有者から除外。,B:新規株主提案,2,6.04,4,25/07: 5.05% → 25/11: 6.04%
6135,株式会社　牧野フライス製作所,三菱ＵＦＪ不動産投資顧問株式会社,0.00,24/07: 0.00%,－,B:新規株主提案,1,4.58,3,24/07: 4.58%
6135,株式会社　牧野フライス製作所,ゴールドマン・サックス・アンド・カンパニー・エルエルシー（Goldman Sachs & Co. LLC）,0.00,25/05: 0.00% → 25/06: 0.00%,有価証券関連業務の一部としてのトレーディング・有価証券の借入等,B:新規株主提案,2,4.49,3,25/05: 5.30% → 25/06: 4.49%
6135,株式会社　牧野フライス製作所,ノムラ　セキュリテーズ　インターナショナル（ＮＯＭＵＲＡ　ＳＥＣＵＲＩＴＩＥＳ　ＩＮＴＥＲＮＡＴＩＯＮＡＬ，Ｉｎｃ．）,0.00,25/05: 0.00%,証券業務に係わる商品在庫として保有している。,B:新規株主提案,1,3.45,4,25/05: 3.45%
6135,株式会社　牧野フライス製作所,ＵＢＳ　Ｓｅｃｕｒｉｔｉｅｓ　ＬＬＣ,0.00,25/11: 0.17% → 25/11: 0.00%,ＵＢＳ　Ｓｅｃｕｒｉｔｉｅｓ　ＬＬＣにおけるディーリング目的による保有。共同保有者から削除。,B:新規株主提案,2,4.62,3,25/11: 6.04% → 25/11: 4.62%
6142,富士精工株式会社,有限会社シーマックス,6.54,26/05: 6.54% → 26/05: 6.54%,発行会社の創業者一族が経営する資産管理会社であり、安定株主として長期保有を目的としている。,A:賛成率低下 + C:会社提案否決,2,11.36,3,26/05: 11.36% → 26/05: 11.36%
6142,富士精工株式会社,森　誠,3.68,26/05: 3.68% → 26/05: 3.68%,発行会社の創業者一族として経営に深く関与し、安定株主として長期保有を目的としている。,A:賛成率低下 + C:会社提案否決,2,11.36,3,26/05: 11.36% → 26/05: 11.36%
6142,富士精工株式会社,森幸子,1.14,26/05: 1.14% → 26/05: 1.14%,提出者の配偶者であり、安定株主として長期保有を目的としている。,A:賛成率低下 + C:会社提案否決,2,11.36,3,26/05: 11.36% → 26/05: 11.36%
6142,富士精工株式会社,Ｃ．Ｉ．Ｆ．ＨＯＬＤＩＮＧ株式会社,0.00,25/07: 0.00%,純投資,A:賛成率低下 + C:会社提案否決,1,0.00,1,25/07: 0.00%
6145,ＮＩＴＴＯＫＵ株式会社,ＳＭＣ株式会社,4.64,24/11: 4.64%,発行会社の要請に基づく安定株主としての保有を前提とした政策投資,A:賛成率低下,1,4.64,1,24/11: 4.64%
6145,ＮＩＴＴＯＫＵ株式会社,野村絢,4.40,24/09: 5.15% → 24/09: 6.42% → 24/12: 4.99% → 25/07: 5.24% → 25/07: 6.48% → 25/11: 4.40%,投資及び状況に応じて経営陣への助言、重要提案行為等を行うこと,A:賛成率低下,6,4.40,2,24/09: 5.15% → 24/09: 6.42% → 24/12: 4.99% → 25/07: 5.24% → 25/07: 6.48% → 25/11: 4.40%
6145,ＮＩＴＴＯＫＵ株式会社,ベイリー・ギフォード・アンド・カンパニー(Baillie Gifford & Co),3.90,25/12: 3.90%,投資一任契約に基づき、顧客資産で本件株式を保有している。,A:賛成率低下,1,3.90,1,25/12: 3.90%
6145,ＮＩＴＴＯＫＵ株式会社,アセットマネジメントOne株式会社,3.65,24/07: 3.93% → 25/02: 3.35% → 25/03: 4.13% → 25/03: 4.68% → 25/04: 4.83% → 25/05: 5.14% → 25/12: 4.62% → 26/02: 3.65%,投資信託または投資一任契約に基づき投資権限を有するもの。,A:賛成率低下,8,4.26,2,24/07: 4.38% → 25/02: 5.14% → 25/03: 6.52% → 25/03: 7.55% → 25/04: 5.56% → 25/05: 5.73% → 25/12: 5.29% → 26/02: 4.26%
6145,ＮＩＴＴＯＫＵ株式会社,スパークス・アセット・マネジメント株式会社,3.42,24/12: 3.42%,「投資一任契約」及び「投資信託委託契約」　に基づく純投資,A:賛成率低下,1,3.42,1,24/12: 3.42%
6145,ＮＩＴＴＯＫＵ株式会社,シュローダー・インベストメント・マネージメント・ノースアメリカ・リミテッド (Schroder Investment Management North America Limited),2.47,24/02: 2.69% → 24/06: 2.47% → 24/07: 2.47%,純投資。証券投資信託および投資一任契約にかかる信託財産の運用のため,A:賛成率低下,3,4.54,2,24/02: 8.31% → 24/06: 7.19% → 24/07: 4.54%
6145,ＮＩＴＴＯＫＵ株式会社,シュローダー・インベストメント・マネジメント株式会社,2.07,24/02: 5.45% → 24/06: 4.72% → 24/07: 2.07%,純投資。証券投資信託および投資一任契約にかかる信託財産の運用のため,A:賛成率低下,3,4.54,2,24/02: 8.31% → 24/06: 7.19% → 24/07: 4.54%
6145,ＮＩＴＴＯＫＵ株式会社,みずほ信託銀行株式会社,0.61,24/07: 0.45% → 25/02: 0.45% → 25/03: 0.45% → 25/03: 0.45% → 25/04: 0.45% → 25/05: 0.45% → 25/12: 0.67% → 26/02: 0.61%,発行会社の要請に応え、かつ発行会社との取引関係の強化を図るもの。信託財産として運用その他の信託目的に従い保有するもの。,A:賛成率低下,8,4.26,2,24/07: 4.38% → 25/02: 5.14% → 25/03: 6.52% → 25/03: 7.55% → 25/04: 5.56% → 25/05: 5.73% → 25/12: 5.29% → 26/02: 4.26%
6145,ＮＩＴＴＯＫＵ株式会社,アセットマネジメントOneインターナショナル（Asset Management One International Ltd.）,0.01,25/02: 0.15% → 25/03: 0.16% → 25/03: 0.16% → 25/04: 0.16% → 25/05: 0.14% → 25/12: 0.01%,投資信託または投資一任契約に基づき投資権限を有するもの。,A:賛成率低下,6,5.29,2,25/02: 5.14% → 25/03: 6.52% → 25/03: 7.55% → 25/04: 5.56% → 25/05: 5.73% → 25/12: 5.29%
6145,ＮＩＴＴＯＫＵ株式会社,シュローダー・インベストメント・マネージメント・リミテッド (Schroder Investment Management Limited),0.00,24/02: 0.17% → 24/06: 0.00%,純投資。証券投資信託および投資一任契約にかかる信託財産の運用のため,A:賛成率低下,2,7.19,3,24/02: 8.31% → 24/06: 7.19%
6145,ＮＩＴＴＯＫＵ株式会社,みずほ証券 株式会社,0.00,24/07: 0.00% → 25/02: 1.19% → 25/03: 1.78% → 25/03: 2.26% → 25/04: 0.11% → 25/05: 0.00%,ディーリング(短期売買)目的で保有するもの。,A:賛成率低下,6,5.73,3,24/07: 4.38% → 25/02: 5.14% → 25/03: 6.52% → 25/03: 7.55% → 25/04: 5.56% → 25/05: 5.73%
6145,ＮＩＴＴＯＫＵ株式会社,株式会社シティインデックスイレブンス,0.00,24/09: 0.00% → 24/09: 0.00% → 24/12: 0.00% → 25/07: 0.00% → 25/07: 0.00% → 25/11: 0.00%,投資及び状況に応じて経営陣への助言、重要提案行為等を行うこと,A:賛成率低下,6,4.40,2,24/09: 5.15% → 24/09: 6.42% → 24/12: 4.99% → 25/07: 5.24% → 25/07: 6.48% → 25/11: 4.40%
6155,高松機械工業株式会社,高松機械工業取引先持株会　理事長　井上英一郎,10.39,24/08: 10.39%,高松機械工業株式会社と取引関係にある企業および個人が高松機械工業株式会社の株式を取得することにより、相互の親睦関係の増進に寄与するため,A:賛成率低下,1,10.39,1,24/08: 10.39%
6155,高松機械工業株式会社,株式会社タカマツ,8.68,25/02: 8.68% → 25/10: 8.68% → 25/10: 8.68% → 25/10: 8.68%,発行会社の代表取締役社長が保有する資産管理会社であり、安定株主として保有しております。,A:賛成率低下,4,9.45,2,25/02: 10.33% → 25/10: 9.45% → 25/10: 1.65% → 25/10: 9.45%
6155,高松機械工業株式会社,髙松　喜与志,1.65,25/02: 1.65% → 25/10: 1.65%,発行会社の代表取締役会長であり、安定株主として保有しております。,A:賛成率低下,2,1.65,2,25/02: 10.33% → 25/10: 1.65%
6155,高松機械工業株式会社,髙松　宗一郎,0.77,25/10: 0.77% → 25/10: 0.77%,発行会社の代表取締役社長であり、安定株主として保有しております。,A:賛成率低下,2,9.45,2,25/10: 9.45% → 25/10: 9.45%
6178,日本郵政株式会社,財務大臣,35.95,25/09: 35.95%,郵政民営化法及び日本郵政株式会社法に基づき保有。,A:賛成率低下,1,35.95,1,25/09: 35.95%
6203,豊和工業株式会社,モルガン・スタンレー・アンド・カンパニー・インターナショナル・ピーエルシー(Morgan Stanley & Co. International plc),3.06,24/12: 5.07% → 25/01: 6.48% → 25/01: 6.63% → 25/02: 3.06%,証券業務等にかかる保有,A:賛成率低下,4,4.06,3,24/12: 5.22% → 25/01: 6.86% → 25/01: 7.00% → 25/02: 4.06%
6203,豊和工業株式会社,モルガン・スタンレーＭＵＦＧ証券株式会社,0.77,25/01: 0.10% → 25/01: 0.02% → 25/02: 0.77%,証券業務等にかかる保有,A:賛成率低下,3,4.06,3,25/01: 6.86% → 25/01: 7.00% → 25/02: 4.06%
6203,豊和工業株式会社,モルガン・スタンレー・アンド・カンパニー・エルエルシー(Morgan Stanley & Co. LLC),0.24,24/12: 0.15% → 25/01: 0.28% → 25/01: 0.36% → 25/02: 0.24%,証券業務等にかかる保有,A:賛成率低下,4,4.06,3,24/12: 5.22% → 25/01: 6.86% → 25/01: 7.00% → 25/02: 4.06%
6203,豊和工業株式会社,ｆｕｎｄｎｏｔｅ株式会社,0.00,25/08: 5.66% → 25/09: 0.00% → 25/09: 0.00%,,A:賛成率低下,3,0.00,1,25/08: 5.66% → 25/09: 0.00% → 25/09: 0.00%
6237,株式会社イワキ,Ｃｈａｒｏｎ　Ｆｉｎａｎｃｅ　ＧｍｂＨ,16.96,24/02: 6.33% → 24/03: 6.33% → 24/03: 7.35% → 24/04: 8.36% → 24/08: 9.36% → 24/08: 10.55% → 24/11: 11.61% → 25/05: 12.65% → 25/10: 13.65% → 26/07: 14.70% → 26/07: 15.92% → 26/08: 16.96%,提出者は、発行者の株式が魅力的かつ定性的な価値を有する投資機会であると信じ、発行者の株式を取得し長期的に保有しております。提出者は、発行者に対し、発行者の財務状況、戦略的判断、取締役会における決定、株価水準、他の投資機会、株式市場の状況、一般的な経済・業界動向等に関する情報の提供を要請し、協議を行うことがあります。提出者は、様々な状況に応じて、発行者の株式その他の関連する金融商品を追加で取得すること、その全部又は一部を売却すること、又はその他提出者が適切と判断した行動をとることがあります。また、持続可能な株主価値の実現のため、提出者は、発行者との間で、取締役会の構成、経営、事業運営、財務状況及び戦略に関して建設的な対話を求めることがあります。提出者は、状況に応じて、①役員構成の変更、②価値向上のための増配等の配当方針の変更や自己株式取得等の資本政策の変更、③その他発行者の株主価値の持続的な向上に繋がる合理的な施策等の重要提案行為等を行うことがあります。,A:賛成率低下 + C:会社提案否決,12,16.96,1,24/02: 6.33% → 24/03: 6.33% → 24/03: 7.35% → 24/04: 8.36% → 24/08: 9.36% → 24/08: 10.55% → 24/11: 11.61% → 25/05: 12.65% → 25/10: 13.65% → 26/07: 14.70% → 26/07: 15.92% → 26/08: 16.96%
6237,株式会社イワキ,"ダルトン・インベストメンツ・インク（Dalton Investments, Inc.）",6.62,24/01: 5.60% → 24/02: 5.60% → 26/06: 6.62%,提出者は、発行者の株価が過小評価されており魅力的な投資機会であると考えて、発行者の株式を取得し長期的に保有する。提出者は、発行者の財務状況、戦略的決定、取締役会の決定、株価水準、他の投資機会、投資ポートフォリオの集中と分散に関する内部ガイドライン、株式市場の状況、全般的な経済・産業動向などの様々な状況に応じて、発行者の株式や関連金融商品の追加取得、若しくはその全部または一部の売却、その他提出者が適切と考えるあらゆる措置を採る可能性がある。更に提出者は、過小評価されていると提出者が考える発行者の株価および株主価値の向上のため、発行者、その役員・取締役、他の株主等との間で、発行者のコーポレートガバナンス、取締役会の構成、経営、事業、財務状況及び戦略に関して、建設的な対話を行うことを求めていく可能性がある。提出者は、2026年4月17日付で、同年6月開催予定の発行者の定時株主総会に向け、①剰余金処分の件、②定時株主総会の基準日に関する定款変更の件、の2議案から成る株主提案を行った。提出者は、2025年12月に発行者を含むすべての投資先に対して書簡を送付し、資本コストや株価を意識した経営の高度な実践、譲渡制限付株式報酬の実施と株式保有ガイドラインの整備の推奨、取締役会の独立性確保といった事項に加え、企業価値と株主共通の利益の観点から、非公開化やスピンオフを含むすべての経営戦略オプションを予断なく検証することを提案し、書簡の内容をウェブサイト上で公表した（https://0f150b20-1256-4ec7-bae7-55db80a2a0d7.usrfiles.com/ugd/5612ae_aa96dbd8c986429eaf45884b299f09d7.pdf [0f150b20-1256-4ec7-bae7-55db80a2a0d7.usrfiles.com]）。今後も当書簡の趣旨に沿って発行者との対話を進めていく予定であり、対話の状況によっては、これらの事項についてさらなる提案を行う可能性がある。,A:賛成率低下 + C:会社提案否決,3,6.62,1,24/01: 5.60% → 24/02: 5.60% → 26/06: 6.62%
6237,株式会社イワキ,ダルトン・インベストメンツ・エルエルシー（Dalton Investments LLC）,0.00,24/01: 0.00%,提出者は、発行者の株価が過小評価されており魅力的な投資機会であると考えて、発行者の株式を取得し長期的に保有する。提出者は、発行者の財務状況、戦略的決定、取締役会の決定、株価水準、他の投資機会、投資ポートフォリオの集中と分散に関する内部ガイドライン、株式市場の状況、全般的な経済・産業動向などの様々な状況に応じて、発行者の株式や関連金融商品の追加取得、若しくはその全部または一部の売却、その他提出者が適切と考えるあらゆる措置を採る可能性がある。更に提出者は、過小評価されていると提出者が考える発行者の株価および株主価値の向上のため、発行者、その役員・取締役、他の株主等との間で、発行者のコーポレートガバナンス、取締役会の構成、経営、事業、財務状況及び戦略に関して、建設的な対話を行うことを求めていく可能性がある。,A:賛成率低下 + C:会社提案否決,1,5.60,2,24/01: 5.60%
6238,フリュー株式会社,風流商事株式会社,15.41,24/04: 15.30% → 24/05: 15.30% → 26/07: 15.34% → 26/07: 15.41%,発行会社の創業者田坂吉朗及びその家族が出資する会社であり、安定株主として長期保有することを目的としております。,A:賛成率低下,4,18.38,2,24/04: 18.27% → 24/05: 18.27% → 26/07: 18.31% → 26/07: 18.38%
6238,フリュー株式会社,ＴＭ株式会社,5.00,25/06: 5.00%,発行会社の元役員三嶋隆及びその家族が出資する会社であり、安定株主として長期保有することを目的としております。,A:賛成率低下,1,5.73,2,25/06: 5.73%
6238,フリュー株式会社,光通信株式会社,4.03,24/05: 5.05% → 24/08: 6.07% → 25/01: 5.05% → 25/02: 4.03%,純投資,A:賛成率低下,4,4.03,1,24/05: 5.05% → 24/08: 6.07% → 25/01: 5.05% → 25/02: 4.03%
6238,フリュー株式会社,田坂　吉朗,2.97,24/04: 2.97% → 24/05: 2.97% → 26/07: 2.97% → 26/07: 2.97%,発行会社の創業者であり、安定株主として長期保有することを目的としております。,A:賛成率低下,4,18.38,2,24/04: 18.27% → 24/05: 18.27% → 26/07: 18.31% → 26/07: 18.38%
6238,フリュー株式会社,野村アセットマネジメント株式会社,2.36,26/06: 2.37% → 26/06: 2.36%,信託財産の運用として保有している。,A:賛成率低下,2,4.02,3,26/06: 6.45% → 26/06: 4.02%
6238,フリュー株式会社,野村證券株式会社,1.23,26/06: 1.22% → 26/06: 1.23%,証券業務に係る商品在庫として保有している。,A:賛成率低下,2,4.02,3,26/06: 6.45% → 26/06: 4.02%
6238,フリュー株式会社,三嶋　隆,0.72,25/06: 0.72%,発行会社の元役員であり、安定株主として長期保有することを目的としております。,A:賛成率低下,1,5.73,2,25/06: 5.73%
6238,フリュー株式会社,ノムラ　インターナショナル　ピーエルシー（ＮＯＭＵＲＡ　ＩＮＴＥＲＮＡＴＩＯＮＡＬ　ＰＬＣ）,0.44,26/06: 2.85% → 26/06: 0.44%,証券業務に係わる商品在庫として保有している。,A:賛成率低下,2,4.02,3,26/06: 6.45% → 26/06: 4.02%
6254,野村マイクロ・サイエンス株式会社,三井住友トラスト・アセットマネジメント株式会社,3.93,26/07: 3.93%,投資信託契約、投資一任契約に基づく運用を目的として保有するもの。,A:賛成率低下,1,5.47,2,26/07: 5.47%
6254,野村マイクロ・サイエンス株式会社,野村アセットマネジメント株式会社,2.72,26/05: 3.01% → 26/06: 2.98% → 26/06: 2.97% → 26/07: 2.73% → 26/07: 2.72%,信託財産の運用として保有している。,A:賛成率低下,5,5.37,2,26/05: 6.36% → 26/06: 6.52% → 26/06: 5.49% → 26/07: 6.00% → 26/07: 5.37%
6254,野村マイクロ・サイエンス株式会社,野村證券株式会社,2.65,26/05: 1.78% → 26/06: 2.98% → 26/06: 2.52% → 26/07: 2.17% → 26/07: 2.65%,証券業務に係る商品在庫、及び累積投資業務の運営目的として保有している。,A:賛成率低下,5,5.37,2,26/05: 6.36% → 26/06: 6.52% → 26/06: 5.49% → 26/07: 6.00% → 26/07: 5.37%
6254,野村マイクロ・サイエンス株式会社,アモーヴァ・アセットマネジメント株式会社,1.54,26/07: 1.54%,証券投資信託及び投資一任契約において、株券等の取得・処分の権限を有するもの。,A:賛成率低下,1,5.47,2,26/07: 5.47%
6254,野村マイクロ・サイエンス株式会社,ノムラ　インターナショナル　ピーエルシー（ＮＯＭＵＲＡ　ＩＮＴＥＲＮＡＴＩＯＮＡＬ　ＰＬＣ）,0.07,26/05: 1.57% → 26/06: 0.56% → 26/06: -0.22% → 26/07: 1.09% → 26/07: 0.07%,証券業務に係わる商品在庫として保有している。,A:賛成率低下,5,5.37,2,26/05: 6.36% → 26/06: 6.52% → 26/06: 5.49% → 26/07: 6.00% → 26/07: 5.37%
6262,株式会社ＰＥＧＡＳＵＳ,Be Brave株式会社　代表取締役　泉田和人,12.88,25/11: 6.34% → 25/11: 8.29% → 25/12: 9.57% → 25/12: 10.57% → 26/03: 11.87% → 26/04: 12.88%,純投資及び状況に応じて重要提案行為等を行うこと,A:賛成率低下,6,12.88,1,25/11: 6.34% → 25/11: 8.29% → 25/12: 9.57% → 25/12: 10.57% → 26/03: 11.87% → 26/04: 12.88%
6262,株式会社ＰＥＧＡＳＵＳ,株式会社ポートフォリア,3.03,25/11: 3.03%,投資信託委託契約に基づく純投資,A:賛成率低下,1,3.03,1,25/11: 3.03%
6262,株式会社ＰＥＧＡＳＵＳ,株式会社　三井住友銀行,2.34,25/03: 2.34% → 25/05: 2.34%,政策保有目的,A:賛成率低下,2,2.34,2,25/03: 5.29% → 25/05: 2.34%
6262,株式会社ＰＥＧＡＳＵＳ,ＳＭＢＣ日興証券株式会社,0.10,25/03: 2.95% → 25/05: 0.10%,政策保有目的及び証券業務に係る一時保有のため（共同保有者から除外）,A:賛成率低下,2,2.34,2,25/03: 5.29% → 25/05: 2.34%
6333,株式会社ＴＥＩＫＯＫＵ,株式会社ヴァレックス・パートナーズ,18.42,24/01: 13.16% → 24/06: 14.27% → 24/07: 15.32% → 24/08: 16.45% → 25/03: 18.73% → 25/08: 17.45% → 26/06: 18.42%,純投資（投資一任契約その他契約に係る顧客の資産運用）及び状況に応じて重要提案行為等を行うこと。なお、株券等の大量保有の状況の開示に関する内閣府令第16条第4号に関する事項について、発行者に対して提案を行っている。また、金融商品取引法施行令第14条の8の2第1項第8号に関する事項並びに株券等の大量保有の状況の開示に関する内閣府令第16条第1号に関する事項について、発行者に対して提案を行う予定である。,A:賛成率低下 + C:会社提案否決,7,18.42,1,24/01: 13.16% → 24/06: 14.27% → 24/07: 15.32% → 24/08: 16.45% → 25/03: 18.73% → 25/08: 17.45% → 26/06: 18.42%
6333,株式会社ＴＥＩＫＯＫＵ,エフエムアール エルエルシー（FMR LLC）,7.38,25/05: 5.13% → 25/08: 6.32% → 25/09: 7.38% → 26/06: 5.13% → 26/06: 6.32% → 26/06: 7.38%,顧客の財産を信託証書および契約等に基づき運用するために保有。しかしながら、当該保有証券の名義人は弊社ではなく、顧客の選択した銀行（カストディアンバンク）等になります。,A:賛成率低下 + C:会社提案否決,6,7.38,1,25/05: 5.13% → 25/08: 6.32% → 25/09: 7.38% → 26/06: 5.13% → 26/06: 6.32% → 26/06: 7.38%
6333,株式会社ＴＥＩＫＯＫＵ,フィデリティ　マネジメント　アンド　リサーチ　カンパニー　エルエルシー (Fidelity Management & Research Company LLC),4.55,26/06: 3.02% → 26/06: 3.77% → 26/06: 4.55%,当該有価証券は、グループの資産運用および管理機能に関連して保有されているものです。,A:賛成率低下 + C:会社提案否決,3,7.38,3,26/06: 5.13% → 26/06: 6.32% → 26/06: 7.38%
6333,株式会社ＴＥＩＫＯＫＵ,三井住友ＤＳアセットマネジメント株式会社,2.72,25/03: 2.74% → 25/03: 2.77% → 25/05: 2.72%,純投資（投資収益性を重視して行う投資）,A:賛成率低下 + C:会社提案否決,3,5.15,2,25/03: 5.17% → 25/03: 6.28% → 25/05: 5.15%
6333,株式会社ＴＥＩＫＯＫＵ,株式会社　三井住友銀行,2.43,25/03: 2.43% → 25/03: 2.43% → 25/05: 2.43%,政策保有目的,A:賛成率低下 + C:会社提案否決,3,5.15,2,25/03: 5.17% → 25/03: 6.28% → 25/05: 5.15%
6333,株式会社ＴＥＩＫＯＫＵ,エフアイエーエム　エルエルシー (FIAM LLC),2.17,26/06: 1.57% → 26/06: 1.89% → 26/06: 2.17%,当該有価証券は、当社の投資運用および資産管理機能に関連して保有されています。,A:賛成率低下 + C:会社提案否決,3,7.38,3,26/06: 5.13% → 26/06: 6.32% → 26/06: 7.38%
6333,株式会社ＴＥＩＫＯＫＵ,フィデリティ　マネジメント　トラスト　カンパニー (Fidelity Management Trust Company),0.65,26/06: 0.54% → 26/06: 0.65% → 26/06: 0.65%,信託契約および投資一任契約に基づき顧客資産を運用する目的で保有。当該証券の名義は当社ではなく、顧客指定のカストディアンバンクの名義となります。,A:賛成率低下 + C:会社提案否決,3,7.38,3,26/06: 5.13% → 26/06: 6.32% → 26/06: 7.38%
6333,株式会社ＴＥＩＫＯＫＵ,ＳＭＢＣ日興証券株式会社,0.05,25/03: 1.09% → 25/05: 0.05%,証券業務に係る一時保有のため（共同保有者から除外）,A:賛成率低下 + C:会社提案否決,2,5.15,2,25/03: 6.28% → 25/05: 5.15%
6333,株式会社ＴＥＩＫＯＫＵ,ユナイテッド・マネージャーズ・ジャパン株式会社,0.00,24/01: 0.00%,該当なし,A:賛成率低下 + C:会社提案否決,1,0.00,1,24/01: 0.00%
6333,株式会社ＴＥＩＫＯＫＵ,三菱電機株式会社,0.00,24/04: 0.00%,,A:賛成率低下 + C:会社提案否決,1,0.00,1,24/04: 0.00%
6333,株式会社ＴＥＩＫＯＫＵ,三菱電機モビリティ株式会社,0.00,24/04: 12.04% → 24/12: 6.96% → 24/12: 12.37% → 24/12: 12.37% → 25/01: 6.96% → 25/12: 7.62% → 25/12: 7.62% → 26/01: 0.00%,政策保有,A:賛成率低下 + C:会社提案否決,8,0.00,1,24/04: 12.04% → 24/12: 6.96% → 24/12: 12.37% → 24/12: 12.37% → 25/01: 6.96% → 25/12: 7.62% → 25/12: 7.62% → 26/01: 0.00%
6335,株式会社東京機械製作所,大田　昭彦,10.29,25/01: 5.09% → 25/02: 6.19% → 25/02: 7.24% → 25/02: 7.24% → 25/03: 8.26% → 25/04: 9.27% → 25/08: 10.29%,自己資金の運用による純投資,A:賛成率低下,7,10.29,1,25/01: 5.09% → 25/02: 6.19% → 25/02: 7.24% → 25/02: 7.24% → 25/03: 8.26% → 25/04: 9.27% → 25/08: 10.29%
6335,株式会社東京機械製作所,株式会社シンシア工務店,5.20,24/07: 3.61% → 24/07: 5.90% → 24/07: 6.59% → 24/07: 7.73% → 24/07: 5.20%,純投資,A:賛成率低下,5,5.20,1,24/07: 3.61% → 24/07: 5.90% → 24/07: 6.59% → 24/07: 7.73% → 24/07: 5.20%
6345,株式会社アイチコーポレーション,伊藤忠商事株式会社,32.88,25/03: 23.61% → 26/04: 32.88%,協業を目的とした戦略投資,A:賛成率低下 + C:会社提案否決,2,32.88,1,25/03: 23.61% → 26/04: 32.88%
6345,株式会社アイチコーポレーション,株式会社豊田自動織機,18.53,25/03: 54.34% → 25/04: 54.34% → 25/05: 42.15% → 25/05: 18.53%,政策投資（取引関係の維持・発展）。,A:賛成率低下 + C:会社提案否決,4,18.53,1,25/03: 54.34% → 25/04: 54.34% → 25/05: 42.15% → 25/05: 18.53%
6349,株式会社小森コーポレーション,"ブランデス・インベストメント・パートナーズ・エル・ピー(Brandes Investment Partners, L.P.)",6.70,24/01: 12.23% → 25/09: 11.16% → 25/12: 10.14% → 26/01: 9.03% → 26/02: 7.78% → 26/08: 6.70%,提出者は、長期的投資者として、状況に応じて発行者を含む投資対象会社と、企業統治、重要な戦略上の決断、及び資本政策について話し合いをしたり、アイデアの提供を行ったりする可能性がある。最終的な目的は株主としての利益享受の増進のため発行者と協働することにある。提出者は、最終手段として、金融商品取引法施行令第14条の8の2第1項に定める重要提案行為等を発行者に対して正式に行うことを検討する可能性がある。,A:賛成率低下,6,6.70,1,24/01: 12.23% → 25/09: 11.16% → 25/12: 10.14% → 26/01: 9.03% → 26/02: 7.78% → 26/08: 6.70%
6349,株式会社小森コーポレーション,アセットマネジメントOne株式会社,1.95,25/04: 1.95%,投資信託または投資一任契約に基づき投資権限を有するもの。,A:賛成率低下,1,5.06,4,25/04: 5.06%
6349,株式会社小森コーポレーション,株式会社みずほ銀行,1.87,25/04: 1.87%,発行会社の要請に応え、かつ発行会社との取引関係の強化を図るもの。,A:賛成率低下,1,5.06,4,25/04: 5.06%
6349,株式会社小森コーポレーション,みずほ信託銀行株式会社,1.15,25/04: 1.15%,発行会社の要請に応え、かつ発行会社との取引関係の強化を図るもの。信託財産として運用その他の信託目的に従い保有するもの。,A:賛成率低下,1,5.06,4,25/04: 5.06%
6349,株式会社小森コーポレーション,みずほ証券 株式会社,0.10,25/04: 0.10%,ディーリング(短期売買)目的で保有するもの。レンディングその他取引に基づく一時的保有。,A:賛成率低下,1,5.06,4,25/04: 5.06%
6363,株式会社酉島製作所,いちよしアセットマネジメント株式会社,4.06,25/01: 5.07% → 25/09: 4.06%,投資信託約款および投資一任契約に基づく運用のために保有,A:賛成率低下,2,4.06,1,25/01: 5.07% → 25/09: 4.06%
6363,株式会社酉島製作所,野村アセットマネジメント株式会社,4.01,24/04: 3.17% → 24/05: 3.24% → 24/10: 3.49% → 24/10: 3.50% → 25/04: 3.87% → 25/04: 3.97% → 25/10: 4.01%,信託財産の運用として保有している。,A:賛成率低下,7,4.14,2,24/04: 3.32% → 24/05: 5.08% → 24/10: 3.62% → 24/10: 5.03% → 25/04: 4.00% → 25/04: 5.60% → 25/10: 4.14%
6363,株式会社酉島製作所,株式会社　三井住友銀行,3.32,25/04: 3.32%,政策保有目的,A:賛成率低下,1,5.15,2,25/04: 5.15%
6363,株式会社酉島製作所,三井住友ＤＳアセットマネジメント株式会社,1.82,25/04: 1.82%,純投資（投資収益性を重視して行う投資）,A:賛成率低下,1,5.15,2,25/04: 5.15%
6363,株式会社酉島製作所,野村證券株式会社,0.13,24/04: 0.13% → 24/05: 1.81% → 24/10: 0.12% → 24/10: 1.57% → 25/04: 0.13% → 25/04: 1.62% → 25/10: 0.13%,証券業務に係る商品在庫、及び累積投資業務の運営目的として保有している。,A:賛成率低下,7,4.14,2,24/04: 3.32% → 24/05: 5.08% → 24/10: 3.62% → 24/10: 5.03% → 25/04: 4.00% → 25/04: 5.60% → 25/10: 4.14%
6363,株式会社酉島製作所,ノムラ　インターナショナル　ピーエルシー（ＮＯＭＵＲＡ　ＩＮＴＥＲＮＡＴＩＯＮＡＬ　ＰＬＣ）,0.02,24/04: 0.02% → 24/05: 0.03% → 24/10: 0.00% → 24/10: -0.04% → 25/04: 0.02%,証券業務に係わる商品在庫として保有している。,A:賛成率低下,5,4.00,2,24/04: 3.32% → 24/05: 5.08% → 24/10: 3.62% → 24/10: 5.03% → 25/04: 4.00%
6402,兼松エンジニアリング株式会社,三谷　公男,1.92,24/02: 5.74% → 26/05: 1.91% → 26/05: 5.74% → 26/07: 5.74% → 26/07: 1.92%,安定株主として長期保有。,A:賛成率低下,5,1.92,1,24/02: 5.74% → 26/05: 1.91% → 26/05: 5.74% → 26/07: 5.74% → 26/07: 1.92%
6418,日本金銭機械株式会社,上東興産株式会社,15.71,24/02: 15.71% → 24/02: 15.71%,創業者一族の財産管理会社であり、安定株主として長期保有を目的とする。,A:賛成率低下,2,4.10,2,24/02: 23.92% → 24/02: 4.10%
6418,日本金銭機械株式会社,上東　宏一郎,8.21,24/02: 4.10% → 24/02: 8.21%,発行会社元役員であり、安定株主として長期保有を目的とする。,A:賛成率低下,2,23.92,2,24/02: 4.10% → 24/02: 23.92%
6463,ＴＰＲ株式会社,シュローダー・インベストメント・マネジメント株式会社,4.10,24/03: 6.09% → 24/05: 7.30% → 25/06: 6.26% → 25/07: 5.12% → 25/08: 4.10%,純投資。証券投資信託及び投資一任契約にかかる信託財産の運用のため,A:賛成率低下,5,4.10,2,24/03: 6.27% → 24/05: 7.49% → 25/06: 6.43% → 25/07: 5.23% → 25/08: 4.10%
6463,ＴＰＲ株式会社,三井住友ＤＳアセットマネジメント株式会社,3.01,24/02: 3.01%,純投資（投資収益性を重視して行う投資）,A:賛成率低下,1,4.22,3,24/02: 4.22%
6463,ＴＰＲ株式会社,株式会社　三井住友銀行,0.98,24/02: 0.98%,政策保有目的,A:賛成率低下,1,4.22,3,24/02: 4.22%
6463,ＴＰＲ株式会社,ＳＭＢＣ日興証券株式会社,0.23,24/02: 0.23%,証券業務に係る一時保有のため,A:賛成率低下,1,4.22,3,24/02: 4.22%
6463,ＴＰＲ株式会社,シュローダー・インベストメント・マネージメント・リミテッド(Schroder Investment Management Limited),0.06,24/03: 0.18% → 24/05: 0.19% → 25/06: 0.17% → 25/07: 0.11% → 25/08: 0.06%,純投資。証券投資信託及び投資一任契約にかかる信託財産の運用のため,A:賛成率低下,5,4.10,2,24/03: 6.27% → 24/05: 7.49% → 25/06: 6.43% → 25/07: 5.23% → 25/08: 4.10%
6470,大豊工業株式会社,ｆｕｎｄｎｏｔｅ株式会社,12.83,26/02: 5.54% → 26/03: 8.68% → 26/04: 9.79% → 26/06: 10.80% → 26/07: 11.81% → 26/08: 12.83%,株式会社Kaihouの投資助言に基づき投資信託の信託財産の運用のため保有。スチュワードシップ・コードに則り建設的な対話により、IR・資本効率・ガバナンスの高度化と企業価値向上を促す。但し、受益者の利益を保全する為に、保有目的を「重要提案行為を行う」に変更する場合がある。,A:賛成率低下,6,12.83,1,26/02: 5.54% → 26/03: 8.68% → 26/04: 9.79% → 26/06: 10.80% → 26/07: 11.81% → 26/08: 12.83%
6485,前澤給装工業株式会社,前澤工業株式会社,5.81,26/06: 5.81% → 26/06: 5.81%,政策投資,A:賛成率低下,2,11.61,2,26/06: 11.61% → 26/06: 11.61%
6485,前澤給装工業株式会社,前澤化成工業株式会社,5.80,26/06: 5.80% → 26/06: 5.80%,政策投資,A:賛成率低下,2,11.61,2,26/06: 11.61% → 26/06: 11.61%
6507,シンフォニアテクノロジー株式会社,キャピタル・リサーチ・アンド・マネージメント・カンパニー(Capital Research and Management Company),5.82,25/01: 5.37% → 25/02: 6.71% → 25/11: 5.01% → 26/03: 4.36% → 26/04: 4.85% → 26/04: 5.82%,顧客である日本国外の投資信託のための純投資,A:賛成率低下,6,6.14,3,25/01: 5.37% → 25/02: 6.71% → 25/11: 5.01% → 26/03: 4.47% → 26/04: 5.16% → 26/04: 6.14%
6507,シンフォニアテクノロジー株式会社,三井住友ＤＳアセットマネジメント株式会社,4.57,24/02: 5.70% → 25/02: 4.57%,純投資（投資収益性を重視して行う投資）,A:賛成率低下,2,4.85,2,24/02: 5.98% → 25/02: 4.85%
6507,シンフォニアテクノロジー株式会社,野村アセットマネジメント株式会社,3.56,24/05: 5.08% → 24/09: 4.40% → 24/11: 3.56%,信託財産の運用として保有している。,A:賛成率低下,3,4.28,2,24/05: 5.08% → 24/09: 5.76% → 24/11: 4.28%
6507,シンフォニアテクノロジー株式会社,三井住友トラスト・アセットマネジメント株式会社,3.27,24/06: 2.04% → 25/10: 3.27%,投資信託契約、投資一任契約に基づく運用を目的として保有するもの。,A:賛成率低下,2,5.14,3,24/06: 4.25% → 25/10: 5.14%
6507,シンフォニアテクノロジー株式会社,日興アセットマネジメント株式会社,1.45,24/06: 1.45%,証券投資信託及び投資一任契約において、株券等の取得・処分の権限を有するもの。,A:賛成率低下,1,4.25,3,24/06: 4.25%
6507,シンフォニアテクノロジー株式会社,アモーヴァ・アセットマネジメント株式会社,1.11,25/10: 1.11%,証券投資信託及び投資一任契約において、株券等の取得・処分の権限を有するもの。,A:賛成率低下,1,5.14,3,25/10: 5.14%
6507,シンフォニアテクノロジー株式会社,三井住友信託銀行株式会社,0.76,24/06: 0.76% → 25/10: 0.76%,政策投資として保有するもの。,A:賛成率低下,2,5.14,3,24/06: 4.25% → 25/10: 5.14%
6507,シンフォニアテクノロジー株式会社,ノムラ　インターナショナル　ピーエルシー（ＮＯＭＵＲＡ　ＩＮＴＥＲＮＡＴＩＯＮＡＬ　ＰＬＣ）,0.73,24/09: 0.95% → 24/11: 0.73%,証券業務に係わる商品在庫として保有している。,A:賛成率低下,2,4.28,2,24/09: 5.76% → 24/11: 4.28%
6507,シンフォニアテクノロジー株式会社,株式会社　三井住友銀行,0.28,24/02: 0.28% → 25/02: 0.28%,政策保有目的,A:賛成率低下,2,4.85,2,24/02: 5.98% → 25/02: 4.85%
6507,シンフォニアテクノロジー株式会社,キャピタル・インターナショナル株式会社,0.16,26/03: 0.11% → 26/04: 0.16% → 26/04: 0.16%,投資信託及び顧客である機関投資家のための通常の業務としての純投資,A:賛成率低下,3,6.14,3,26/03: 4.47% → 26/04: 5.16% → 26/04: 6.14%
6507,シンフォニアテクノロジー株式会社,"キャピタル・インターナショナル・インク(Capital International, Inc.)",0.15,26/04: 0.15% → 26/04: 0.15%,顧客である機関投資家のための通常の業務としての純投資,A:賛成率低下,2,6.14,3,26/04: 5.16% → 26/04: 6.14%
6507,シンフォニアテクノロジー株式会社,野村證券株式会社,0.00,24/09: 0.40% → 24/11: 0.00%,証券業務に係る商品在庫、及び累積投資業務の運営目的として保有している。,A:賛成率低下,2,4.28,2,24/09: 5.76% → 24/11: 4.28%
6513,株式会社オリジン,ブルックランズ ファンド マネジメント リミテッド（BROOKLANDS FUND MANAGEMENT LIMITED）,5.11,25/03: 5.11%,純投資,A:賛成率低下 + C:会社提案否決,1,5.11,1,25/03: 5.11%
6513,株式会社オリジン,株式会社みずほ銀行,3.90,24/08: 3.92% → 26/05: 3.90%,・発行会社の要請に応え、かつ発行会社との取引関係の強化を図るもの,A:賛成率低下 + C:会社提案否決,2,4.13,2,24/08: 5.83% → 26/05: 4.13%
6513,株式会社オリジン,みずほ信託銀行株式会社,0.23,24/08: 1.79% → 26/05: 0.23%,・信託財産として運用その他の信託目的に従い保有するもの,A:賛成率低下 + C:会社提案否決,2,4.13,2,24/08: 5.83% → 26/05: 4.13%
6513,株式会社オリジン,アセットマネジメントOne株式会社,0.00,24/08: 0.12% → 26/05: 0.00%,,A:賛成率低下 + C:会社提案否決,2,4.13,2,24/08: 5.83% → 26/05: 4.13%
6517,デンヨー株式会社,シンフォニー・フィナンシャル・パートナーズ（シンガポール）ピーティーイー・リミテッド (Symphony Financial Partners (Singapore) Pte. Ltd.),12.60,24/12: 12.11% → 25/06: 13.13% → 25/10: 13.68% → 26/08: 12.60%,純投資及び状況に応じて重要提案行為を行うこともありうる,A:賛成率低下 + C:会社提案否決,4,12.60,1,24/12: 12.11% → 25/06: 13.13% → 25/10: 13.68% → 26/08: 12.60%
6532,株式会社ベイカレント,野村アセットマネジメント株式会社,9.21,25/04: 6.26% → 25/10: 9.13% → 25/10: 9.21%,信託財産の運用として保有している。,A:賛成率低下,3,9.45,2,25/04: 6.89% → 25/10: 9.20% → 25/10: 9.45%
6532,株式会社ベイカレント,江口　新,5.96,25/05: 9.05% → 25/06: 8.03% → 25/07: 6.98% → 25/08: 5.96%,純投資,A:賛成率低下,4,5.96,1,25/05: 9.05% → 25/06: 8.03% → 25/07: 6.98% → 25/08: 5.96%
6532,株式会社ベイカレント,エフエムアール エルエルシー（FMR LLC）,5.91,24/07: 5.37% → 24/10: 6.40% → 24/12: 7.43% → 25/11: 8.48% → 26/02: 5.91% → 26/03: 3.62% → 26/06: 5.37% → 26/06: 6.40% → 26/06: 7.43% → 26/06: 8.48% → 26/06: 3.62% → 26/06: 5.91%,顧客の財産を信託証書および契約等に基づき運用するために保有。しかしながら、当該保有証券の名義人は弊社ではなく、顧客の選択した銀行（カストディアンバンク）等になります。,A:賛成率低下,12,5.91,1,24/07: 5.37% → 24/10: 6.40% → 24/12: 7.43% → 25/11: 8.48% → 26/02: 5.91% → 26/03: 3.62% → 26/06: 5.37% → 26/06: 6.40% → 26/06: 7.43% → 26/06: 8.48% → 26/06: 3.62% → 26/06: 5.91%
6532,株式会社ベイカレント,フィデリティ　マネジメント　アンド　リサーチ　カンパニー　エルエルシー (Fidelity Management & Research Company LLC),4.86,26/06: 3.27% → 26/06: 3.99% → 26/06: 5.87% → 26/06: 2.80% → 26/06: 4.50% → 26/06: 4.86%,当該有価証券は、グループの資産運用および管理機能に関連して保有されているものです。,A:賛成率低下,6,7.36,5,26/06: 5.30% → 26/06: 6.33% → 26/06: 8.21% → 26/06: 3.62% → 26/06: 5.91% → 26/06: 7.36%
6532,株式会社ベイカレント,アモーヴァ・アセットマネジメント株式会社,4.63,25/09: 3.08% → 25/10: 4.63%,証券投資信託及び投資一任契約において、株券等の取得・処分の権限を有するもの。,A:賛成率低下,2,7.47,2,25/09: 5.94% → 25/10: 7.47%
6532,株式会社ベイカレント,キャピタル・リサーチ・アンド・マネージメント・カンパニー(Capital Research and Management Company),4.51,24/01: 4.75% → 24/02: 2.79% → 26/07: 4.51%,顧客である日本国外の投資信託のための純投資,A:賛成率低下,3,5.06,3,24/01: 5.54% → 24/02: 2.90% → 26/07: 5.06%
6532,株式会社ベイカレント,大和アセットマネジメント株式会社,4.46,26/03: 6.29% → 26/03: 4.46%,証券投資信託の財産及び投資一任契約による顧客資金として保有,A:賛成率低下,2,4.46,1,26/03: 6.29% → 26/03: 4.46%
6532,株式会社ベイカレント,ラザード・アセット・マネージメント・エルエルシー(Lazard Asset Management LLC),4.01,24/10: 4.01%,顧客との投資一任契約に基づく顧客資産運用のための純投資,A:賛成率低下,1,4.01,1,24/10: 4.01%
6532,株式会社ベイカレント,メイワー・インベストメント・マネジメント・リミテッド（Ｍａｗｅｒ　Ｉｎｖｅｓｔｍｅｎｔ　Ｍａｎａｇｅｍｅｎｔ　Ｌｔｄ．）,3.77,24/08: 5.09% → 26/02: 3.77%,純投資（提出者は投資一任契約に基づき投資権限を有する）,A:賛成率低下,2,3.77,1,24/08: 5.09% → 26/02: 3.77%
6532,株式会社ベイカレント,日興アセットマネジメント株式会社,3.09,24/10: 1.55% → 25/04: 3.09%,証券投資信託及び投資一任契約において、株券等の取得・処分の権限を有するもの。,A:賛成率低下,2,6.19,2,24/10: 4.72% → 25/04: 6.19%
6532,株式会社ベイカレント,三井住友トラスト・アセットマネジメント株式会社,2.84,24/10: 3.17% → 25/04: 3.10% → 25/09: 2.86% → 25/10: 2.84%,投資信託契約、投資一任契約に基づく運用を目的として保有するもの。,A:賛成率低下,4,7.47,2,24/10: 4.72% → 25/04: 6.19% → 25/09: 5.94% → 25/10: 7.47%
6532,株式会社ベイカレント,ブラックロック・ジャパン株式会社,2.46,24/03: 1.78% → 25/10: 2.46%,純投資（投資一任契約に基づく顧客の資産運用および投資信託約款に基づく資産運用目的）,A:賛成率低下,2,5.02,6,24/03: 3.92% → 25/10: 5.02%
6532,株式会社ベイカレント,三菱ＵＦＪ信託銀行株式会社,1.67,25/09: 1.75% → 25/09: 1.67%,純投資,A:賛成率低下,2,3.33,2,25/09: 5.30% → 25/09: 3.33%
6532,株式会社ベイカレント,三菱ＵＦＪアセットマネジメント株式会社,1.66,25/09: 1.65% → 25/09: 1.66%,純投資,A:賛成率低下,2,3.33,2,25/09: 5.30% → 25/09: 3.33%
6532,株式会社ベイカレント,ブラックロック・ファンド・アドバイザーズ(BlackRock Fund Advisors),1.16,24/03: 1.02% → 25/10: 1.16%,純投資（投資信託等の資産運用目的）,A:賛成率低下,2,5.02,6,24/03: 3.92% → 25/10: 5.02%
6532,株式会社ベイカレント,フィデリティ　インスティテューショナル　アセット　マネジメント　トラスト　カンパニー (Fidelity Institutional Asset Management Trust Company),0.84,26/06: 0.47% → 26/06: 0.65% → 26/06: 0.50% → 26/06: 0.27% → 26/06: 0.74% → 26/06: 0.84%,信託契約および投資一任契約に基づき、顧客に代わって投資運用の目的で保有されているものです。有価証券は当社名義ではなく、顧客のカストディ銀行名義で保有されています。,A:賛成率低下,6,8.21,5,26/06: 5.30% → 26/06: 6.33% → 26/06: 5.91% → 26/06: 3.62% → 26/06: 7.36% → 26/06: 8.21%
6532,株式会社ベイカレント,"ブラックロック・インスティテューショナル・トラスト・カンパニー、エヌ．エイ．(BlackRock Institutional Trust Company, N.A.)",0.83,24/03: 0.58% → 25/10: 0.83%,純投資（顧客および投資信託等の資産運用目的）,A:賛成率低下,2,5.02,6,24/03: 3.92% → 25/10: 5.02%
6532,株式会社ベイカレント,ジェー・ピー・モルガン・セキュリティーズ・ピーエルシー (J.P. Morgan Securities plc),0.72,24/03: 2.19% → 24/03: 0.88% → 24/09: 0.91% → 24/09: 0.72%,証券業務及び銀行業等の為に保有をしている。,A:賛成率低下,4,1.03,3,24/03: 7.77% → 24/03: 2.38% → 24/09: 5.32% → 24/09: 1.03%
6532,株式会社ベイカレント,フィデリティ　マネジメント　トラスト　カンパニー (Fidelity Management Trust Company),0.46,26/06: 0.42% → 26/06: 0.42% → 26/06: 0.27% → 26/06: 0.42% → 26/06: 0.19% → 26/06: 0.46%,信託契約および投資一任契約に基づき顧客資産を運用する目的で保有。当該証券の名義は当社ではなく、顧客指定のカストディアンバンクの名義となります。,A:賛成率低下,6,8.21,5,26/06: 5.30% → 26/06: 6.33% → 26/06: 5.91% → 26/06: 7.36% → 26/06: 3.62% → 26/06: 8.21%
6532,株式会社ベイカレント,エフアイエーエム　エルエルシー (FIAM LLC),0.43,26/06: 0.83% → 26/06: 0.95% → 26/06: 0.21% → 26/06: 1.03% → 26/06: 0.85% → 26/06: 0.43%,当該有価証券は、当社の投資運用および資産管理機能に関連して保有されています。,A:賛成率低下,6,5.91,5,26/06: 5.30% → 26/06: 6.33% → 26/06: 3.62% → 26/06: 7.36% → 26/06: 8.21% → 26/06: 5.91%
6532,株式会社ベイカレント,"キャピタル・インターナショナル・インク（Capital International, Inc.）",0.40,26/07: 0.40%,顧客である機関投資家のための通常の業務としての純投資,A:賛成率低下,1,5.06,3,26/07: 5.06%
6532,株式会社ベイカレント,ブラックロック・アセット・マネジメント・アイルランド・リミテッド(BlackRock Asset Management Ireland Limited),0.30,24/03: 0.21% → 25/10: 0.30%,純投資（顧客および投資信託等の資産運用目的）,A:賛成率低下,2,5.02,6,24/03: 3.92% → 25/10: 5.02%
6532,株式会社ベイカレント,フィデリティ・マネジメント・アンド・リサーチ・ジャパン株式会社,0.30,26/06: 0.32% → 26/06: 0.32% → 26/06: 0.16% → 26/06: 0.19% → 26/06: 0.20% → 26/06: 0.30%,当社は自己の投資目的で有価証券を保有していません。記録上の有価証券は関連会社の事務・運営目的のためであり、投資目的ではありません。,A:賛成率低下,6,7.36,5,26/06: 5.30% → 26/06: 6.33% → 26/06: 3.62% → 26/06: 8.21% → 26/06: 5.91% → 26/06: 7.36%
6532,株式会社ベイカレント,野村證券株式会社,0.23,25/04: 0.63% → 25/10: -0.03% → 25/10: 0.23%,証券業務に係る商品在庫として保有している。,A:賛成率低下,3,9.45,2,25/04: 6.89% → 25/10: 9.20% → 25/10: 9.45%
6532,株式会社ベイカレント,JPモルガン証券株式会社,0.17,24/03: 5.37% → 24/03: 1.28% → 24/09: 4.26% → 24/09: 0.17%,証券業務を営む上で、本件株式に投資している。,A:賛成率低下,4,1.03,3,24/03: 7.77% → 24/03: 2.38% → 24/09: 5.32% → 24/09: 1.03%
6532,株式会社ベイカレント,キャピタル・インターナショナル株式会社,0.15,24/01: 0.52% → 24/02: 0.11% → 26/07: 0.15%,投資信託及び顧客である機関投資家のための通常の業務としての純投資,A:賛成率低下,3,5.06,3,24/01: 5.54% → 24/02: 2.90% → 26/07: 5.06%
6532,株式会社ベイカレント,ジェー・ピー・モルガン・セキュリティーズ・エルエルシー　（J.P. Morgan Securities LLC),0.15,24/03: 0.22% → 24/03: 0.22% → 24/09: 0.15% → 24/09: 0.15%,有価証券関連業務の一部としてのトレーディング等を目的として保有している。,A:賛成率低下,4,1.03,3,24/03: 7.77% → 24/03: 2.38% → 24/09: 5.32% → 24/09: 1.03%
6532,株式会社ベイカレント,ブラックロック・ファンド・マネジャーズ・リミテッド(BlackRock Fund Managers Limited),0.15,24/03: 0.21% → 25/10: 0.15%,純投資（顧客および投資信託等の資産運用目的）,A:賛成率低下,2,5.02,6,24/03: 3.92% → 25/10: 5.02%
6532,株式会社ベイカレント,ブラックロック（ネザーランド）BV(BlackRock (Netherlands) BV),0.12,24/03: 0.12%,純投資（顧客および投資信託等の資産運用目的）,A:賛成率低下,1,3.92,6,24/03: 3.92%
6532,株式会社ベイカレント,ブラックロック・インベストメント・マネジメント（ユーケー）リミテッド(BlackRock Investment Management (UK) Limited),0.12,24/03: 0.07% → 25/10: 0.12%,純投資（顧客および投資信託等の資産運用目的）,A:賛成率低下,2,5.02,6,24/03: 3.92% → 25/10: 5.02%
6532,株式会社ベイカレント,三菱ＵＦＪモルガン・スタンレー証券株式会社,0.04,25/09: 1.89% → 25/09: 0.04%,商品有価証券等として保有するもの,A:賛成率低下,2,3.33,2,25/09: 5.30% → 25/09: 3.33%
6532,株式会社ベイカレント,"キャピタル・インターナショナル・インク（Capital International, Inc）",0.02,24/01: 0.27% → 24/02: 0.02%,顧客である機関投資家のための通常の業務としての純投資。,A:賛成率低下,2,2.90,2,24/01: 5.54% → 24/02: 2.90%
6532,株式会社ベイカレント,ノムラ　インターナショナル　ピーエルシー（ＮＯＭＵＲＡ　ＩＮＴＥＲＮＡＴＩＯＮＡＬ　ＰＬＣ）,0.01,25/10: 0.10% → 25/10: 0.01%,証券業務に係わる商品在庫として保有している。,A:賛成率低下,2,9.45,2,25/10: 9.20% → 25/10: 9.45%
6532,株式会社ベイカレント,キャピタル・インターナショナル・エス・エイ・アール・エル（Capital International Sarl）,0.00,24/01: 0.00%,該当なし,A:賛成率低下,1,5.54,3,24/01: 5.54%
6532,株式会社ベイカレント,ナショナル　ファイナンシャル　サービス　エルエルシー（National Financial Services LLC）,0.00,24/12: 0.00% → 26/06: 0.00%,証券業にかかる保有。,A:賛成率低下,2,7.43,2,24/12: 7.43% → 26/06: 7.43%
6562,株式会社ジーニー,株式会社みずほ銀行,35.64,24/08: 35.64%,発行会社の要請に応え、かつ発行会社との取引関係の強化を図るもの。,A:賛成率低下,1,35.64,1,24/08: 35.64%
6562,株式会社ジーニー,工藤　智昭,23.57,25/10: 23.57% → 25/10: 23.57% → 25/10: 23.57% → 25/10: 36.58% → 25/10: 23.57% → 25/10: 23.57%,発行会社の創業者かつ代表取締役社長であり、経営参加を目的とした安定株主として保有しております。,A:賛成率低下,6,23.57,1,25/10: 23.57% → 25/10: 23.57% → 25/10: 23.57% → 25/10: 36.58% → 25/10: 23.57% → 25/10: 23.57%
6562,株式会社ジーニー,ソフトバンク株式会社,0.00,24/04: 31.15% → 24/08: 0.00%,政策投資として保有,A:賛成率低下,2,0.00,1,24/04: 31.15% → 24/08: 0.00%
6564,株式会社ミダックホールディングス,キャピタル・リサーチ・アンド・マネージメント・カンパニー(Capital Research and Management Company),3.28,24/02: 3.28%,顧客である日本国外の投資信託のための純投資。,A:賛成率低下,1,3.28,1,24/02: 3.28%
6574,株式会社コンヴァノ,株式会社NT代表取締役　青木剛志,72.28,24/04: 72.28%,株式を売却することにより利益を得る純投資を目的としており、安定保有を原則に市場動向を勘案しながら売却手法を探索する方針,C:会社提案否決,1,72.28,1,24/04: 72.28%
6574,株式会社コンヴァノ,株式会社ディメンショナル,9.29,25/07: 13.80% → 25/07: 13.80% → 25/07: 13.80% → 25/08: 13.80% → 25/09: 12.53% → 25/09: 13.80% → 25/09: 12.53% → 25/09: 13.80% → 25/09: 13.80% → 25/09: 12.53% → 25/09: 13.80% → 25/09: 13.80% → 25/09: 13.80% → 25/09: 11.32% → 25/09: 11.32% → 25/10: 11.32% → 25/10: 10.12% → 25/10: 10.14% → 25/11: 9.02% → 25/11: 7.32% → 25/11: 9.02% → 26/01: 10.99% → 26/01: 9.29%,純投資,C:会社提案否決,23,13.57,2,25/07: 18.09% → 25/07: 18.09% → 25/07: 18.09% → 25/08: 18.09% → 25/09: 16.82% → 25/09: 18.09% → 25/09: 16.82% → 25/09: 18.09% → 25/09: 18.09% → 25/09: 16.82% → 25/09: 18.09% → 25/09: 18.09% → 25/09: 18.09% → 25/09: 15.62% → 25/09: 15.62% → 25/10: 15.62% → 25/10: 14.42% → 25/10: 14.42% → 25/11: 13.30% → 25/11: 11.61% → 25/11: 13.31% → 26/01: 15.27% → 26/01: 13.57%
6574,株式会社コンヴァノ,山下　奈津紀,4.63,24/08: 4.63% → 24/09: 4.63% → 24/09: 4.63%,純投資,C:会社提案否決,3,6.30,2,24/08: 5.26% → 24/09: 5.26% → 24/09: 6.30%
6574,株式会社コンヴァノ,川口　佑,4.28,24/06: 5.00% → 24/06: 5.00% → 24/08: 5.00% → 24/08: 5.00% → 25/07: 4.30% → 25/07: 4.99% → 25/07: 4.87% → 25/08: 4.37% → 25/09: 4.30% → 25/09: 4.37% → 25/09: 4.30% → 25/09: 4.87% → 25/09: 4.87% → 25/09: 4.30% → 25/09: 4.37% → 25/09: 4.87% → 25/09: 4.99% → 25/09: 4.30% → 25/09: 4.30% → 25/10: 4.30% → 25/10: 4.28% → 25/10: 4.28% → 25/11: 4.28% → 25/11: 4.28% → 25/11: 4.28% → 26/01: 4.28% → 26/01: 4.28%,状況に応じて重要提案行為等を行う,C:会社提案否決,27,13.57,2,24/06: 5.00% → 24/06: 5.00% → 24/08: 5.00% → 24/08: 5.00% → 25/07: 18.09% → 25/07: 18.09% → 25/07: 18.09% → 25/08: 18.09% → 25/09: 16.82% → 25/09: 18.09% → 25/09: 16.82% → 25/09: 18.09% → 25/09: 18.09% → 25/09: 16.82% → 25/09: 18.09% → 25/09: 18.09% → 25/09: 18.09% → 25/09: 15.62% → 25/09: 15.62% → 25/10: 15.62% → 25/10: 14.42% → 25/10: 14.42% → 25/11: 13.30% → 25/11: 11.61% → 25/11: 13.31% → 26/01: 15.27% → 26/01: 13.57%
6574,株式会社コンヴァノ,株式会社メディカルフロンティア,1.67,24/08: 0.63% → 24/09: 0.63% → 24/09: 1.67%,純投資,C:会社提案否決,3,6.30,2,24/08: 5.26% → 24/09: 5.26% → 24/09: 6.30%
6574,株式会社コンヴァノ,青木　剛志,0.00,24/02: 72.28% → 24/02: 72.28% → 24/04: 0.00%,純投資であり、安定株主として長期保有を目的としております。,C:会社提案否決,3,0.00,1,24/02: 72.28% → 24/02: 72.28% → 24/04: 0.00%
6616,トレックス・セミコンダクター株式会社,カナメ・キャピタル・エルピー（Ｋａｎａｍｅ　Ｃａｐｉｔａｌ，Ｌ．Ｐ．）,11.16,24/03: 7.12% → 24/07: 8.18% → 24/11: 9.42% → 25/03: 10.44% → 25/06: 10.44% → 25/07: 11.44% → 25/09: 12.46% → 25/09: 12.46% → 25/12: 13.49% → 26/04: 14.54% → 26/06: 13.40% → 26/06: 12.37% → 26/06: 13.40% → 26/07: 11.16%,提出者は、投資先企業の価値向上を目指してエンゲージメントを行うが、投資先企業の取締役会が十分に機能していないと見える場合にはその是正を図るためアクティビズムに発展する場合もある（「エスカレーション」と称している）。提出者は、これらエンゲージメントの一環として発行者に対して以下についての提案を行う予定がある。ただし、具体的な内容、時期及び条件は引き続き検討中である。・配当方針の重要な変更・増資・減資方針の重要な変更・資本政策の方針の重要な変更・多額の借財・事業の全部又は一部の譲渡・譲受け・休止又は廃止・重要な資産の処分又は取得・株式交換・株式移転・会社分割・合併・発行者以外の者による支配権の取得・役員構成の重要な変更（役員の数又は任期に係る重要な変更を含む）・代表取締役、代表執行役若しくは執行役員の選解任・特定の個人の役員選任提出者は、発行者の株式の市場株価が割安と判断される水準にとどまる場合、ポートフォリオ投資の一環として、今後3か月以内に発行済み株式総数の5％超の普通株式を市場取引で追加取得する予定がある。ただし、具体的な判断基準、取得価格、数量、時期は未定である。,C:会社提案否決,14,11.16,1,24/03: 7.12% → 24/07: 8.18% → 24/11: 9.42% → 25/03: 10.44% → 25/06: 10.44% → 25/07: 11.44% → 25/09: 12.46% → 25/09: 12.46% → 25/12: 13.49% → 26/04: 14.54% → 26/06: 13.40% → 26/06: 12.37% → 26/06: 13.40% → 26/07: 11.16%
6616,トレックス・セミコンダクター株式会社,ベイリー・ギフォード・アンド・カンパニー(Baillie Gifford & Co),4.45,24/05: 6.71% → 24/10: 5.70% → 24/12: 4.45%,投資一任契約に基づき、顧客資産で本件株式を保有している。,C:会社提案否決,3,4.45,1,24/05: 6.71% → 24/10: 5.70% → 24/12: 4.45%
6616,トレックス・セミコンダクター株式会社,株式会社ＳＢＩ証券,3.15,24/07: 5.28% → 26/06: 3.15%,証券業務に係る商品在庫として保有している。,C:会社提案否決,2,3.15,1,24/07: 5.28% → 26/06: 3.15%
6645,オムロン株式会社,野村アセットマネジメント株式会社,7.54,25/08: 7.02% → 25/09: 7.54%,信託財産の運用として保有している。,A:賛成率低下,2,7.71,2,25/08: 7.60% → 25/09: 7.71%
6645,オムロン株式会社,アモーヴァ・アセットマネジメント株式会社,5.29,25/09: 5.29%,証券投資信託及び投資一任契約において、株券等の取得・処分の権限を有するもの。,A:賛成率低下,1,8.12,2,25/09: 8.12%
6645,オムロン株式会社,日興アセットマネジメント株式会社,5.20,25/04: 4.19% → 25/07: 5.20% → 25/09: 5.20%,証券投資信託及び投資一任契約において、株券等の取得・処分の権限を有するもの。,A:賛成率低下,3,8.00,2,25/04: 7.23% → 25/07: 8.14% → 25/09: 8.00%
6645,オムロン株式会社,三井住友トラスト・アセットマネジメント株式会社,2.83,25/04: 3.04% → 25/07: 2.94% → 25/09: 2.80% → 25/09: 2.83%,投資信託契約、投資一任契約に基づく運用を目的として保有するもの。,A:賛成率低下,4,8.12,2,25/04: 7.23% → 25/07: 8.14% → 25/09: 8.00% → 25/09: 8.12%
6645,オムロン株式会社,ブラックロック・ジャパン株式会社,2.20,24/11: 2.30% → 25/09: 2.20%,純投資（投資一任契約に基づく顧客の資産運用および投資信託約款に基づく資産運用目的）,A:賛成率低下,2,5.29,6,24/11: 8.10% → 25/09: 5.29%
6645,オムロン株式会社,三菱ＵＦＪアセットマネジメント株式会社,2.07,24/07: 1.84% → 25/07: 2.07%,純投資,A:賛成率低下,2,4.19,3,24/07: 6.81% → 25/07: 4.19%
6645,オムロン株式会社,三菱ＵＦＪ信託銀行株式会社,2.02,24/07: 2.36% → 25/07: 2.02%,純投資,A:賛成率低下,2,4.19,3,24/07: 6.81% → 25/07: 4.19%
6645,オムロン株式会社,ブラックロック・ファンド・アドバイザーズ(BlackRock Fund Advisors),1.09,24/11: 1.76% → 25/09: 1.09%,純投資（投資信託等の資産運用目的）,A:賛成率低下,2,5.29,6,24/11: 8.10% → 25/09: 5.29%
6645,オムロン株式会社,"ブラックロック・インスティテューショナル・トラスト・カンパニー、エヌ．エイ．(BlackRock Institutional Trust Company, N.A.)",0.78,24/11: 1.09% → 25/09: 0.78%,純投資（顧客および投資信託等の資産運用目的）,A:賛成率低下,2,5.29,6,24/11: 8.10% → 25/09: 5.29%
6645,オムロン株式会社,ブラックロック・ファンド・マネジャーズ・リミテッド(BlackRock Fund Managers Limited),0.54,24/11: 0.86% → 25/09: 0.54%,純投資（顧客および投資信託等の資産運用目的）,A:賛成率低下,2,5.29,6,24/11: 8.10% → 25/09: 5.29%
6645,オムロン株式会社,ブラックロック・アセット・マネジメント・アイルランド・リミテッド(BlackRock Asset Management Ireland Limited),0.51,24/11: 1.06% → 25/09: 0.51%,純投資（顧客および投資信託等の資産運用目的）,A:賛成率低下,2,5.29,6,24/11: 8.10% → 25/09: 5.29%
6645,オムロン株式会社,ブラックロック（ネザーランド）BV(BlackRock (Netherlands) BV),0.17,24/11: 0.34% → 25/09: 0.17%,純投資（顧客および投資信託等の資産運用目的）,A:賛成率低下,2,5.29,6,24/11: 8.10% → 25/09: 5.29%
6645,オムロン株式会社,ノムラ　インターナショナル　ピーエルシー（ＮＯＭＵＲＡ　ＩＮＴＥＲＮＡＴＩＯＮＡＬ　ＰＬＣ）,0.16,25/09: 0.16%,証券業務に係わる商品在庫として保有している。,A:賛成率低下,1,7.71,2,25/09: 7.71%
6645,オムロン株式会社,三菱ＵＦＪモルガン・スタンレー証券株式会社,0.11,24/07: 0.12% → 25/07: 0.11%,商品有価証券等として保有するもの,A:賛成率低下,2,4.19,3,24/07: 6.81% → 25/07: 4.19%
6645,オムロン株式会社,"アペリオ・グループ・エルエルシー(Aperio Group, LLC)",0.08,24/11: 0.16% → 25/09: 0.08%,純投資（顧客および投資信託等の資産運用目的）,A:賛成率低下,2,5.29,6,24/11: 8.10% → 25/09: 5.29%
6645,オムロン株式会社,ブラックロック・インベストメント・マネジメント（ユーケー）リミテッド(BlackRock Investment Management (UK) Limited),0.07,24/11: 0.25% → 25/09: 0.07%,純投資（顧客および投資信託等の資産運用目的）,A:賛成率低下,2,5.29,6,24/11: 8.10% → 25/09: 5.29%
6645,オムロン株式会社,"ブラックロック・フィナンシャル・マネジメント・インク(BlackRock Financial Management, Inc.)",0.06,24/11: 0.06%,純投資（顧客および投資信託等の資産運用目的）,A:賛成率低下,1,8.10,10,24/11: 8.10%
6645,オムロン株式会社,ブラックロック・インベストメント・マネジメント・エルエルシー(BlackRock Investment Management LLC),0.06,24/11: 0.06%,純投資（顧客および投資信託等の資産運用目的）,A:賛成率低下,1,8.10,10,24/11: 8.10%
6645,オムロン株式会社,ブラックロック・アセット・マネジメント・カナダ・リミテッド(BlackRock Asset Management Canada Limited),0.04,24/11: 0.14% → 25/09: 0.04%,純投資（顧客および投資信託等の資産運用目的）,A:賛成率低下,2,5.29,6,24/11: 8.10% → 25/09: 5.29%
6645,オムロン株式会社,野村證券株式会社,0.04,25/08: 0.58% → 25/09: 0.04%,証券業務に係る商品在庫、及び累積投資業務の運営目的として保有している。,A:賛成率低下,2,7.71,2,25/08: 7.60% → 25/09: 7.71%
6645,オムロン株式会社,株式会社三菱ＵＦＪ銀行,0.00,24/07: 2.49% → 25/07: 0.00%,－,A:賛成率低下,2,4.19,3,24/07: 6.81% → 25/07: 4.19%
6645,オムロン株式会社,ブラックロック・インベストメント・マネジメント （オーストラリア）リミテッド(BlackRock Investment Management (Australia) Limited),0.00,24/11: 0.13% → 25/09: 0.00%,純投資（顧客および投資信託等の資産運用目的）,A:賛成率低下,2,5.29,6,24/11: 8.10% → 25/09: 5.29%
6727,株式会社ワコム,アセット・バリュー・インベスターズ・リミテッド (Asset Value Investors Limited),17.05,24/02: 9.09% → 24/03: 7.73% → 25/05: 9.18% → 25/06: 11.04% → 25/06: 12.04% → 25/08: 13.17% → 26/05: 13.74% → 26/06: 14.83% → 26/07: 15.91% → 26/08: 17.05%,提出者の保有目的は純投資であり、発行者の持続的な企業価値の向上に必要であると判断した場合には以下の重要提案行為等を行う可能性がある。・重要な財産の処分又は譲受け・代表取締役の選定若しくは解職・特定の者の役員への選任・役員の構成の重要な変更・事業の全部又は一部の譲渡、譲受け、休止又は廃止・配当に関する方針の重要な変更・資本政策に関する重要な変更提出者は、発行者に対し、配当性向の目安を65%に設定するように提案している。上記以外の重要提案行為等の具体的な内容、時期及び条件については未定である。,A:賛成率低下 + C:会社提案否決,10,17.05,1,24/02: 9.09% → 24/03: 7.73% → 25/05: 9.18% → 25/06: 11.04% → 25/06: 12.04% → 25/08: 13.17% → 26/05: 13.74% → 26/06: 14.83% → 26/07: 15.91% → 26/08: 17.05%
6727,株式会社ワコム,カナメ・キャピタル・エルピー（Ｋａｎａｍｅ　Ｃａｐｉｔａｌ，Ｌ．Ｐ．）,5.05,25/09: 5.05%,純投資及び状況に応じて重要提案行為等を行うこと。,A:賛成率低下 + C:会社提案否決,1,5.05,1,25/09: 5.05%
6727,株式会社ワコム,日興アセットマネジメント株式会社,4.06,25/06: 4.06%,証券投資信託及び投資一任契約において、株券等の取得・処分の権限を有するもの。,A:賛成率低下 + C:会社提案否決,1,7.00,2,25/06: 7.00%
6727,株式会社ワコム,インベスコ･アセット･マネジメント株式会社,3.87,24/02: 8.44% → 24/03: 7.21% → 24/05: 5.12% → 24/10: 3.87%,投資一任契約に基づく契約資産の運用および委託者指図型投資信託の運用において保有,A:賛成率低下 + C:会社提案否決,4,3.98,2,24/02: 8.63% → 24/03: 7.40% → 24/05: 5.31% → 24/10: 3.98%
6727,株式会社ワコム,ベイリー・ギフォード・アンド・カンパニー(Baillie Gifford & Co),3.39,24/03: 4.76% → 24/08: 4.12% → 25/04: 3.39%,投資一任契約に基づき、顧客資産で本件株式を保有している。,A:賛成率低下 + C:会社提案否決,3,4.47,2,24/03: 6.63% → 24/08: 5.49% → 25/04: 4.47%
6727,株式会社ワコム,三井住友トラスト・アセットマネジメント株式会社,2.20,25/06: 2.93% → 25/09: 2.74% → 26/07: 2.31% → 26/08: 2.20%,投資信託契約、投資一任契約に基づく運用を目的として保有するもの。,A:賛成率低下 + C:会社提案否決,4,3.98,2,25/06: 7.00% → 25/09: 6.51% → 26/07: 5.26% → 26/08: 3.98%
6727,株式会社ワコム,アモーヴァ・アセットマネジメント株式会社,1.77,25/09: 3.78% → 26/07: 2.95% → 26/08: 1.77%,証券投資信託及び投資一任契約において、株券等の取得・処分の権限を有するもの。,A:賛成率低下 + C:会社提案否決,3,3.98,2,25/09: 6.51% → 26/07: 5.26% → 26/08: 3.98%
6727,株式会社ワコム,ベイリー・ギフォード・オーバーシーズ・リミテッド(Baillie Gifford Overseas Limited),1.08,24/03: 1.87% → 24/08: 1.37% → 25/04: 1.08%,投資一任契約に基づき、顧客資産で本件株式を保有している。,A:賛成率低下 + C:会社提案否決,3,4.47,2,24/03: 6.63% → 24/08: 5.49% → 25/04: 4.47%
6727,株式会社ワコム,インベスコ　ホンコン　リミテッド（Ｉｎｖｅｓｃｏ　Ｈｏｎｇ　Ｋｏｎｇ　Ｌｉｍｉｔｅｄ）,0.11,24/02: 0.19% → 24/03: 0.20% → 24/05: 0.19% → 24/10: 0.11%,投資一任契約に基づく契約資産の運用および委託者指図型投資信託の運用において保有,A:賛成率低下 + C:会社提案否決,4,3.98,2,24/02: 8.63% → 24/03: 7.40% → 24/05: 5.31% → 24/10: 3.98%
6743,大同信号株式会社,日本電設工業株式会社,10.52,24/06: 13.29% → 26/08: 13.29% → 26/08: 10.52%,発行者と提出者は取引関係において密接な関係にあり、今後の関係強化を図るため,C:会社提案否決,3,10.52,1,24/06: 13.29% → 26/08: 13.29% → 26/08: 10.52%
6743,大同信号株式会社,株式会社みずほ銀行,3.79,24/06: 3.79% → 24/06: 3.79%,発行会社の要請に応え、かつ発行会社との取引関係の強化を図るもの。,C:会社提案否決,2,5.34,2,24/06: 3.79% → 24/06: 5.34%
6743,大同信号株式会社,有限会社光パワー,3.32,26/04: 3.32%,長期保有を目的とした純投資,C:会社提案否決,1,3.32,2,26/04: 3.32%
6743,大同信号株式会社,みずほ信託銀行株式会社,1.55,24/06: 0.00% → 24/06: 1.55%,信託財産として運用その他の信託目的に従い保有するもの。,C:会社提案否決,2,5.34,2,24/06: 3.79% → 24/06: 5.34%
6743,大同信号株式会社,重田康光,0.00,26/04: 0.00%,長期保有を目的とした純投資,C:会社提案否決,1,3.32,2,26/04: 3.32%
6750,エレコム株式会社,葉田　順治,19.01,24/07: 19.01% → 24/08: 19.01%,発行会社が分離・独立する過程において、取締役社長としての経営権保持の為に保有しました。,A:賛成率低下,2,33.07,4,24/07: 33.07% → 24/08: 33.07%
6750,エレコム株式会社,有限会社サンズ,13.66,24/07: 13.66% → 24/08: 13.66%,発行会社の代表取締役が代表を務める法人であり、安定株主として長期保有を目的としております。,A:賛成率低下,2,33.07,4,24/07: 33.07% → 24/08: 33.07%
6750,エレコム株式会社,葉田　いつの,0.39,24/07: 0.39% → 24/08: 0.39%,発行会社の代表取締役の配偶者であり、安定株主として長期保有を目的としております。,A:賛成率低下,2,33.07,4,24/07: 33.07% → 24/08: 33.07%
6750,エレコム株式会社,株式会社ジャスティン,0.00,24/07: 0.00% → 24/08: 0.00%,,A:賛成率低下,2,33.07,4,24/07: 33.07% → 24/08: 33.07%
6763,帝国通信工業株式会社,ＧＬＯＢＡＬ　ＭＡＮＡＧＥＭＥＮＴ　ＰＡＲＴＮＥＲＳ　ＬＩＭＩＴＥＤ,9.11,24/11: 0.00% → 26/03: 9.11%,純投資,B:新規株主提案,2,9.42,3,24/11: 7.27% → 26/03: 9.42%
6763,帝国通信工業株式会社,ニッポン・アクティブ・バリュー・ファンド（NIPPON ACTIVE VALUE FUND PLC）,5.03,24/04: 4.62% → 24/09: 5.03% → 24/11: 5.03% → 25/01: 5.03% → 26/04: 5.03%,投資及び経営陣に対する経営の助言並びに状況に応じて重要提案行為等を行うこと。特に、ニッポン・アクティブ・バリュー・ファンドは、発行会社の財務的健全性及び市場での地位が株価に反映されていないと考えており、全ての株主のために株式価値を高めるための方法を話し合うことを目的とし、発行会社の経営陣に対して対話を要求する場合がある。,B:新規株主提案,5,8.66,3,24/04: 6.05% → 24/09: 7.19% → 24/11: 8.20% → 25/01: 8.66% → 26/04: 8.66%
6763,帝国通信工業株式会社,株式会社みずほ銀行,4.53,24/04: 4.83% → 24/09: 4.83% → 26/08: 4.53%,・発行会社の要請に応え、かつ発行会社との取引関係の強化を図るもの,B:新規株主提案,3,7.60,3,24/04: 7.43% → 24/09: 8.61% → 26/08: 7.60%
6763,帝国通信工業株式会社,"ダルトン・インベストメンツ・インク（Dalton Investments, Inc.）",2.15,24/09: 0.68% → 24/11: 1.69% → 25/01: 2.15% → 26/04: 2.15%,提出者は、発行者の株価が過小評価されており魅力的な投資機会であると考えて、発行者の株式を取得し長期的に保有する。提出者は、発行者の財務状況、戦略的決定、取締役会の決定、株価水準、他の投資機会、投資ポートフォリオの集中と分散に関する内部ガイドライン、株式市場の状況、全般的な経済・産業動向などの様々な状況に応じて、発行者の株式や関連金融商品の追加取得、若しくはその全部または一部の売却、その他提出者が適切と考えるあらゆる措置を採る可能性がある。更に提出者は、過小評価されていると提出者が考える発行者の株価および株主価値の向上のため、発行者、その役員・取締役、他の株主等との間で、発行者のコーポレートガバナンス、取締役会の構成、経営、事業、財務状況及び戦略に関して、建設的な対話を行うことを求めていく可能性がある。,B:新規株主提案,4,8.66,3,24/09: 7.19% → 24/11: 8.20% → 25/01: 8.66% → 26/04: 8.66%
6763,帝国通信工業株式会社,みずほ信託銀行株式会社,1.54,24/04: 0.68% → 24/09: 1.63% → 26/08: 1.54%,・信託財産として運用その他の信託目的に従い保有するもの,B:新規株主提案,3,7.60,3,24/04: 7.43% → 24/09: 8.61% → 26/08: 7.60%
6763,帝国通信工業株式会社,アセットマネジメントOne株式会社,1.53,24/04: 1.46% → 24/09: 2.00% → 26/08: 1.53%,・投資信託または投資一任契約に基づき投資権限を有するもの,B:新規株主提案,3,7.60,3,24/04: 7.43% → 24/09: 8.61% → 26/08: 7.60%
6763,帝国通信工業株式会社,エヌエーブイエフ・セレクト・エルエルシー（NAVF Select LLC）,1.48,24/04: 1.43% → 24/09: 1.48% → 24/11: 1.48% → 25/01: 1.48%,投資及び経営陣に対する経営の助言並びに状況に応じて重要提案行為等を行うこと。特に、エヌエーブイエフ・セレクト・エルエルシーは、発行会社の財務的健全性及び市場での地位が株価に反映されていないと考えており、全ての株主のために株式価値を高めるための方法を話し合うことを目的とし、発行会社の経営陣に対して対話を要求する場合がある。,B:新規株主提案,4,8.66,3,24/04: 6.05% → 24/09: 7.19% → 24/11: 8.20% → 25/01: 8.66%
6763,帝国通信工業株式会社,エヌエーブイエフ・セレクト・マスター・ファンド・エルピー（NAVF Select (Master) Fund LP）,1.48,26/04: 1.48%,投資及び経営陣に対する経営の助言並びに状況に応じて重要提案行為等を行うこと。特に、エヌエーブイエフ・セレクト・マスター・ファンド・エルピーは、発行会社の財務的健全性及び市場での地位が株価に反映されていないと考えており、全ての株主のために株式価値を高めるための方法を話し合うことを目的とし、発行会社の経営陣に対して対話を要求する場合がある。,B:新規株主提案,1,8.66,3,26/04: 8.66%
6763,帝国通信工業株式会社,株式会社スノーボールキャピタル,0.31,24/11: 0.31% → 25/05: 0.31% → 26/03: 0.31% → 26/03: 0.31%,純投資,B:新規株主提案,4,9.42,3,24/11: 7.27% → 25/05: 8.27% → 26/03: 9.29% → 26/03: 9.42%
6763,帝国通信工業株式会社,みずほ証券 株式会社,0.09,24/04: 0.45% → 24/09: 0.14% → 26/08: 0.09%,・ディーリング(短期売買)目的で保有するもの・レンディングその他取引に基づく一時的保有,B:新規株主提案,3,7.60,3,24/04: 7.43% → 24/09: 8.61% → 26/08: 7.60%
6763,帝国通信工業株式会社,重田　光時,0.00,24/11: 6.96% → 25/05: 7.96% → 26/03: 8.98% → 26/03: 0.00%,純投資,B:新規株主提案,4,9.42,3,24/11: 7.27% → 25/05: 8.27% → 26/03: 9.29% → 26/03: 9.42%
6820,アイコム株式会社,株式会社ＵＨ　Ｐａｒｔｎｅｒｓ　２,6.00,25/04: 9.29% → 25/06: 6.77% → 25/10: 6.00% → 25/12: 6.00%,純投資,A:賛成率低下,4,13.14,3,25/04: 17.27% → 25/06: 17.27% → 25/10: 13.14% → 25/12: 13.14%
6820,アイコム株式会社,カナメ・キャピタル・エルピー（Ｋａｎａｍｅ　Ｃａｐｉｔａｌ，Ｌ．Ｐ．）,5.01,26/05: 5.01%,純投資,A:賛成率低下,1,5.01,1,26/05: 5.01%
6820,アイコム株式会社,光通信株式会社,4.61,25/04: 7.98% → 25/06: 7.98% → 25/10: 4.61% → 25/12: 4.61%,純投資,A:賛成率低下,4,13.14,3,25/04: 17.27% → 25/06: 17.27% → 25/10: 13.14% → 25/12: 13.14%
6820,アイコム株式会社,株式会社アイビー,2.52,25/06: 2.52% → 25/10: 2.52% → 25/12: 2.52%,純投資,A:賛成率低下,3,13.14,3,25/06: 17.27% → 25/10: 13.14% → 25/12: 13.14%
6867,リーダー電子株式会社,アイ・オー・キャピタル株式会社,18.76,26/04: 18.76% → 26/04: 18.76%,純投資、取締役の派遣等による経営参加及び業務提携の実施,A:賛成率低下,2,18.76,1,26/04: 18.76% → 26/04: 18.76%
6867,リーダー電子株式会社,後藤明子,0.00,24/03: 0.00%,,A:賛成率低下,1,0.00,1,24/03: 0.00%
6867,リーダー電子株式会社,大松正明,0.00,24/03: 0.00%,,A:賛成率低下,1,0.00,1,24/03: 0.00%
6867,リーダー電子株式会社,Ａｎｃｈｏｒ　Ｃａｐｉｔａｌ　Ｇｒｏｕｐ株式会社,0.00,25/12: 18.76% → 26/04: 0.00% → 26/04: 0.00%,純投資、取締役の派遣等による経営参加及び業務提携の実施,A:賛成率低下,3,0.00,1,25/12: 18.76% → 26/04: 0.00% → 26/04: 0.00%
6908,イリソ電子工業株式会社,野村絢,3.87,24/08: 5.06% → 24/09: 3.72% → 24/10: 3.02% → 24/11: 1.52% → 25/06: 5.03% → 25/09: 3.87%,投資及び状況に応じて経営陣への助言、重要提案行為等を行うこと,A:賛成率低下,6,3.87,2,24/08: 5.06% → 24/09: 3.72% → 24/10: 5.06% → 24/11: 3.56% → 25/06: 5.04% → 25/09: 3.87%
6908,イリソ電子工業株式会社,シュローダー・インベストメント・マネジメント株式会社,3.00,24/04: 3.00%,純投資。証券投資信託及び投資一任契約にかかる信託財産の運用のため,A:賛成率低下,1,3.00,2,24/04: 3.00%
6908,イリソ電子工業株式会社,三井住友トラスト・アセットマネジメント株式会社,2.89,24/03: 2.89%,投資信託契約、投資一任契約に基づく運用を目的として保有するもの。,A:賛成率低下,1,3.96,2,24/03: 3.96%
6908,イリソ電子工業株式会社,アセットマネジメントOne株式会社,2.47,24/02: 5.62% → 24/03: 4.20% → 24/04: 4.24% → 24/08: 2.47%,投資信託または投資一任契約に基づき投資権限を有するもの。,A:賛成率低下,4,3.23,3,24/02: 6.51% → 24/03: 4.98% → 24/04: 5.04% → 24/08: 3.23%
6908,イリソ電子工業株式会社,三菱ＵＦＪ信託銀行株式会社,2.44,24/02: 3.46% → 24/03: 2.44% → 25/05: 3.46% → 25/10: 2.44%,純投資,A:賛成率低下,4,4.31,3,24/02: 5.11% → 24/03: 4.14% → 25/05: 5.07% → 25/10: 4.31%
6908,イリソ電子工業株式会社,三菱ＵＦＪアセットマネジメント株式会社,1.21,24/02: 0.99% → 24/03: 1.04% → 25/05: 0.95% → 25/10: 1.21%,純投資,A:賛成率低下,4,4.31,3,24/02: 5.11% → 24/03: 4.14% → 25/05: 5.07% → 25/10: 4.31%
6908,イリソ電子工業株式会社,日興アセットマネジメント株式会社,1.07,24/03: 1.07%,証券投資信託及び投資一任契約において、株券等の取得・処分の権限を有するもの。,A:賛成率低下,1,3.96,2,24/03: 3.96%
6908,イリソ電子工業株式会社,株式会社三菱ＵＦＪ銀行,0.66,24/02: 0.66% → 24/03: 0.66% → 25/05: 0.66% → 25/10: 0.66%,政策投資,A:賛成率低下,4,4.31,3,24/02: 5.11% → 24/03: 4.14% → 25/05: 5.07% → 25/10: 4.31%
6908,イリソ電子工業株式会社,みずほ証券 株式会社,0.43,24/02: 0.56% → 24/03: 0.45% → 24/04: 0.47% → 24/08: 0.43%,政策投資目的にて保有するもの。ディーリング(短期売買)目的で保有するもの。,A:賛成率低下,4,3.23,3,24/02: 6.51% → 24/03: 4.98% → 24/04: 5.04% → 24/08: 3.23%
6908,イリソ電子工業株式会社,株式会社みずほ銀行,0.33,24/02: 0.33% → 24/03: 0.33% → 24/04: 0.33% → 24/08: 0.33%,発行会社の要請に応え、かつ発行会社との取引関係の強化を図るもの。,A:賛成率低下,4,3.23,3,24/02: 6.51% → 24/03: 4.98% → 24/04: 5.04% → 24/08: 3.23%
6908,イリソ電子工業株式会社,アセットマネジメントOneインターナショナル（Asset Management One International Ltd.）,0.04,24/02: 0.04%,投資信託または投資一任契約に基づき投資権限を有するもの。,A:賛成率低下,1,6.51,3,24/02: 6.51%
6908,イリソ電子工業株式会社,シュローダー・インベストメント・マネージメント・リミテッド(Schroder Investment Management Limited),0.00,24/04: 0.00%,純投資。証券投資信託及び投資一任契約にかかる信託財産の運用のため,A:賛成率低下,1,3.00,2,24/04: 3.00%
6908,イリソ電子工業株式会社,株式会社シティインデックスイレブンス,0.00,24/08: 0.00% → 24/09: 0.00% → 24/10: 2.04% → 24/11: 2.04% → 25/06: 0.00% → 25/09: 0.00%,投資及び状況に応じて経営陣への助言、重要提案行為等を行うこと,A:賛成率低下,6,3.87,2,24/08: 5.06% → 24/09: 3.72% → 24/10: 5.06% → 24/11: 3.56% → 25/06: 5.04% → 25/09: 3.87%
6963,ローム株式会社,野村アセットマネジメント株式会社,5.04,24/04: 3.59% → 24/05: 3.82% → 24/06: 3.77% → 24/08: 3.52% → 24/10: 3.15% → 24/10: 2.92% → 24/12: 2.61% → 24/12: 3.22% → 25/07: 2.97% → 25/07: 4.35% → 25/07: 5.55% → 25/09: 5.22% → 26/02: 4.59% → 26/05: 4.11% → 26/07: 5.04%,信託財産の運用として保有している。,A:賛成率低下,15,9.23,3,24/04: 4.52% → 24/05: 6.67% → 24/06: 7.19% → 24/08: 7.30% → 24/10: 6.75% → 24/10: 6.60% → 24/12: 7.75% → 24/12: 7.40% → 25/07: 7.96% → 25/07: 10.10% → 25/07: 9.98% → 25/09: 9.53% → 26/02: 8.85% → 26/05: 8.37% → 26/07: 9.23%
6963,ローム株式会社,日興アセットマネジメント株式会社,3.84,24/04: 2.85% → 24/06: 3.00% → 24/08: 2.90% → 24/10: 2.83% → 24/11: 2.82% → 25/01: 2.83% → 25/04: 2.79% → 25/05: 2.76% → 25/07: 2.66% → 25/07: 3.84%,証券投資信託及び投資一任契約において、株券等の取得・処分の権限を有するもの。,A:賛成率低下,10,6.34,2,24/04: 5.33% → 24/06: 5.70% → 24/08: 5.82% → 24/10: 5.45% → 24/11: 5.45% → 25/01: 5.22% → 25/04: 5.13% → 25/05: 5.20% → 25/07: 5.22% → 25/07: 6.34%
6963,ローム株式会社,アモーヴァ・アセットマネジメント株式会社,3.27,25/09: 3.61% → 25/10: 3.62% → 26/07: 3.27%,証券投資信託及び投資一任契約において、株券等の取得・処分の権限を有するもの。,A:賛成率低下,3,5.10,2,25/09: 6.12% → 25/10: 6.15% → 26/07: 5.10%
6963,ローム株式会社,野村證券株式会社,2.40,24/04: 0.29% → 24/05: 3.06% → 24/06: 2.60% → 24/08: 3.18% → 24/10: 2.85% → 24/10: 2.85% → 24/12: 4.33% → 24/12: 3.21% → 25/07: 3.36% → 25/07: 4.59% → 25/07: 3.81% → 25/09: 3.36% → 26/02: 3.09% → 26/05: 2.62% → 26/07: 2.40%,証券業務に係る商品在庫、及び累積投資業務の運営目的として保有している。,A:賛成率低下,15,9.23,3,24/04: 4.52% → 24/05: 6.67% → 24/06: 7.19% → 24/08: 7.30% → 24/10: 6.75% → 24/10: 6.60% → 24/12: 7.75% → 24/12: 7.40% → 25/07: 7.96% → 25/07: 10.10% → 25/07: 9.98% → 25/09: 9.53% → 26/02: 8.85% → 26/05: 8.37% → 26/07: 9.23%
6963,ローム株式会社,三井住友トラスト・アセットマネジメント株式会社,1.83,24/04: 2.48% → 24/06: 2.70% → 24/08: 2.93% → 24/10: 2.61% → 24/11: 2.64% → 25/01: 2.39% → 25/04: 2.33% → 25/05: 2.44% → 25/07: 2.56% → 25/07: 2.51% → 25/09: 2.51% → 25/10: 2.52% → 26/07: 1.83%,投資信託契約、投資一任契約に基づく運用を目的として保有するもの。,A:賛成率低下,13,5.10,2,24/04: 5.33% → 24/06: 5.70% → 24/08: 5.82% → 24/10: 5.45% → 24/11: 5.45% → 25/01: 5.22% → 25/04: 5.13% → 25/05: 5.20% → 25/07: 5.22% → 25/07: 6.34% → 25/09: 6.12% → 25/10: 6.15% → 26/07: 5.10%
6963,ローム株式会社,ノムラ　インターナショナル　ピーエルシー（ＮＯＭＵＲＡ　ＩＮＴＥＲＮＡＴＩＯＮＡＬ　ＰＬＣ）,1.79,24/04: 0.66% → 24/05: 0.11% → 24/06: 1.22% → 24/08: 0.99% → 24/10: 1.13% → 24/10: 1.21% → 24/12: 1.19% → 24/12: 1.35% → 25/07: 2.05% → 25/07: 1.71% → 25/07: 1.22% → 25/09: 1.55% → 26/02: 1.67% → 26/05: 1.64% → 26/07: 1.79%,証券業務に係わる商品在庫として保有している。,A:賛成率低下,15,9.23,3,24/04: 4.52% → 24/05: 6.67% → 24/06: 7.19% → 24/08: 7.30% → 24/10: 6.75% → 24/10: 6.60% → 24/12: 7.75% → 24/12: 7.40% → 25/07: 7.96% → 25/07: 10.10% → 25/07: 9.98% → 25/09: 9.53% → 26/02: 8.85% → 26/05: 8.37% → 26/07: 9.23%
6963,ローム株式会社,ブラックロック・ジャパン株式会社,1.69,24/10: 1.73% → 24/12: 1.69%,純投資（投資一任契約に基づく顧客の資産運用および投資信託約款に基づく資産運用目的）,A:賛成率低下,2,4.32,6,24/10: 6.05% → 24/12: 4.32%
6963,ローム株式会社,ブラックロック・ファンド・アドバイザーズ(BlackRock Fund Advisors),1.02,24/10: 1.62% → 24/12: 1.02%,純投資（投資信託等の資産運用目的）,A:賛成率低下,2,4.32,6,24/10: 6.05% → 24/12: 4.32%
6963,ローム株式会社,"ブラックロック・インスティテューショナル・トラスト・カンパニー、エヌ．エイ．(BlackRock Institutional Trust Company, N.A.)",0.82,24/10: 1.12% → 24/12: 0.82%,純投資（顧客および投資信託等の資産運用目的）,A:賛成率低下,2,4.32,6,24/10: 6.05% → 24/12: 4.32%
6963,ローム株式会社,"ブラックロック・アドバイザーズ・エルエルシー(BlackRock Advisers, LLC)",0.32,24/10: 0.48% → 24/12: 0.32%,純投資（顧客および投資信託等の資産運用目的）,A:賛成率低下,2,4.32,6,24/10: 6.05% → 24/12: 4.32%
6963,ローム株式会社,ブラックロック・ファンド・マネジャーズ・リミテッド(BlackRock Fund Managers Limited),0.28,24/10: 0.25% → 24/12: 0.28%,純投資（顧客および投資信託等の資産運用目的）,A:賛成率低下,2,4.32,6,24/10: 6.05% → 24/12: 4.32%
6963,ローム株式会社,ブラックロック・アセット・マネジメント・アイルランド・リミテッド(BlackRock Asset Management Ireland Limited),0.20,24/10: 0.70% → 24/12: 0.20%,純投資（顧客および投資信託等の資産運用目的）,A:賛成率低下,2,4.32,6,24/10: 6.05% → 24/12: 4.32%
6963,ローム株式会社,ブラックロック（ネザーランド）BV(BlackRock (Netherlands) BV),0.08,24/10: 0.17% → 24/12: 0.08%,純投資（顧客および投資信託等の資産運用目的）,A:賛成率低下,2,4.32,6,24/10: 6.05% → 24/12: 4.32%
6971,京セラ株式会社,野村アセットマネジメント株式会社,8.56,25/04: 7.98% → 25/04: 8.44% → 25/04: 8.45% → 25/04: 8.56% → 25/04: 8.56%,信託財産の運用として保有している。,A:賛成率低下 + C:会社提案否決,5,8.87,3,25/04: 10.04% → 25/04: 10.52% → 25/04: 10.52% → 25/04: 10.56% → 25/04: 8.87%
6971,京セラ株式会社,日興アセットマネジメント株式会社,4.00,25/04: 4.00%,証券投資信託及び投資一任契約において、株券等の取得・処分の権限を有するもの。,A:賛成率低下 + C:会社提案否決,1,6.46,2,25/04: 6.46%
6971,京セラ株式会社,アモーヴァ・アセットマネジメント株式会社,4.00,25/09: 4.00%,証券投資信託及び投資一任契約において、株券等の取得・処分の権限を有するもの。,A:賛成率低下 + C:会社提案否決,1,6.34,2,25/09: 6.34%
6971,京セラ株式会社,三井住友トラスト・アセットマネジメント株式会社,2.35,25/04: 2.46% → 25/09: 2.35%,投資信託契約、投資一任契約に基づく運用を目的として保有するもの。,A:賛成率低下 + C:会社提案否決,2,6.34,2,25/04: 6.46% → 25/09: 6.34%
6971,京セラ株式会社,三菱ＵＦＪアセットマネジメント株式会社,2.08,24/07: 2.02% → 25/02: 2.08%,純投資,A:賛成率低下 + C:会社提案否決,2,5.29,4,24/07: 5.63% → 25/02: 5.29%
6971,京セラ株式会社,三菱ＵＦＪ信託銀行株式会社,1.84,24/07: 1.86% → 25/02: 1.84%,純投資,A:賛成率低下 + C:会社提案否決,2,5.29,4,24/07: 5.63% → 25/02: 5.29%
6971,京セラ株式会社,株式会社三菱ＵＦＪ銀行,1.22,24/07: 1.34% → 25/02: 1.22%,政策投資,A:賛成率低下 + C:会社提案否決,2,5.29,4,24/07: 5.63% → 25/02: 5.29%
6971,京セラ株式会社,野村證券株式会社,0.26,25/04: 0.11% → 25/04: 0.13% → 25/04: 0.13% → 25/04: 0.95% → 25/04: 0.26%,証券業務に係る商品在庫、及び累積投資業務の運営目的として保有している。,A:賛成率低下 + C:会社提案否決,5,8.87,3,25/04: 10.04% → 25/04: 10.52% → 25/04: 10.52% → 25/04: 10.56% → 25/04: 8.87%
6971,京セラ株式会社,三菱ＵＦＪモルガン・スタンレー証券株式会社,0.16,24/07: 0.16% → 25/02: 0.16%,商品有価証券等として保有するもの,A:賛成率低下 + C:会社提案否決,2,5.29,4,24/07: 5.63% → 25/02: 5.29%
6971,京セラ株式会社,ノムラ　インターナショナル　ピーエルシー（ＮＯＭＵＲＡ　ＩＮＴＥＲＮＡＴＩＯＮＡＬ　ＰＬＣ）,0.05,25/04: 1.95% → 25/04: 1.95% → 25/04: 1.94% → 25/04: 1.05% → 25/04: 0.05%,証券業務に係わる商品在庫として保有している。,A:賛成率低下 + C:会社提案否決,5,8.87,3,25/04: 10.04% → 25/04: 10.52% → 25/04: 10.52% → 25/04: 10.56% → 25/04: 8.87%
6971,京セラ株式会社,ノムラ　セキュリテーズ　インターナショナル（ＮＯＭＵＲＡ　ＳＥＣＵＲＩＴＩＥＳ　ＩＮＴＥＲＮＡＴＩＯＮＡＬ，Ｉｎｃ．）,0.05,25/04: 0.00% → 25/04: 0.00% → 25/04: 0.00% → 25/04: 0.05%,証券業務に係わる商品在庫として保有している。,A:賛成率低下 + C:会社提案否決,4,8.87,3,25/04: 10.52% → 25/04: 10.52% → 25/04: 10.56% → 25/04: 8.87%
6971,京セラ株式会社,"MUFGセキュリティーズ（カナダ）(MUFG Securities(Canada), Ltd.)",0.00,24/07: 0.24% → 25/02: 0.00%,-,A:賛成率低下 + C:会社提案否決,2,5.29,4,24/07: 5.63% → 25/02: 5.29%
6986,双葉電子工業株式会社,"ブランデス・インベストメント・パートナーズ・エル・ピー(Brandes Investment Partners, L.P.)",9.98,24/06: 7.68% → 24/11: 8.80% → 26/07: 9.98%,投資目的による顧客に代理しての取得,A:賛成率低下,3,9.98,1,24/06: 7.68% → 24/11: 8.80% → 26/07: 9.98%
6986,双葉電子工業株式会社,公益財団法人　双葉電子記念財団,7.67,26/03: 7.67%,運用益を公益目的事業及び管理費の財源として使用するため。,A:賛成率低下,1,7.67,1,26/03: 7.67%
6989,北陸電気工業株式会社,株式会社フェローテック,11.83,25/11: 9.77% → 25/12: 10.79% → 26/01: 9.77% → 26/01: 10.79% → 26/01: 9.77% → 26/03: 11.83%,取引関係強化を目的とした政策投資（状況に応じて重要提案行為等を行うこともありうる。）,A:賛成率低下,6,11.83,1,25/11: 9.77% → 25/12: 10.79% → 26/01: 9.77% → 26/01: 10.79% → 26/01: 9.77% → 26/03: 11.83%
6989,北陸電気工業株式会社,株式会社フェローテックホールディングス,8.69,25/05: 5.00% → 25/05: 5.00% → 25/05: 5.00% → 25/05: 6.51% → 25/05: 7.21% → 25/05: 8.06% → 25/05: 7.54% → 25/05: 8.06% → 25/06: 8.69%,取引関係強化を目的とした政策投資（状況に応じて重要提案行為等を行うこともありうる。）,A:賛成率低下,9,8.69,1,25/05: 5.00% → 25/05: 5.00% → 25/05: 5.00% → 25/05: 6.51% → 25/05: 7.21% → 25/05: 8.06% → 25/05: 7.54% → 25/05: 8.06% → 25/06: 8.69%
7014,株式会社名村造船所,バークレイズ・キャピタル・セキュリティーズ・リミテッド(Barclays Capital Securities Ltd.),4.73,24/07: 4.73% → 24/07: 4.73%,証券業務及びその付随業務としての保有,A:賛成率低下,2,4.74,3,24/07: 5.31% → 24/07: 4.74%
7014,株式会社名村造船所,野村アセットマネジメント株式会社,4.24,24/08: 2.73% → 24/09: 2.67% → 24/10: 2.69% → 24/11: 2.39% → 24/11: 2.03% → 24/12: 1.62% → 25/02: 2.43% → 25/05: 2.56% → 25/06: 2.55% → 25/06: 2.55% → 25/07: 2.56% → 25/08: 2.54% → 25/08: 2.54% → 25/09: 2.78% → 25/10: 3.32% → 25/10: 4.43% → 25/11: 3.87% → 25/11: 3.22% → 25/12: 3.22% → 26/02: 3.51% → 26/04: 3.51% → 26/05: 4.52% → 26/06: 4.11% → 26/07: 4.24%,信託財産の運用として保有している。,A:賛成率低下,24,5.46,2,24/08: 5.22% → 24/09: 5.85% → 24/10: 6.61% → 24/11: 8.81% → 24/11: 7.38% → 24/12: 5.55% → 25/02: 4.38% → 25/05: 5.52% → 25/06: 4.67% → 25/06: 5.83% → 25/07: 4.85% → 25/08: 5.17% → 25/08: 6.88% → 25/09: 5.11% → 25/10: 6.56% → 25/10: 7.35% → 25/11: 6.04% → 25/11: 5.81% → 25/12: 4.64% → 26/02: 5.18% → 26/04: 4.82% → 26/05: 5.09% → 26/06: 4.64% → 26/07: 5.46%
7014,株式会社名村造船所,日本製鉄株式会社,3.97,26/03: 6.11% → 26/04: 5.02% → 26/04: 3.97%,政策投資(営業活動等の円滑な推進),A:賛成率低下,3,3.97,1,26/03: 6.11% → 26/04: 5.02% → 26/04: 3.97%
7014,株式会社名村造船所,株式会社三菱ＵＦＪ銀行,3.22,24/07: 3.22% → 25/07: 3.22%,政策投資,A:賛成率低下,2,6.62,4,24/07: 5.48% → 25/07: 6.62%
7014,株式会社名村造船所,"ゴールドマン・サックス・アセット・マネジメント・エル・ピー（Goldman Sachs Asset Management, L.P.）",2.41,25/03: 3.63% → 25/04: 3.90% → 25/04: 4.13% → 25/07: 2.41%,運用を目的とした証券投資信託による保有及び投資一任契約に基づく運用を目的とした保有,A:賛成率低下,4,3.78,5,25/03: 5.01% → 25/04: 6.02% → 25/04: 5.55% → 25/07: 3.78%
7014,株式会社名村造船所,三菱ＵＦＪ信託銀行株式会社,1.93,24/07: 1.76% → 25/07: 1.93%,政策投資・純投資,A:賛成率低下,2,6.62,4,24/07: 5.48% → 25/07: 6.62%
7014,株式会社名村造船所,JPモルガン・アセット・マネジメント株式会社,1.82,25/10: 7.34% → 25/10: 7.34% → 25/10: 7.36% → 25/10: 7.61% → 25/11: 7.61% → 25/11: 7.61% → 25/11: 7.61% → 25/11: 7.61% → 25/11: 7.61% → 25/11: 7.61% → 25/12: 7.94% → 25/12: 7.94% → 25/12: 7.94% → 25/12: 7.94% → 25/12: 7.81% → 26/01: 7.81% → 26/01: 7.81% → 26/02: 7.80% → 26/02: 7.79% → 26/02: 7.79% → 26/03: 7.72% → 26/03: 7.76% → 26/03: 7.72% → 26/04: 7.72% → 26/04: 7.66% → 26/05: 6.82% → 26/05: 5.34% → 26/06: 4.22% → 26/06: 1.82%,顧客または投資信託等の資産運用（純投資）,A:賛成率低下,29,3.82,6,25/10: 8.54% → 25/10: 10.11% → 25/10: 9.27% → 25/10: 10.80% → 25/11: 11.20% → 25/11: 10.55% → 25/11: 10.74% → 25/11: 9.93% → 25/11: 11.22% → 25/11: 11.51% → 25/12: 10.21% → 25/12: 11.71% → 25/12: 12.82% → 25/12: 12.20% → 25/12: 10.06% → 26/01: 10.06% → 26/01: 9.72% → 26/02: 11.06% → 26/02: 9.45% → 26/02: 10.51% → 26/03: 10.46% → 26/03: 9.80% → 26/03: 9.59% → 26/04: 9.88% → 26/04: 8.81% → 26/05: 8.16% → 26/05: 7.23% → 26/06: 6.36% → 26/06: 3.82%
7014,株式会社名村造船所,野村證券株式会社,1.23,24/08: 0.82% → 24/09: 1.77% → 24/10: 1.92% → 24/11: 5.85% → 24/11: 5.37% → 24/12: 3.83% → 25/02: 1.61% → 25/05: 1.56% → 25/06: 0.61% → 25/06: 0.40% → 25/07: 0.82% → 25/08: 1.45% → 25/08: 1.55% → 25/09: 0.94% → 25/10: 3.13% → 25/10: 2.42% → 25/11: 2.17% → 25/11: 0.92% → 25/12: 0.30% → 26/02: 0.21% → 26/04: 0.14% → 26/06: 0.00% → 26/07: 1.23%,証券業務に係る商品在庫、及び累積投資業務の運営目的として保有している。,A:賛成率低下,23,5.46,2,24/08: 5.22% → 24/09: 5.85% → 24/10: 6.61% → 24/11: 8.81% → 24/11: 7.38% → 24/12: 5.55% → 25/02: 4.38% → 25/05: 5.52% → 25/06: 4.67% → 25/06: 5.83% → 25/07: 4.85% → 25/08: 5.17% → 25/08: 6.88% → 25/09: 5.11% → 25/10: 6.56% → 25/10: 7.35% → 25/11: 6.04% → 25/11: 5.81% → 25/12: 4.64% → 26/02: 5.18% → 26/04: 4.82% → 26/06: 4.64% → 26/07: 5.46%
7014,株式会社名村造船所,ゴールドマン・サックス・インターナショナル（Goldman Sachs International）,0.89,25/03: 0.83% → 25/04: 1.11% → 25/04: 0.53% → 25/07: 0.89%,有価証券関連業務の一部としてのトレーディング・有価証券の借入等,A:賛成率低下,4,3.78,5,25/03: 5.01% → 25/04: 6.02% → 25/04: 5.55% → 25/07: 3.78%
7014,株式会社名村造船所,ジェー・ピー・モルガン・セキュリティーズ・ピーエルシー (J.P. Morgan Securities plc),0.88,25/10: 0.43% → 25/10: 1.22% → 25/10: 0.15% → 25/10: 0.94% → 25/11: 1.37% → 25/11: 0.59% → 25/11: 1.00% → 25/11: 0.06% → 25/11: 1.49% → 25/11: 1.79% → 25/12: 0.04% → 25/12: 1.64% → 25/12: 2.79% → 25/12: 2.18% → 25/12: 0.17% → 26/01: 0.19% → 26/01: 0.11% → 26/02: 1.92% → 26/02: 0.18% → 26/02: 0.17% → 26/03: 0.34% → 26/03: -0.63% → 26/03: 0.09% → 26/04: 0.24% → 26/04: 0.03% → 26/05: 0.04% → 26/05: 0.91% → 26/06: 0.98% → 26/06: 0.88%,金融商品取引業務にかかる保有,A:賛成率低下,29,3.82,6,25/10: 8.54% → 25/10: 10.11% → 25/10: 9.27% → 25/10: 10.80% → 25/11: 11.20% → 25/11: 10.55% → 25/11: 10.74% → 25/11: 9.93% → 25/11: 11.22% → 25/11: 11.51% → 25/12: 10.21% → 25/12: 11.71% → 25/12: 12.82% → 25/12: 12.20% → 25/12: 10.06% → 26/01: 10.06% → 26/01: 9.72% → 26/02: 11.06% → 26/02: 9.45% → 26/02: 10.51% → 26/03: 10.46% → 26/03: 9.80% → 26/03: 9.59% → 26/04: 9.88% → 26/04: 8.81% → 26/05: 8.16% → 26/05: 7.23% → 26/06: 6.36% → 26/06: 3.82%
7014,株式会社名村造船所,三菱ＵＦＪモルガン・スタンレー証券株式会社,0.85,25/07: 0.85%,商品有価証券等として保有するもの,A:賛成率低下,1,6.62,4,25/07: 6.62%
7014,株式会社名村造船所,ＪＰモルガン・アセット・マネジメント（アジア・パシフィック）リミテッド (JPMorgan Asset Management (Asia Pacific) Limited),0.74,25/10: 0.28% → 25/10: 1.07% → 25/10: 1.17% → 25/10: 1.47% → 25/11: 1.47% → 25/11: 1.47% → 25/11: 1.47% → 25/11: 1.47% → 25/11: 1.47% → 25/11: 1.47% → 25/12: 1.47% → 25/12: 1.47% → 25/12: 1.36% → 25/12: 1.36% → 25/12: 1.17% → 26/01: 1.17% → 26/01: 1.17% → 26/02: 0.96% → 26/02: 0.96% → 26/02: 0.96% → 26/03: 0.96% → 26/03: 0.96% → 26/03: 0.96% → 26/04: 0.92% → 26/04: 0.92% → 26/05: 0.90% → 26/05: 0.82% → 26/06: 0.81% → 26/06: 0.74%,顧客または投資信託等の資産運用（純投資）,A:賛成率低下,29,3.82,6,25/10: 8.54% → 25/10: 10.11% → 25/10: 9.27% → 25/10: 10.80% → 25/11: 11.20% → 25/11: 10.55% → 25/11: 10.74% → 25/11: 9.93% → 25/11: 11.22% → 25/11: 11.51% → 25/12: 10.21% → 25/12: 11.71% → 25/12: 12.82% → 25/12: 12.20% → 25/12: 10.06% → 26/01: 10.06% → 26/01: 9.72% → 26/02: 11.06% → 26/02: 9.45% → 26/02: 10.51% → 26/03: 10.46% → 26/03: 9.80% → 26/03: 9.59% → 26/04: 9.88% → 26/04: 8.81% → 26/05: 8.16% → 26/05: 7.23% → 26/06: 6.36% → 26/06: 3.82%
7014,株式会社名村造船所,三菱ＵＦＪアセットマネジメント株式会社,0.62,24/07: 0.50% → 25/07: 0.62%,純投資,A:賛成率低下,2,6.62,4,24/07: 5.48% → 25/07: 6.62%
7014,株式会社名村造船所,ノムラ　インターナショナル　ピーエルシー（ＮＯＭＵＲＡ　ＩＮＴＥＲＮＡＴＩＯＮＡＬ　ＰＬＣ）,0.53,24/08: 1.67% → 24/09: 1.42% → 24/10: 2.01% → 24/11: 0.56% → 24/11: -0.01% → 24/12: 0.10% → 25/02: 0.33% → 25/05: 1.40% → 25/06: 1.51% → 25/06: 2.88% → 25/07: 1.46% → 25/08: 1.19% → 25/08: 2.79% → 25/09: 1.38% → 25/10: 0.11% → 25/10: 0.49% → 25/11: 0.00% → 25/11: 1.67% → 25/12: 1.12% → 26/02: 1.45% → 26/04: 1.17% → 26/05: 0.57% → 26/06: 0.53%,証券業務に係わる商品在庫として保有している。,A:賛成率低下,23,4.64,3,24/08: 5.22% → 24/09: 5.85% → 24/10: 6.61% → 24/11: 8.81% → 24/11: 7.38% → 24/12: 5.55% → 25/02: 4.38% → 25/05: 5.52% → 25/06: 4.67% → 25/06: 5.83% → 25/07: 4.85% → 25/08: 5.17% → 25/08: 6.88% → 25/09: 5.11% → 25/10: 6.56% → 25/10: 7.35% → 25/11: 6.04% → 25/11: 5.81% → 25/12: 4.64% → 26/02: 5.18% → 26/04: 4.82% → 26/05: 5.09% → 26/06: 4.64%
7014,株式会社名村造船所,ゴールドマン・サックス・アセット・マネジメント・インターナショナル (Goldman Sachs Asset Management International),0.48,25/03: 0.37% → 25/04: 0.51% → 25/04: 0.58% → 25/07: 0.48%,運用を目的とした証券投資信託による保有及び投資一任契約に基づく運用を目的とした保有,A:賛成率低下,4,3.78,5,25/03: 5.01% → 25/04: 6.02% → 25/04: 5.55% → 25/07: 3.78%
7014,株式会社名村造船所,JPモルガン証券株式会社,0.21,25/10: 0.15% → 25/10: 0.07% → 25/11: 0.22% → 25/11: 0.01% → 25/11: 0.11% → 25/11: 0.01% → 25/12: 0.10% → 25/12: 0.10% → 25/12: 0.27% → 26/01: 0.25% → 26/01: 0.19% → 26/02: 0.02% → 26/02: 0.13% → 26/02: 1.20% → 26/03: 1.12% → 26/03: 1.39% → 26/03: 0.70% → 26/04: 0.81% → 26/04: 0.03% → 26/05: 0.27% → 26/05: 0.05% → 26/06: 0.13% → 26/06: 0.21%,金融商品取引業務にかかる保有,A:賛成率低下,23,3.82,6,25/10: 9.27% → 25/10: 10.80% → 25/11: 10.55% → 25/11: 10.74% → 25/11: 9.93% → 25/11: 11.22% → 25/12: 10.21% → 25/12: 11.71% → 25/12: 10.06% → 26/01: 10.06% → 26/01: 9.72% → 26/02: 11.06% → 26/02: 9.45% → 26/02: 10.51% → 26/03: 10.46% → 26/03: 9.80% → 26/03: 9.59% → 26/04: 9.88% → 26/04: 8.81% → 26/05: 8.16% → 26/05: 7.23% → 26/06: 6.36% → 26/06: 3.82%
7014,株式会社名村造船所,ゴールドマン・サックス・アセット・マネジメント株式会社,0.20,25/03: 0.12% → 25/04: 0.20% → 25/04: 0.20%,運用を目的とした証券投資信託による保有及び投資一任契約に基づく運用を目的とした保有,A:賛成率低下,3,5.55,7,25/03: 5.01% → 25/04: 6.02% → 25/04: 5.55%
7014,株式会社名村造船所,ジェー・ピー・モルガン・セキュリティーズ・エルエルシー　（J.P. Morgan Securities LLC),0.17,25/10: 0.38% → 25/10: 0.47% → 25/10: 0.34% → 25/10: 0.46% → 25/11: 0.44% → 25/11: 0.35% → 25/11: 0.34% → 25/11: 0.36% → 25/11: 0.38% → 25/11: 0.37% → 25/12: 0.38% → 25/12: 0.38% → 25/12: 0.43% → 25/12: 0.42% → 25/12: 0.36% → 26/01: 0.36% → 26/01: 0.16% → 26/02: 0.16% → 26/02: 0.18% → 26/02: 0.18% → 26/03: 0.11% → 26/03: 0.11% → 26/03: 0.12% → 26/04: 0.18% → 26/04: 0.17% → 26/05: 0.14% → 26/05: 0.11% → 26/06: 0.22% → 26/06: 0.17%,金融商品取引業務にかかる保有,A:賛成率低下,29,3.82,6,25/10: 8.54% → 25/10: 10.11% → 25/10: 9.27% → 25/10: 10.80% → 25/11: 11.20% → 25/11: 10.55% → 25/11: 10.74% → 25/11: 9.93% → 25/11: 11.22% → 25/11: 11.51% → 25/12: 10.21% → 25/12: 11.71% → 25/12: 12.82% → 25/12: 12.20% → 25/12: 10.06% → 26/01: 10.06% → 26/01: 9.72% → 26/02: 11.06% → 26/02: 9.45% → 26/02: 10.51% → 26/03: 10.46% → 26/03: 9.80% → 26/03: 9.59% → 26/04: 9.88% → 26/04: 8.81% → 26/05: 8.16% → 26/05: 7.23% → 26/06: 6.36% → 26/06: 3.82%
7014,株式会社名村造船所,ゴールドマン・サックス・アセット・マネジメント・オーストラリア・ピーティーワイ・リミテッド (Goldman Sachs Asset Management Australia Pty Ltd),0.11,25/04: 0.11% → 25/04: 0.11%,運用を目的とした証券投資信託による保有及び投資一任契約に基づく運用を目的とした保有,A:賛成率低下,2,5.55,7,25/04: 6.02% → 25/04: 5.55%
7014,株式会社名村造船所,ジェー・ピー・モルガン・インベストメント・マネージメント・インク　(J.P. Morgan Investment Management Inc.),0.03,25/10: 0.31% → 25/11: 0.31% → 25/11: 0.31% → 25/11: 0.32% → 25/11: 0.32% → 25/11: 0.27% → 25/11: 0.28% → 25/12: 0.28% → 25/12: 0.28% → 25/12: 0.28% → 25/12: 0.28% → 25/12: 0.29% → 26/01: 0.29% → 26/01: 0.29% → 26/02: 0.22% → 26/02: 0.21% → 26/02: 0.21% → 26/03: 0.21% → 26/03: 0.21% → 26/03: 0.03%,顧客の資産運用を図り、有価証券等への投資の一部として、日本株を保有するファンドでの買付にかかるもので、純投資を目的としている。みなし共同保有者から除外する。,A:賛成率低下,20,9.59,5,25/10: 10.80% → 25/11: 11.20% → 25/11: 10.55% → 25/11: 10.74% → 25/11: 9.93% → 25/11: 11.22% → 25/11: 11.51% → 25/12: 10.21% → 25/12: 11.71% → 25/12: 12.82% → 25/12: 12.20% → 25/12: 10.06% → 26/01: 10.06% → 26/01: 9.72% → 26/02: 11.06% → 26/02: 9.45% → 26/02: 10.51% → 26/03: 10.46% → 26/03: 9.80% → 26/03: 9.59%
7014,株式会社名村造船所,バークレイズ証券株式会社,0.00,24/07: 0.58% → 24/07: 0.00%,証券業務及びその付随業務としての保有,A:賛成率低下,2,4.74,3,24/07: 5.31% → 24/07: 4.74%
7014,株式会社名村造船所,バークレイズ・バンク・ピーエルシー(Barclays Bank PLC),0.00,24/07: 0.00% → 24/07: 0.00%,証券業務及びその付随業務としての保有,A:賛成率低下,2,4.74,3,24/07: 5.31% → 24/07: 4.74%
7014,株式会社名村造船所,ゴールドマン・サックス・アンド・カンパニー・エルエルシー（Goldman Sachs & Co. LLC）,0.00,25/03: 0.06% → 25/04: 0.00% → 25/04: 0.00% → 25/07: 0.00%,有価証券関連業務の一部としてのトレーディング・有価証券の借入等,A:賛成率低下,4,3.78,5,25/03: 5.01% → 25/04: 6.02% → 25/04: 5.55% → 25/07: 3.78%
7014,株式会社名村造船所,ジェー・ピー・モルガン・プライム・インク (J.P. Morgan Prime Inc.),0.00,25/10: 0.10% → 25/10: 0.00% → 25/10: 0.10% → 25/10: 0.00% → 26/03: 0.00% → 26/03: 0.09% → 26/06: 0.00% → 26/06: 0.00%,金融商品取引業務にかかる保有,A:賛成率低下,8,3.82,6,25/10: 8.54% → 25/10: 10.11% → 25/10: 9.27% → 25/10: 10.80% → 26/03: 10.46% → 26/03: 9.80% → 26/06: 6.36% → 26/06: 3.82%
7014,株式会社名村造船所,ゴールドマン・サックス証券株式会社,-0.01,25/03: 0.00% → 25/04: 0.20% → 25/04: 0.00% → 25/07: -0.01%,有価証券関連業務の一部としてのトレーディング・有価証券の借入等,A:賛成率低下,4,3.78,5,25/03: 5.01% → 25/04: 6.02% → 25/04: 5.55% → 25/07: 3.78%
7042,株式会社アクセスグループ・ホールディングス,株式会社プロネクサス,16.38,25/03: 9.96% → 25/09: 10.98% → 26/03: 16.38%,発行者との資本業務提携を目的とした株式の保有,A:賛成率低下 + B:新規株主提案,3,16.38,1,25/03: 9.96% → 25/09: 10.98% → 26/03: 16.38%
7042,株式会社アクセスグループ・ホールディングス,合同会社Ａ・Ｇ・Ｓ,12.59,24/08: 14.14% → 25/08: 12.59%,発行会社の代表取締役の資産管理会社であり、安定株主として保有しております。,A:賛成率低下 + B:新規株主提案,2,23.65,2,24/08: 26.38% → 25/08: 23.65%
7042,株式会社アクセスグループ・ホールディングス,株式会社アクセスグループ・プランニング,11.83,26/08: 11.83%,発行会社の代表取締役の資産管理会社であり、安定株主として保有しております。,A:賛成率低下 + B:新規株主提案,1,22.22,2,26/08: 22.22%
7042,株式会社アクセスグループ・ホールディングス,木村　勇也,10.39,24/08: 12.24% → 25/08: 11.06% → 26/08: 10.39%,発行会社の代表取締役であり、安定株主として保有しております。,A:賛成率低下 + B:新規株主提案,3,22.22,2,24/08: 26.38% → 25/08: 23.65% → 26/08: 22.22%
7042,株式会社アクセスグループ・ホールディングス,株式会社ＲＲ・ＤＤ,9.94,25/04: 4.42% → 25/07: 5.43% → 25/08: 6.47% → 25/09: 7.47% → 25/11: 8.47% → 26/01: 9.50% → 26/02: 9.94%,発行者の企業価値及び株主価値の向上を目的として、純投資として保有するものである。一方で、発行者が過去に実施した第三者割当増資等による調達資金の一部について、当初想定されたＭ＆Ａ及び資本業務提携等への充当が必ずしも進捗していない状況に加え、現時点において中期的な経営戦略及び資本政策の全体像が十分に開示されていない状況を踏まえると、今後の資金調達及び資本政策の合理性、ならびに既存株主の希薄化との関係については、株主として適切な説明と一貫性が確保されることが重要であると認識している。かかる観点から、当社は、中期的な成長戦略、資金使途の優先順位、資本効率及び株主価値向上との関係性が、より明確な形で示されることを期待しており、必要に応じて、株主として意見表明等を行う可能性がある。,A:賛成率低下 + B:新規株主提案,7,10.87,2,25/04: 5.10% → 25/07: 6.11% → 25/08: 7.14% → 25/09: 8.14% → 25/11: 9.14% → 26/01: 10.18% → 26/02: 10.87%
7042,株式会社アクセスグループ・ホールディングス,木村　春樹,8.88,24/08: 10.42% → 25/08: 9.38% → 25/09: 8.88%,発行会社の創業者かつ取締役であり、安定株主として保有しております。,A:賛成率低下 + B:新規株主提案,3,11.33,2,24/08: 13.88% → 25/08: 12.46% → 25/09: 11.33%
7042,株式会社アクセスグループ・ホールディングス,木村　純子,2.46,24/08: 3.46% → 25/08: 3.08% → 25/09: 2.46%,発行会社の創業者かつ代表取締役の配偶者であり、安定株主として保有しております。,A:賛成率低下 + B:新規株主提案,3,11.33,2,24/08: 13.88% → 25/08: 12.46% → 25/09: 11.33%
7042,株式会社アクセスグループ・ホールディングス,株式会社ＰａｎｏｐｔｉｃｏｎＩｎｖｅｓｔｍｅｎｔ,0.92,25/04: 0.68% → 25/07: 0.68% → 25/08: 0.68% → 25/09: 0.68% → 25/11: 0.68% → 26/01: 0.68% → 26/02: 0.92%,発行者の企業価値及び株主価値の向上を目的として、純投資として保有するものである。一方で、発行者が過去に実施した第三者割当増資等による調達資金の一部について、当初想定されたＭ＆Ａ及び資本業務提携等への充当が必ずしも進捗していない状況に加え、現時点において中期的な経営戦略及び資本政策の全体像が十分に開示されていない状況を踏まえると、今後の資金調達及び資本政策の合理性、ならびに既存株主の希薄化との関係については、株主として適切な説明と一貫性が確保されることが重要であると認識している。かかる観点から、当社は、中期的な成長戦略、資金使途の優先順位、資本効率及び株主価値向上との関係性が、より明確な形で示されることを期待しており、必要に応じて、株主として意見表明等を行う可能性がある。,A:賛成率低下 + B:新規株主提案,7,10.87,2,25/04: 5.10% → 25/07: 6.11% → 25/08: 7.14% → 25/09: 8.14% → 25/11: 9.14% → 26/01: 10.18% → 26/02: 10.87%
7047,ポート株式会社,春日　博文,32.90,24/06: 32.92% → 24/09: 32.90%,発行会社の代表取締役であり、安定株主として株式を保有しております。,A:賛成率低下,2,33.19,2,24/06: 33.12% → 24/09: 33.19%
7047,ポート株式会社,三井住友ＤＳアセットマネジメント株式会社,5.02,24/08: 4.58% → 24/09: 5.04% → 24/11: 4.98% → 25/05: 5.82% → 25/06: 6.82% → 25/09: 5.47% → 25/12: 4.24% → 26/01: 5.02%,純投資（投資収益性を重視して行う投資）,A:賛成率低下,8,5.02,1,24/08: 5.22% → 24/09: 6.38% → 24/11: 4.98% → 25/05: 5.82% → 25/06: 6.82% → 25/09: 5.47% → 25/12: 4.24% → 26/01: 5.02%
7047,ポート株式会社,丸山　侑佑,4.84,24/05: 4.84% → 24/05: 4.84%,発行会社の取締役であり、安定株主として株式を保有しております。,A:賛成率低下,2,4.84,1,24/05: 4.84% → 24/05: 4.84%
7047,ポート株式会社,ゲーム株式会社,0.29,24/06: 0.20% → 24/09: 0.29%,発行会社の代表取締役である春日博文が株式を保有する資産管理会社であり、安定株主として保有しております。,A:賛成率低下,2,33.19,2,24/06: 33.12% → 24/09: 33.19%
7047,ポート株式会社,株式会社　三井住友銀行,0.00,24/08: 0.65% → 24/09: 1.34% → 24/11: 0.00%,該当事項なし（共同保有者から除外）,A:賛成率低下,3,4.98,2,24/08: 5.22% → 24/09: 6.38% → 24/11: 4.98%
7157,ライフネット生命保険株式会社,エフィッシモ　キャピタル　マネージメント　ピーティーイー　エルティーディー(Effissimo Capital Management Pte. Ltd.),21.13,24/01: 19.56% → 24/03: 19.71% → 24/05: 20.74% → 26/02: 21.13% → 26/04: 21.13% → 26/04: 21.13%,"純投資（ただし、うち16,973,400株については、投資一任契約に基づく顧客資産運用のため）",A:賛成率低下,6,21.13,1,24/01: 19.56% → 24/03: 19.71% → 24/05: 20.74% → 26/02: 21.13% → 26/04: 21.13% → 26/04: 21.13%
7157,ライフネット生命保険株式会社,日本航空株式会社,18.33,26/06: 18.33%,提出者と発行者の間の令和８年４月30日付資本業務提携契約（以下「本契約」といいます。）に基づく資本提携及び業務提携を目的とする株式の保有です。なお、提出者は、本契約に基づき、発行者からの推薦要請があった場合は、提出者及びその子会社が保有する発行者の株式に係る議決権保有割合が15％以上である場合に限り、提出者が発行者の取締役１名を推薦する予定です。提出者は、発行者からの推薦要請を受け、取締役候補者を１名推薦しており、令和８年６月21日開催の発行者の第20回定時株主総会にて、当該取締役候補者の選任に係る議案が審議される予定です。,A:賛成率低下,1,18.33,1,26/06: 18.33%
7157,ライフネット生命保険株式会社,ありあけキャピタル株式会社,7.39,24/06: 5.04% → 24/08: 6.08% → 24/08: 5.04% → 25/04: 7.12% → 26/05: 7.39%,純投資（投資一任契約に基づく運用を目的としている。）を基本とし、投資先企業の中長期的な企業価値向上に資すると判断した場合には、経営陣との建設的な対話を通じて助言を行うほか、当該企業の状況等を踏まえ、資本政策、組織再編、その他の経営施策に関する提案を行うことがある。,A:賛成率低下,5,7.39,1,24/06: 5.04% → 24/08: 6.08% → 24/08: 5.04% → 25/04: 7.12% → 26/05: 7.39%
7157,ライフネット生命保険株式会社,三井住友カード　株式会社,5.00,24/08: 5.00%,資本・業務提携目的で出資するもの,A:賛成率低下,1,5.73,2,24/08: 5.73%
7157,ライフネット生命保険株式会社,三井住友ＤＳアセットマネジメント株式会社,0.73,24/08: 0.73%,純投資（投資収益性を重視して行う投資）,A:賛成率低下,1,5.73,2,24/08: 5.73%
7157,ライフネット生命保険株式会社,ａｕフィナンシャルホールディングス株式会社,0.00,26/01: 18.33% → 26/05: 18.33% → 26/06: 0.00%,該当事項なし,A:賛成率低下,3,0.00,1,26/01: 18.33% → 26/05: 18.33% → 26/06: 0.00%
7162,アストマックス株式会社,ヒューリックプロパティソリューション株式会社,17.95,25/05: 12.63% → 25/06: 17.95%,発行者との資本業務提携,A:賛成率低下 + C:会社提案否決,2,17.95,1,25/05: 12.63% → 25/06: 17.95%
7162,アストマックス株式会社,有限会社　啓尚企画,8.91,26/05: 8.91% → 26/05: 8.91% → 26/07: 8.91%,純投資,A:賛成率低下 + C:会社提案否決,3,8.91,1,26/05: 14.18% → 26/05: 14.18% → 26/07: 8.91%
7162,アストマックス株式会社,山本　純也,2.99,26/05: 2.99% → 26/05: 2.99% → 26/07: 2.99%,純投資,A:賛成率低下 + C:会社提案否決,3,8.91,1,26/05: 14.18% → 26/05: 14.18% → 26/07: 8.91%
7162,アストマックス株式会社,山本　真紀,2.29,26/05: 2.29% → 26/05: 2.29% → 26/07: 2.29%,純投資,A:賛成率低下 + C:会社提案否決,3,8.91,1,26/05: 14.18% → 26/05: 14.18% → 26/07: 8.91%
7162,アストマックス株式会社,株式会社大和証券グループ本社,0.00,24/02: 12.63% → 24/02: 12.63% → 25/05: 12.63% → 25/06: 0.00%,該当事項なし,A:賛成率低下 + C:会社提案否決,4,0.00,1,24/02: 12.63% → 24/02: 12.63% → 25/05: 12.63% → 25/06: 0.00%
7201,日産自動車株式会社,ルノー（Renault）,35.71,24/04: 40.42% → 24/04: 37.95% → 24/10: 38.92% → 24/10: 33.92% → 24/10: 35.71% → 25/04: 35.71%,経営参加（包括的な業務提携を行うため）,A:賛成率低下 + C:会社提案否決,6,35.71,1,24/04: 40.42% → 24/04: 37.95% → 24/10: 38.92% → 24/10: 33.92% → 24/10: 35.71% → 25/04: 35.71%
7220,武蔵精密工業株式会社,本田技研工業株式会社,28.14,25/06: 24.96% → 25/11: 28.14%,調達取引の安定化の為に長期に保有,A:賛成率低下,2,28.14,1,25/06: 24.96% → 25/11: 28.14%
7220,武蔵精密工業株式会社,日興アセットマネジメント株式会社,8.41,24/11: 5.30% → 25/03: 6.38% → 25/05: 7.39% → 25/05: 8.41%,証券投資信託及び投資一任契約において、株券等の取得・処分の権限を有するもの。,A:賛成率低下,4,11.16,2,24/11: 7.83% → 25/03: 8.94% → 25/05: 10.15% → 25/05: 11.16%
7220,武蔵精密工業株式会社,"グランサム、マヨ、ヴァン　オッテルロー　アンド　カンパニー　エルエルシー(Grantham, Mayo, Van Otterloo & Co. LLC)",5.12,26/03: 5.11% → 26/05: 4.09% → 26/08: 5.12%,純投資及び状況に応じて重要提案行為等を行うこともありうる。,A:賛成率低下,3,5.12,1,26/03: 5.11% → 26/05: 4.09% → 26/08: 5.12%
7220,武蔵精密工業株式会社,合資会社大塚ホールディングス,3.97,24/12: 3.97%,発行会社の創業者一族の資産管理会社であり、安定株主として保有しております。,A:賛成率低下,1,7.60,3,24/12: 7.60%
7220,武蔵精密工業株式会社,三井住友ＤＳアセットマネジメント株式会社,3.94,24/10: 5.10% → 25/03: 3.94%,純投資（投資収益性を重視して行う投資）,A:賛成率低下,2,3.94,1,24/10: 5.10% → 25/03: 3.94%
7220,武蔵精密工業株式会社,シュローダー・インベストメント・マネジメント株式会社,3.52,24/06: 3.52%,純投資。証券投資信託および投資一任契約にかかる信託財産の運用のため,A:賛成率低下,1,4.14,2,24/06: 4.14%
7220,武蔵精密工業株式会社,アモーヴァ・アセットマネジメント株式会社,2.33,25/09: 9.32% → 26/03: 9.65% → 26/04: 8.49% → 26/05: 7.21% → 26/06: 3.17% → 26/06: 2.33%,証券投資信託及び投資一任契約において、株券等の取得・処分の権限を有するもの。,A:賛成率低下,6,4.06,2,25/09: 11.51% → 26/03: 11.40% → 26/04: 10.44% → 26/05: 9.59% → 26/06: 5.47% → 26/06: 4.06%
7220,武蔵精密工業株式会社,大塚　浩史,2.30,24/12: 2.30%,発行会社の代表取締役であり、安定株主として保有しております。,A:賛成率低下,1,7.60,3,24/12: 7.60%
7220,武蔵精密工業株式会社,野村アセットマネジメント株式会社,2.13,24/11: 2.90% → 24/11: 3.06% → 25/03: 2.45% → 25/04: 2.46% → 25/05: 2.36% → 25/07: 2.71% → 26/06: 2.13% → 26/07: 2.13%,信託財産の運用として保有している。,A:賛成率低下,8,3.73,3,24/11: 5.03% → 24/11: 3.30% → 25/03: 6.14% → 25/04: 6.27% → 25/05: 5.01% → 25/07: 4.46% → 26/06: 6.84% → 26/07: 3.73%
7220,武蔵精密工業株式会社,三井住友トラスト・アセットマネジメント株式会社,1.73,24/11: 2.53% → 25/03: 2.56% → 25/05: 2.75% → 25/05: 2.75% → 25/09: 2.19% → 26/03: 1.75% → 26/04: 1.95% → 26/05: 2.38% → 26/06: 2.30% → 26/06: 1.73%,投資信託契約、投資一任契約に基づく運用を目的として保有するもの。,A:賛成率低下,10,4.06,2,24/11: 7.83% → 25/03: 8.94% → 25/05: 10.15% → 25/05: 11.16% → 25/09: 11.51% → 26/03: 11.40% → 26/04: 10.44% → 26/05: 9.59% → 26/06: 5.47% → 26/06: 4.06%
7220,武蔵精密工業株式会社,ノムラ　インターナショナル　ピーエルシー（ＮＯＭＵＲＡ　ＩＮＴＥＲＮＡＴＩＯＮＡＬ　ＰＬＣ）,1.52,24/11: 0.76% → 24/11: 0.23% → 25/03: 1.96% → 25/04: 0.12% → 25/05: -0.27% → 25/07: -0.14% → 26/06: 3.41% → 26/07: 1.52%,証券業務に係わる商品在庫として保有している。,A:賛成率低下,8,3.73,3,24/11: 5.03% → 24/11: 3.30% → 25/03: 6.14% → 25/04: 6.27% → 25/05: 5.01% → 25/07: 4.46% → 26/06: 6.84% → 26/07: 3.73%
7220,武蔵精密工業株式会社,モルガン・スタンレー・アンド・カンパニー・エルエルシー(Morgan Stanley & Co. LLC),1.36,26/06: 1.91% → 26/06: 1.36%,証券業務等にかかる保有,A:賛成率低下,2,1.65,3,26/06: 5.94% → 26/06: 1.65%
7220,武蔵精密工業株式会社,一般社団法人継往開来,1.33,24/12: 1.33%,発行会社の創業者一族から信託を受け、発行会社の株式を保有しており、安定株主として保有しております。,A:賛成率低下,1,7.60,3,24/12: 7.60%
7220,武蔵精密工業株式会社,シュローダー・インベストメント・マネージメント・ノースアメリカ・リミテッド (Schroder Investment Management North America Limited),0.62,24/06: 0.62%,純投資。証券投資信託および投資一任契約にかかる信託財産の運用のため,A:賛成率低下,1,4.14,2,24/06: 4.14%
7220,武蔵精密工業株式会社,モルガン・スタンレーＭＵＦＧ証券株式会社,0.25,26/06: -0.18% → 26/06: 0.25%,証券業務等にかかる保有,A:賛成率低下,2,1.65,3,26/06: 5.94% → 26/06: 1.65%
7220,武蔵精密工業株式会社,野村證券株式会社,0.08,24/11: 1.37% → 24/11: 0.01% → 25/03: 1.73% → 25/04: 3.68% → 25/05: 2.92% → 25/07: 1.90% → 26/06: 1.30% → 26/07: 0.08%,証券業務に係る商品在庫、及び累積投資業務の運営目的として保有している。,A:賛成率低下,8,3.73,3,24/11: 5.03% → 24/11: 3.30% → 25/03: 6.14% → 25/04: 6.27% → 25/05: 5.01% → 25/07: 4.46% → 26/06: 6.84% → 26/07: 3.73%
7220,武蔵精密工業株式会社,モルガン・スタンレー・アンド・カンパニー・インターナショナル・ピーエルシー(Morgan Stanley & Co. International plc),0.03,26/06: 4.21% → 26/06: 0.03%,証券業務等にかかる保有,A:賛成率低下,2,1.65,3,26/06: 5.94% → 26/06: 1.65%
7222,日産車体株式会社,エフィッシモ　キャピタル　マネージメント　ピーティーイー　エルティーディー(Effissimo Capital Management Pte. Ltd.),29.68,24/02: 29.68% → 24/09: 29.68%,"投資及び状況に応じて経営陣への助言、重要提案行為等を行うこと（ただし、うち40,198,300株については投資一任契約に基づく顧客資産運用のため）",B:新規株主提案,2,29.68,1,24/02: 29.68% → 24/09: 29.68%
7224,新明和工業株式会社,野村アセットマネジメント株式会社,5.94,26/04: 4.95% → 26/05: 5.94%,信託財産の運用として保有している。,A:賛成率低下,2,6.45,2,26/04: 5.31% → 26/05: 6.45%
7224,新明和工業株式会社,アセットマネジメントOne株式会社,4.34,24/03: 4.34%,投資信託または投資一任契約に基づき投資権限を有するもの。,A:賛成率低下,1,4.34,1,24/03: 4.34%
7224,新明和工業株式会社,野村證券株式会社,0.52,26/04: 0.37% → 26/05: 0.52%,証券業務に係る商品在庫、及び累積投資業務の運営目的として保有している。,A:賛成率低下,2,6.45,2,26/04: 5.31% → 26/05: 6.45%
7226,極東開発工業株式会社,株式会社ストラテジックキャピタル,4.96,24/06: 7.69% → 24/08: 7.72% → 24/10: 6.70% → 24/12: 5.67% → 24/12: 4.96%,純投資及び状況に応じて重要提案行為等を行うこと。,A:賛成率低下,5,4.96,1,24/06: 7.69% → 24/08: 7.72% → 24/10: 6.70% → 24/12: 5.67% → 24/12: 4.96%
7226,極東開発工業株式会社,三菱ＵＦＪ信託銀行株式会社,4.28,25/12: 4.28%,政策投資・純投資,A:賛成率低下,1,6.12,3,25/12: 6.12%
7226,極東開発工業株式会社,三菱ＵＦＪアセットマネジメント株式会社,1.00,25/12: 1.00%,純投資,A:賛成率低下,1,6.12,3,25/12: 6.12%
7226,極東開発工業株式会社,株式会社三菱ＵＦＪ銀行,0.84,25/12: 0.84%,政策投資,A:賛成率低下,1,6.12,3,25/12: 6.12%
7254,株式会社ユニバンス,鈴木　一和雄,9.90,24/01: 9.62% → 24/01: 9.90%,創業者の長男であり、現在、株式会社ユニバンスの代表取締役として経営に参加し、今後とも安定株主として継続保有する。,A:賛成率低下,2,9.90,1,24/01: 9.62% → 24/01: 9.90%
7254,株式会社ユニバンス,Be Brave株式会社　代表取締役　泉田和人,6.08,25/12: 5.01% → 26/04: 6.08%,純投資及び状況に応じて重要提案行為等を行うこと,A:賛成率低下,2,6.08,1,25/12: 5.01% → 26/04: 6.08%
7292,株式会社村上開明堂,ニッポン・アクティブ・バリュー・ファンド（NIPPON ACTIVE VALUE FUND PLC）,5.94,24/06: 4.47% → 24/06: 5.67% → 25/01: 5.81% → 26/04: 5.94%,投資及び経営陣に対する経営の助言並びに状況に応じて重要提案行為等を行うこと。特に、ニッポン・アクティブ・バリュー・ファンドは、発行会社の財務的健全性及び市場での地位が株価に反映されていないと考えており、全ての株主のために株式価値を高めるための方法を話し合うことを目的とし、発行会社の経営陣に対して対話を要求する場合がある。,B:新規株主提案,4,8.10,3,24/06: 5.29% → 24/06: 6.64% → 25/01: 7.61% → 26/04: 8.10%
7292,株式会社村上開明堂,エヌエーブイエフ・セレクト・マスター・ファンド・エルピー（NAVF Select (Master) Fund LP）,1.42,26/04: 1.42%,投資及び経営陣に対する経営の助言並びに状況に応じて重要提案行為等を行うこと。特に、エヌエーブイエフ・セレクト・マスター・ファンド・エルピーは、発行会社の財務的健全性及び市場での地位が株価に反映されていないと考えており、全ての株主のために株式価値を高めるための方法を話し合うことを目的とし、発行会社の経営陣に対して対話を要求する場合がある。,B:新規株主提案,1,8.10,3,26/04: 8.10%
7292,株式会社村上開明堂,エヌエーブイエフ・セレクト・エルエルシー（NAVF Select LLC）,1.05,24/06: 0.78% → 24/06: 0.81% → 25/01: 1.05%,投資及び経営陣に対する経営の助言並びに状況に応じて重要提案行為等を行うこと。特に、エヌエーブイエフ・セレクト・エルエルシーは、発行会社の財務的健全性及び市場での地位が株価に反映されていないと考えており、全ての株主のために株式価値を高めるための方法を話し合うことを目的とし、発行会社の経営陣に対して対話を要求する場合がある。,B:新規株主提案,3,7.61,3,24/06: 5.29% → 24/06: 6.64% → 25/01: 7.61%
7292,株式会社村上開明堂,"ダルトン・インベストメンツ・インク（Dalton Investments, Inc.）",0.74,25/01: 0.75% → 26/04: 0.74%,提出者は、発行者の株価が過小評価されており魅力的な投資機会であると考えて、発行者の株式を取得し長期的に保有する。提出者は、発行者の財務状況、戦略的決定、取締役会の決定、株価水準、他の投資機会、投資ポートフォリオの集中と分散に関する内部ガイドライン、株式市場の状況、全般的な経済・産業動向などの様々な状況に応じて、発行者の株式や関連金融商品の追加取得、若しくはその全部または一部の売却、その他提出者が適切と考えるあらゆる措置を採る可能性がある。更に提出者は、過小評価されていると提出者が考える発行者の株価および株主価値の向上のため、発行者、その役員・取締役、他の株主等との間で、発行者のコーポレートガバナンス、取締役会の構成、経営、事業、財務状況及び戦略に関して、建設的な対話を行うことを求めていく可能性がある。,B:新規株主提案,2,8.10,3,25/01: 7.61% → 26/04: 8.10%
7292,株式会社村上開明堂,"ダルトン　インベストメンツ　インク（Dalton Investments, Inc.）",0.16,24/06: 0.03% → 24/06: 0.16%,提出者は、発行者の株価が過小評価されており魅力的な投資機会であると考えて、発行者の株式を取得し長期的に保有する。提出者は、発行者の財務状況、戦略的決定、取締役会の決定、株価水準、他の投資機会、投資ポートフォリオの集中と分散に関する内部ガイドライン、株式市場の状況、全般的な経済・産業動向などの様々な状況に応じて、発行者の株式や関連金融商品の追加取得、若しくはその全部または一部の売却、その他提出者が適切と考えるあらゆる措置を採る可能性がある。更に提出者は、過小評価されていると提出者が考える発行者の株価および株主価値の向上のため、発行者、その役員・取締役、他の株主等との間で、発行者のコーポレートガバナンス、取締役会の構成、経営、事業、財務状況及び戦略に関して、建設的な対話を行うことを求めていく可能性がある。,B:新規株主提案,2,6.64,3,24/06: 5.29% → 24/06: 6.64%
7318,セレンディップ・ホールディングス株式会社,諸戸グループマネジメント株式会社　代表取締役　中野敦之,8.92,26/07: 9.49% → 26/07: 9.49% → 26/07: 8.92% → 26/07: 8.92%,安定株主として保有,A:賛成率低下,4,8.92,1,26/07: 9.49% → 26/07: 9.49% → 26/07: 8.92% → 26/07: 8.92%
7384,株式会社プロクレアホールディングス,野村アセットマネジメント株式会社,2.98,25/03: 2.24% → 25/04: 2.61% → 25/05: 2.57% → 25/08: 2.70% → 26/05: 3.01% → 26/06: 2.98% → 26/07: 2.98%,信託財産の運用として保有している。,A:賛成率低下,7,5.99,4,25/03: 6.33% → 25/04: 5.49% → 25/05: 5.17% → 25/08: 4.02% → 26/05: 5.25% → 26/06: 5.70% → 26/07: 5.99%
7384,株式会社プロクレアホールディングス,三井住友トラスト・アセットマネジメント株式会社,2.08,24/12: 6.01% → 25/03: 2.08%,投資信託契約、投資一任契約に基づく運用を目的として保有するもの。,A:賛成率低下,2,3.25,2,24/12: 7.16% → 25/03: 3.25%
7384,株式会社プロクレアホールディングス,ノムラ　インターナショナル　ピーエルシー（ＮＯＭＵＲＡ　ＩＮＴＥＲＮＡＴＩＯＮＡＬ　ＰＬＣ）,1.78,25/03: 0.26% → 25/04: 0.23% → 25/05: 0.28% → 25/08: 0.16% → 26/05: 1.64% → 26/06: 0.73% → 26/07: 1.78%,証券業務に係わる商品在庫として保有している。,A:賛成率低下,7,5.99,4,25/03: 6.33% → 25/04: 5.49% → 25/05: 5.17% → 25/08: 4.02% → 26/05: 5.25% → 26/06: 5.70% → 26/07: 5.99%
7384,株式会社プロクレアホールディングス,野村證券株式会社,1.22,25/03: 3.83% → 25/04: 1.93% → 25/05: 2.33% → 25/08: 1.16% → 26/05: 0.60% → 26/06: 1.99% → 26/07: 1.22%,証券業務に係る商品在庫、及び累積投資業務の運営目的として保有している。,A:賛成率低下,7,5.99,4,25/03: 6.33% → 25/04: 5.49% → 25/05: 5.17% → 25/08: 4.02% → 26/05: 5.25% → 26/06: 5.70% → 26/07: 5.99%
7384,株式会社プロクレアホールディングス,日興アセットマネジメント株式会社,1.17,24/12: 1.15% → 25/03: 1.17%,証券投資信託及び投資一任契約において、株券等の取得・処分の権限を有するもの。,A:賛成率低下,2,3.25,2,24/12: 7.16% → 25/03: 3.25%
7384,株式会社プロクレアホールディングス,野村ホールディングス株式会社,0.00,25/03: 0.00% → 25/04: 0.72% → 25/05: 0.00% → 25/08: 0.00% → 26/05: 0.00% → 26/06: 0.00% → 26/07: 0.00%,友好関係を維持、強化するための政策投資として保有している。,A:賛成率低下,7,5.99,4,25/03: 6.33% → 25/04: 5.49% → 25/05: 5.17% → 25/08: 4.02% → 26/05: 5.25% → 26/06: 5.70% → 26/07: 5.99%
7414,小野建株式会社,オーエヌトラスト株式会社,10.84,26/02: 9.22% → 26/05: 10.84%,発行会社取締役の小野　剛が出資する資産管理会社であり、安定株主として長期保有を目的とする。,A:賛成率低下,2,11.16,2,26/02: 9.54% → 26/05: 11.16%
7414,小野建株式会社,三井住友ＤＳアセットマネジメント株式会社,4.16,25/04: 4.16%,純投資（投資収益性を重視して行う投資）,A:賛成率低下,1,4.16,2,25/04: 4.16%
7414,小野建株式会社,小野　剛,0.32,26/02: 0.32% → 26/05: 0.32%,発行会社の取締役であり、経営参加及び安定株主として長期保有しております。,A:賛成率低下,2,11.16,2,26/02: 9.54% → 26/05: 11.16%
7414,小野建株式会社,ＳＭＢＣ日興証券株式会社,0.09,25/04: 0.09%,証券業務に係る一時保有のため（共同保有者から除外）,A:賛成率低下,1,4.16,2,25/04: 4.16%
7438,コンドーテック株式会社,有限会社藤和興産,10.30,25/11: 10.30%,長期安定株主として保有している。,A:賛成率低下,1,14.71,4,25/11: 14.71%
7438,コンドーテック株式会社,エフエムアール エルエルシー（FMR LLC）,9.74,26/06: 9.74%,顧客の財産を信託証書および契約等に基づき運用するために保有。しかしながら、当該保有証券の名義人は弊社ではなく、顧客の選択した銀行（カストディアンバンク）等になります。,A:賛成率低下,1,9.74,1,26/06: 9.74%
7438,コンドーテック株式会社,フィデリティ　マネジメント　アンド　リサーチ　カンパニー　エルエルシー (Fidelity Management & Research Company LLC),8.59,26/06: 9.74% → 26/06: 8.59%,当該有価証券は、グループの資産運用および管理機能に関連して保有されているものです。,A:賛成率低下,2,9.57,2,26/06: 9.74% → 26/06: 9.57%
7438,コンドーテック株式会社,タドラナ・マネジメント・ウンド・アセット・ゲーエムベーハー（TADRANA Management und Asset GmbH）,7.04,25/12: 5.01% → 26/04: 6.02% → 26/07: 7.04%,純投資,A:賛成率低下,3,7.04,1,25/12: 5.01% → 26/04: 6.02% → 26/07: 7.04%
7438,コンドーテック株式会社,株式会社三菱ＵＦＪ銀行,2.86,24/07: 2.86%,政策投資,A:賛成率低下,1,5.47,3,24/07: 5.47%
7438,コンドーテック株式会社,株式会社藤登興産,2.57,25/11: 2.57%,長期安定株主として保有している。,A:賛成率低下,1,14.71,4,25/11: 14.71%
7438,コンドーテック株式会社,三菱ＵＦＪ信託銀行株式会社,2.22,24/07: 2.22%,政策投資・純投資,A:賛成率低下,1,5.47,3,24/07: 5.47%
7438,コンドーテック株式会社,株式会社藤勝興産,1.14,25/11: 1.14%,長期安定株主として保有している。,A:賛成率低下,1,14.71,4,25/11: 14.71%
7438,コンドーテック株式会社,フィデリティ　マネジメント　トラスト　カンパニー (Fidelity Management Trust Company),0.98,26/06: 0.98%,信託契約および投資一任契約に基づき顧客資産を運用する目的で保有。当該証券の名義は当社ではなく、顧客指定のカストディアンバンクの名義となります。,A:賛成率低下,1,9.57,2,26/06: 9.57%
7438,コンドーテック株式会社,近藤　勝彦,0.70,25/11: 0.70%,会社経営者として自社株を保有している。,A:賛成率低下,1,14.71,4,25/11: 14.71%
7438,コンドーテック株式会社,三菱ＵＦＪアセットマネジメント株式会社,0.38,24/07: 0.38%,純投資,A:賛成率低下,1,5.47,3,24/07: 5.47%
7459,株式会社メディパルホールディングス,シルチェスター・インターナショナル・インベスターズ・エルエルピー (Silchester International Investors LLP),11.73,25/03: 11.71% → 26/08: 11.73%,提出者は、発行者に対し、企業価値及び株主価値の向上を目的として、資本政策の変更、資本効率の向上、事業構造の見直し、及びコーポレート・ガバナンスの強化等に関する提案（重要提案行為等に該当し得るものを含む。）を行う方針です。これらの提案には、増配、自己株式の取得又は消却等、取締役の構成に関する一般的な見解等が含まれます。これらの提案は、市場環境、経営状況及び発行者との対話の状況等を踏まえ、当該状況に応じて適切と判断される時期に随時行います。発行者は、提出者との実質的な対話に応じていません。今後の発行者との対話によって改善が見られない場合には、このような状況に対応するため、増配、自己株式の取得又は消却及び取締役の構成に関する重要提案行為等を行う予定です。,A:賛成率低下,2,11.73,1,25/03: 11.71% → 26/08: 11.73%
7477,ムラキ株式会社,株式会社イクヨ,17.01,26/01: 17.01% → 26/07: 17.01%,当社は、余剰資金の有効活用を目的とした純投資として、対象会社の事業内容、財務状況および今後の成長性等を総合的に勘案し、同社株式を取得することといたしました。なお、本株式取得は、提出日時点において業務提携その他の事業上の協力関係の構築や、対象会社の経営に関与することを目的とするものではありませんが、将来において事業上の協力等を検討する可能性を否定するものではありません。,A:賛成率低下,2,17.01,1,26/01: 17.01% → 26/07: 17.01%
7477,ムラキ株式会社,ムラキ取引先持株会　理事長　宮治友博,6.64,25/06: 6.03% → 25/07: 6.64%,取引先企業及び会員相互間の緊密化を図り、会員の親睦関係の増進に寄与する,A:賛成率低下,2,6.64,1,25/06: 6.03% → 25/07: 6.64%
7477,ムラキ株式会社,株式会社マネジメント・サーベイ,6.02,24/01: 6.02%,企業価値向上のための株主権利行使,A:賛成率低下,1,6.02,1,24/01: 6.02%
7477,ムラキ株式会社,Ｂｌｕｅ　Ｇｏａｔｓ　Ｃａｐｉｔａｌ株式会社,4.97,26/04: 7.01% → 26/07: 4.97%,純投資,A:賛成率低下,2,4.97,1,26/04: 7.01% → 26/07: 4.97%
7477,ムラキ株式会社,ムラキ取引先持株会　理事長　早馬義光,0.00,24/03: 6.03% → 24/04: 6.03% → 25/06: 0.00% → 25/07: 0.00%,取引先企業及び会員相互間の緊密化を図り、会員の親睦関係の増進に寄与する。,A:賛成率低下,4,0.00,1,24/03: 6.03% → 24/04: 6.03% → 25/06: 0.00% → 25/07: 0.00%
7477,ムラキ株式会社,芙蓉土地建物株式会社,0.00,25/02: 0.00%,,A:賛成率低下,1,0.00,1,25/02: 0.00%
7477,ムラキ株式会社,合同会社ＣＹＧＮＵＳ　代表社員　一般社団法人ＳＰＥ　業務執行者　江木洋介,0.00,25/02: 17.00% → 26/01: 0.00% → 26/01: 0.00% → 26/01: 0.00% → 26/01: 0.00% → 26/01: 0.00% → 26/01: 0.00% → 26/01: 0.00% → 26/01: 0.00% → 26/01: 0.00%,純投資,A:賛成率低下,10,0.00,1,25/02: 17.00% → 26/01: 0.00% → 26/01: 0.00% → 26/01: 0.00% → 26/01: 0.00% → 26/01: 0.00% → 26/01: 0.00% → 26/01: 0.00% → 26/01: 0.00% → 26/01: 0.00%
7486,サンリン株式会社,株式会社八十二銀行,4.67,24/03: 4.67%,政策投資,C:会社提案否決,1,4.94,3,24/03: 4.94%
7486,サンリン株式会社,株式会社長野銀行,0.19,24/03: 0.19%,政策投資,C:会社提案否決,1,4.94,3,24/03: 4.94%
7486,サンリン株式会社,八十二リース株式会社,0.08,24/03: 0.08%,政策投資,C:会社提案否決,1,4.94,3,24/03: 4.94%
7567,株式会社栄電子,ウルトラテクノロジー株式会社,5.08,24/10: 5.08% → 24/10: 5.08%,純投資であり、状況に応じて、提出者は発行者の経営陣に対して経営の助言を行う場合がある。,A:賛成率低下,2,5.08,1,24/10: 5.08% → 24/10: 5.08%
7567,株式会社栄電子,ウルトラテクノロジー株式会社　代表取締役　塚原雅之,2.02,24/12: 6.09% → 24/12: 6.10% → 25/04: 7.47% → 25/04: 7.47% → 25/08: 8.72% → 25/08: 8.72% → 26/06: 2.02%,純投資である。,A:賛成率低下,7,2.02,1,24/12: 6.09% → 24/12: 6.10% → 25/04: 7.47% → 25/04: 7.47% → 25/08: 8.72% → 25/08: 8.72% → 26/06: 2.02%
7593,ＶＴホールディングス株式会社,有限会社エスアンドアイ,13.76,26/05: 13.76% → 26/06: 13.76%,発行会社の代表取締役の妻の経営する会社として長期保有している。,A:賛成率低下,2,20.96,4,26/05: 19.33% → 26/06: 20.96%
7593,ＶＴホールディングス株式会社,高橋　一穗,2.92,26/05: 2.92%,発行会社の代表取締役として上場以前より保有しており安定株主として長期保有している。,A:賛成率低下,1,19.33,3,26/05: 19.33%
7593,ＶＴホールディングス株式会社,高橋　一穂,2.92,26/06: 2.92%,発行会社の代表取締役として上場以前より保有しており安定株主として長期保有している。,A:賛成率低下,1,20.96,4,26/06: 20.96%
7593,ＶＴホールディングス株式会社,高橋　淳子,2.65,26/05: 2.65% → 26/06: 2.65%,発行会社の代表取締役の妻として上場以前より保有しており安定株主として長期保有している。,A:賛成率低下,2,20.96,4,26/05: 19.33% → 26/06: 20.96%
7593,ＶＴホールディングス株式会社,あいおいニッセイ同和損害保険株式会社,2.27,25/08: 2.27% → 25/08: 2.27% → 25/08: 2.27% → 26/03: 2.27%,保険取引先との関係の維持・強化を目的として安定保有していたが、保有する上場の政策株式は、2030年３月末までに保有をゼロとする。,A:賛成率低下,4,2.27,2,25/08: 6.95% → 25/08: 6.95% → 25/08: 6.95% → 26/03: 2.27%
7593,ＶＴホールディングス株式会社,高橋　倫二,1.63,26/06: 1.63%,発行会社の代表取締役の弟として上場以前より保有しており、安定株主として長期保有している。,A:賛成率低下,1,20.96,4,26/06: 20.96%
7593,ＶＴホールディングス株式会社,三井住友海上火災保険株式会社,0.00,25/08: 4.69% → 25/08: 4.69% → 25/08: 4.69% → 26/03: 0.00%,保険取引先との関係の維持・強化を目的として安定保有していたが、保有する上場の政策株式は、2030年３月末までに保有をゼロとする。,A:賛成率低下,4,2.27,2,25/08: 6.95% → 25/08: 6.95% → 25/08: 6.95% → 26/03: 2.27%
7610,株式会社テイツー,新沼　吾史,4.24,25/01: 7.28% → 25/01: 5.83% → 25/01: 7.14% → 26/07: 5.26% → 26/07: 4.24%,純投資,A:賛成率低下,5,4.24,1,25/01: 7.28% → 25/01: 5.83% → 25/01: 7.14% → 26/07: 5.26% → 26/07: 4.24%
7634,株式会社星医療酸器,光通信株式会社,7.23,24/01: 3.42% → 24/10: 4.19% → 25/01: 5.20% → 25/03: 7.23% → 25/08: 7.23% → 25/08: 7.23% → 25/09: 7.23%,純投資,A:賛成率低下,7,15.19,3,24/01: 10.01% → 24/10: 11.04% → 25/01: 12.05% → 25/03: 14.08% → 25/08: 14.08% → 25/08: 15.09% → 25/09: 15.19%
7634,株式会社星医療酸器,株式会社ＵＨ　Ｐａｒｔｎｅｒｓ　２,6.85,24/01: 6.60% → 24/10: 6.85% → 25/01: 6.85% → 25/03: 6.85% → 25/08: 6.85% → 25/08: 6.85% → 25/09: 6.85%,純投資,A:賛成率低下,7,15.19,3,24/01: 10.01% → 24/10: 11.04% → 25/01: 12.05% → 25/03: 14.08% → 25/08: 14.08% → 25/08: 15.09% → 25/09: 15.19%
7634,株式会社星医療酸器,エフエムアール エルエルシー（FMR LLC）,1.23,24/02: 1.23%,顧客の財産を信託証書および契約等に基づき運用するために保有。しかしながら、当該保有証券の名義人は弊社ではなく、顧客の選択した銀行（カストディアンバンク）等になります。,A:賛成率低下,1,1.23,1,24/02: 1.23%
7634,株式会社星医療酸器,株式会社ＵＨ　Ｐａｒｔｎｅｒｓ　３,1.10,25/08: 1.01% → 25/09: 1.10%,純投資,A:賛成率低下,2,15.19,3,25/08: 15.09% → 25/09: 15.19%
7638,株式会社ＮＥＷ　ＡＲＴ　ＨＯＬＤＩＮＧＳ,白石　幸生,19.95,24/04: 19.95%,発行会社の創業者、代表者であり、また経営の安定化を図るために保有しております。,A:賛成率低下,1,19.95,1,24/04: 19.95%
7677,株式会社ヤシマキザイ,ＧＬＯＢＡＬ　ＭＡＮＡＧＥＭＥＮＴ　ＰＡＲＴＮＥＲＳ　ＬＩＭＩＴＥＤ,26.85,24/12: 26.85% → 25/01: 26.85%,純投資,A:賛成率低下,2,26.85,1,24/12: 26.85% → 25/01: 26.85%
7677,株式会社ヤシマキザイ,佐藤　泰子,11.73,24/10: 11.73%,提出者１の配偶者であり、かつ発行会社の創業家であり、安定株主として保有しております。,A:賛成率低下,1,33.94,5,24/10: 33.94%
7677,株式会社ヤシマキザイ,関　正一郎,7.75,24/10: 7.75%,発行会社の創業家であり、かつ取締役であり、安定株主として保有しております。,A:賛成率低下,1,33.94,5,24/10: 33.94%
7677,株式会社ヤシマキザイ,佐藤　厚,6.95,24/10: 6.95%,発行会社の代表取締役会長であり、経営参加を目的とした安定株主として保有しております。,A:賛成率低下,1,33.94,5,24/10: 33.94%
7677,株式会社ヤシマキザイ,関　年子,5.77,24/10: 5.77%,発行会社の創業家であり、かつ提出者２の親族であり、安定株主として保有しております。,A:賛成率低下,1,33.94,5,24/10: 33.94%
7677,株式会社ヤシマキザイ,一般社団法人アカデミア・ヤシマ,1.74,24/10: 1.74%,提出者１及び提出者２にて、共同出資した法人であり、安定株主として長期保有することを目的としています。,A:賛成率低下,1,33.94,5,24/10: 33.94%
7731,株式会社ニコン,エシロールルックスオティカ（EssilorLuxottica）,19.61,24/10: 5.10% → 24/10: 7.38% → 24/10: 6.22% → 24/11: 8.45% → 25/09: 9.47% → 25/10: 10.59% → 25/11: 11.84% → 25/11: 12.95% → 26/02: 14.20% → 26/02: 15.41% → 26/03: 16.51% → 26/03: 17.53% → 26/04: 17.53% → 26/04: 18.59% → 26/04: 16.51% → 26/04: 19.61%,長期純投資,A:賛成率低下,16,19.61,1,24/10: 5.10% → 24/10: 7.38% → 24/10: 6.22% → 24/11: 8.45% → 25/09: 9.47% → 25/10: 10.59% → 25/11: 11.84% → 25/11: 12.95% → 26/02: 14.20% → 26/02: 15.41% → 26/03: 16.51% → 26/03: 17.53% → 26/04: 17.53% → 26/04: 18.59% → 26/04: 16.51% → 26/04: 19.61%
7731,株式会社ニコン,シルチェスター・インターナショナル・インベスターズ・エルエルピー (Silchester International Investors LLP),6.06,24/04: 5.02% → 24/06: 6.07% → 24/07: 7.13% → 24/09: 8.17% → 25/03: 8.21% → 25/05: 9.22% → 25/11: 8.10% → 26/04: 7.08% → 26/07: 6.06%,提出者は、発行者に対し、企業価値及び株主価値の向上を目的として、資本政策の変更、資本効率の向上、事業構造の見直し、及びコーポレート・ガバナンスの強化等に関する提案（重要提案行為等に該当し得るものを含む。）を行う方針です。これらの提案には、増配、自己株式の取得又は消却等、取締役の構成に関する一般的な見解等が含まれます。これらの提案は、市場環境、経営状況及び発行者との対話の状況等を踏まえ、当該状況に応じて適切と判断される時期に随時行います。,A:賛成率低下,9,6.06,1,24/04: 5.02% → 24/06: 6.07% → 24/07: 7.13% → 24/09: 8.17% → 25/03: 8.21% → 25/05: 9.22% → 25/11: 8.10% → 26/04: 7.08% → 26/07: 6.06%
7731,株式会社ニコン,野村アセットマネジメント株式会社,4.90,24/03: 5.17% → 24/05: 5.29% → 24/08: 5.17% → 24/08: 5.21% → 24/09: 5.22% → 24/11: 5.56% → 24/12: 5.34% → 25/03: 4.85% → 25/04: 5.67% → 25/04: 5.84% → 25/07: 5.34% → 25/10: 5.62% → 25/10: 5.61% → 26/03: 5.09% → 26/04: 5.12% → 26/08: 4.90%,信託財産の運用として保有している。,A:賛成率低下,16,5.05,3,24/03: 5.47% → 24/05: 5.41% → 24/08: 5.51% → 24/08: 5.59% → 24/09: 5.43% → 24/11: 5.56% → 24/12: 5.51% → 25/03: 5.69% → 25/04: 5.91% → 25/04: 6.05% → 25/07: 5.82% → 25/10: 5.87% → 25/10: 5.74% → 26/03: 5.22% → 26/04: 5.23% → 26/08: 5.05%
7731,株式会社ニコン,Ｍ＆Ｇインベストメント・マネジメント・リミテッド（M&G Investment Management Limited）,4.22,24/03: 5.01% → 24/09: 5.34% → 25/03: 4.22%,純投資（投資一任契約に基づく顧客資産の運用に係るもの）,A:賛成率低下,3,4.22,2,24/03: 5.01% → 24/09: 5.34% → 25/03: 4.22%
7731,株式会社ニコン,Ｍ＆Ｇインベストメンツ（シンガポール）ピーティーイー・リミテッド（M&G Investments (Singapore) Pte. Ltd.）,4.22,24/09: 5.34% → 25/03: 4.22%,純投資（投資一任契約に基づく顧客資産の運用に係るもの）,A:賛成率低下,2,4.22,2,24/09: 5.34% → 25/03: 4.22%
7731,株式会社ニコン,日興アセットマネジメント株式会社,2.80,25/06: 2.80%,証券投資信託及び投資一任契約において、株券等の取得・処分の権限を有するもの。,A:賛成率低下,1,5.26,2,25/06: 5.26%
7731,株式会社ニコン,株式会社三菱ＵＦＪ銀行,2.55,24/04: 2.42% → 24/07: 2.42% → 24/09: 2.42% → 24/10: 2.42% → 25/09: 2.55% → 26/03: 2.55%,政策投資・退職給付信託,A:賛成率低下,6,5.34,4,24/04: 6.32% → 24/07: 5.86% → 24/09: 6.64% → 24/10: 5.90% → 25/09: 5.59% → 26/03: 5.34%
7731,株式会社ニコン,アモーヴァ・アセットマネジメント株式会社,2.52,25/09: 2.76% → 25/12: 2.52%,証券投資信託及び投資一任契約において、株券等の取得・処分の権限を有するもの。,A:賛成率低下,2,4.57,2,25/09: 5.22% → 25/12: 4.57%
7731,株式会社ニコン,三井住友トラスト・アセットマネジメント株式会社,2.05,25/06: 2.46% → 25/09: 2.46% → 25/12: 2.05%,投資信託契約、投資一任契約に基づく運用を目的として保有するもの。,A:賛成率低下,3,4.57,2,25/06: 5.26% → 25/09: 5.22% → 25/12: 4.57%
7731,株式会社ニコン,三菱ＵＦＪ信託銀行株式会社,1.36,24/04: 2.25% → 24/07: 2.13% → 24/09: 2.01% → 24/10: 2.00% → 25/09: 2.02% → 26/03: 1.36%,純投資,A:賛成率低下,6,5.34,4,24/04: 6.32% → 24/07: 5.86% → 24/09: 6.64% → 24/10: 5.90% → 25/09: 5.59% → 26/03: 5.34%
7731,株式会社ニコン,三菱ＵＦＪアセットマネジメント株式会社,1.31,24/04: 1.65% → 24/07: 1.31% → 24/09: 0.68% → 24/10: 1.34% → 25/09: 0.91% → 26/03: 1.31%,純投資,A:賛成率低下,6,5.34,4,24/04: 6.32% → 24/07: 5.86% → 24/09: 6.64% → 24/10: 5.90% → 25/09: 5.59% → 26/03: 5.34%
7731,株式会社ニコン,ノムラ　インターナショナル　ピーエルシー（ＮＯＭＵＲＡ　ＩＮＴＥＲＮＡＴＩＯＮＡＬ　ＰＬＣ）,0.15,24/03: 0.17% → 24/05: 0.03% → 24/08: 0.33% → 24/08: 0.37% → 24/09: -0.01% → 24/11: 0.10% → 24/12: 0.13% → 25/03: 0.10% → 25/04: 0.22% → 25/04: 0.04% → 25/10: 0.13% → 26/03: 0.13% → 26/04: -0.05% → 26/08: 0.15%,証券業務に係わる商品在庫として保有している。,A:賛成率低下,14,5.05,3,24/03: 5.47% → 24/05: 5.41% → 24/08: 5.51% → 24/08: 5.59% → 24/09: 5.43% → 24/11: 5.56% → 24/12: 5.51% → 25/03: 5.69% → 25/04: 5.91% → 25/04: 6.05% → 25/10: 5.74% → 26/03: 5.22% → 26/04: 5.23% → 26/08: 5.05%
7731,株式会社ニコン,三菱ＵＦＪモルガン・スタンレー証券株式会社,0.12,24/04: 0.06% → 24/09: 1.53% → 24/10: 0.14% → 25/09: 0.12% → 26/03: 0.12%,商品有価証券等として保有するもの,A:賛成率低下,5,5.34,4,24/04: 6.32% → 24/09: 6.64% → 24/10: 5.90% → 25/09: 5.59% → 26/03: 5.34%
7731,株式会社ニコン,三井住友信託銀行株式会社,0.09,25/06: 0.09%,政策投資として保有するもの。,A:賛成率低下,1,5.26,2,25/06: 5.26%
7731,株式会社ニコン,野村證券株式会社,0.00,24/03: 0.14% → 24/05: 0.09% → 24/08: 0.04% → 24/09: 0.22% → 24/11: 0.09% → 24/12: 0.03% → 25/03: 0.84% → 25/04: 0.02% → 25/04: 0.21% → 25/07: 0.48% → 25/10: 0.25% → 25/10: 0.03% → 26/04: 0.11% → 26/08: 0.00%,証券業務に係る商品在庫、及び累積投資業務の運営目的として保有している。,A:賛成率低下,14,5.05,3,24/03: 5.47% → 24/05: 5.41% → 24/08: 5.51% → 24/09: 5.43% → 24/11: 5.56% → 24/12: 5.51% → 25/03: 5.69% → 25/04: 5.91% → 25/04: 6.05% → 25/07: 5.82% → 25/10: 5.87% → 25/10: 5.74% → 26/04: 5.23% → 26/08: 5.05%
7734,理研計器株式会社,キャピタル・リサーチ・アンド・マネージメント・カンパニー(Capital Research and Management Company),6.77,24/12: 5.05% → 24/12: 5.05% → 25/04: 6.77%,顧客である日本国外の投資信託のための純投資。,A:賛成率低下,3,6.77,1,24/12: 5.05% → 24/12: 5.05% → 25/04: 6.77%
7734,理研計器株式会社,三井住友ＤＳアセットマネジメント株式会社,5.05,24/03: 3.98% → 26/03: 5.05%,純投資（投資収益性を重視して行う投資）,A:賛成率低下,2,7.85,2,24/03: 7.68% → 26/03: 7.85%
7734,理研計器株式会社,フィデリティ投信株式会社,4.57,24/02: 6.85% → 24/09: 5.82% → 25/06: 4.57%,顧客の財産を投資信託約款および投資一任契約等に基づき運用するために保有。しかしながら、当該保有証券の名義人は弊社ではなく、顧客の選択した銀行等（カストディアンバンク又は信託銀行等）になります。,A:賛成率低下,3,4.57,1,24/02: 6.85% → 24/09: 5.82% → 25/06: 4.57%
7734,理研計器株式会社,フォレスト・マナー・エヌ・ヴイ(Forest Manor N.V.),4.48,26/05: 4.48%,純投資,A:賛成率低下,1,4.48,1,26/05: 4.48%
7734,理研計器株式会社,株式会社みずほ銀行,3.80,24/04: 4.02% → 24/11: 3.80%,発行会社の要請に応え、かつ発行会社との取引関係の強化を図るもの。,A:賛成率低下,2,6.58,4,24/04: 6.44% → 24/11: 6.58%
7734,理研計器株式会社,株式会社　三井住友銀行,2.81,24/03: 3.54% → 26/03: 2.81%,政策保有目的,A:賛成率低下,2,7.85,2,24/03: 7.68% → 26/03: 7.85%
7734,理研計器株式会社,アセットマネジメントOne株式会社,1.68,24/04: 1.74% → 24/11: 1.68%,投資信託または投資一任契約に基づき投資権限を有するもの。,A:賛成率低下,2,6.58,4,24/04: 6.44% → 24/11: 6.58%
7734,理研計器株式会社,みずほ証券 株式会社,0.58,24/04: 0.06% → 24/11: 0.58%,ディーリング(短期売買)目的で保有するもの。レンディングその他取引に基づく一時的保有。,A:賛成率低下,2,6.58,4,24/04: 6.44% → 24/11: 6.58%
7734,理研計器株式会社,みずほ信託銀行株式会社,0.51,24/04: 0.68% → 24/11: 0.51%,発行会社の要請に応え、かつ発行会社との取引関係の強化を図るもの。,A:賛成率低下,2,6.58,4,24/04: 6.44% → 24/11: 6.58%
7734,理研計器株式会社,ＳＭＢＣ日興証券株式会社,0.03,24/03: 0.16% → 26/03: 0.03%,証券業務に係る一時保有のため（共同保有者から除外）,A:賛成率低下,2,7.85,2,24/03: 7.68% → 26/03: 7.85%
7745,株式会社Ａ＆Ｄホロンホールディングス,株式会社ストラテジックキャピタル,15.72,26/02: 5.24% → 26/02: 6.36% → 26/02: 7.26% → 26/03: 8.27% → 26/03: 9.34% → 26/04: 10.57% → 26/05: 11.87% → 26/05: 12.91% → 26/06: 13.99% → 26/07: 15.01% → 26/08: 15.72%,株主価値向上のために発行者との建設的対話及び発行者への重要提案行為等を行うこと、並びに純投資。 重要提案行為等：当該目的を達成するため、資本政策に関する重要な変更（有利子負債の活用及び株主資本の抑制を通じて資本構成を改善すること）の重要提案行為等を行っています。,A:賛成率低下,11,15.72,1,26/02: 5.24% → 26/02: 6.36% → 26/02: 7.26% → 26/03: 8.27% → 26/03: 9.34% → 26/04: 10.57% → 26/05: 11.87% → 26/05: 12.91% → 26/06: 13.99% → 26/07: 15.01% → 26/08: 15.72%
7745,株式会社Ａ＆Ｄホロンホールディングス,野村アセットマネジメント株式会社,6.79,24/01: 5.98% → 25/04: 7.01% → 25/12: 8.00% → 26/03: 6.79%,信託財産の運用として保有している。,A:賛成率低下,4,6.90,4,24/01: 6.20% → 25/04: 7.19% → 25/12: 8.21% → 26/03: 6.90%
7745,株式会社Ａ＆Ｄホロンホールディングス,りそなアセットマネジメント株式会社,4.14,24/02: 5.58% → 25/10: 4.14%,投資信託、投資一任契約に基づく運用を目的として保有するもの,A:賛成率低下,2,6.31,2,24/02: 7.76% → 25/10: 6.31%
7745,株式会社Ａ＆Ｄホロンホールディングス,フィデリティ投信株式会社,3.51,24/03: 6.69% → 24/08: 5.49% → 25/07: 3.51%,顧客の財産を投資信託約款および投資一任契約等に基づき運用するために保有。しかしながら、当該保有証券の名義人は弊社ではなく、顧客の選択した銀行等（カストディアンバンク又は信託銀行等）になります。,A:賛成率低下,3,3.51,1,24/03: 6.69% → 24/08: 5.49% → 25/07: 3.51%
7745,株式会社Ａ＆Ｄホロンホールディングス,三井住友トラスト・アセットマネジメント株式会社,3.39,24/02: 5.45% → 24/04: 3.45% → 24/11: 3.82% → 25/09: 3.39%,投資信託契約、投資一任契約に基づく運用を目的として保有するもの。,A:賛成率低下,4,4.71,2,24/02: 7.76% → 24/04: 5.85% → 24/11: 5.13% → 25/09: 4.71%
7745,株式会社Ａ＆Ｄホロンホールディングス,キャピタル・リサーチ・アンド・マネージメント・カンパニー(Capital Research and Management Company),2.93,24/04: 5.36% → 24/09: 6.41% → 25/08: 5.29% → 25/08: 2.93%,顧客である日本国外の投資信託のための純投資。,A:賛成率低下,4,2.93,1,24/04: 5.36% → 24/09: 6.41% → 25/08: 5.29% → 25/08: 2.93%
7745,株式会社Ａ＆Ｄホロンホールディングス,株式会社 埼玉りそな銀行,2.18,24/02: 2.18% → 25/10: 2.18%,政策投資目的での保有,A:賛成率低下,2,6.31,2,24/02: 7.76% → 25/10: 6.31%
7745,株式会社Ａ＆Ｄホロンホールディングス,アモーヴァ・アセットマネジメント株式会社,1.32,25/09: 1.32%,証券投資信託及び投資一任契約において、株券等の取得・処分の権限を有するもの。,A:賛成率低下,1,4.71,2,25/09: 4.71%
7745,株式会社Ａ＆Ｄホロンホールディングス,日興アセットマネジメント株式会社,1.31,24/02: 2.32% → 24/04: 2.40% → 24/11: 1.31%,証券投資信託及び投資一任契約において、株券等の取得・処分の権限を有するもの。,A:賛成率低下,3,5.13,2,24/02: 7.76% → 24/04: 5.85% → 24/11: 5.13%
7745,株式会社Ａ＆Ｄホロンホールディングス,ノムラ　インターナショナル　ピーエルシー（ＮＯＭＵＲＡ　ＩＮＴＥＲＮＡＴＩＯＮＡＬ　ＰＬＣ）,0.11,24/01: 0.22% → 25/04: 0.01% → 25/12: 0.20% → 26/03: 0.11%,証券業務に係わる商品在庫として保有している。,A:賛成率低下,4,6.90,4,24/01: 6.20% → 25/04: 7.19% → 25/12: 8.21% → 26/03: 6.90%
7745,株式会社Ａ＆Ｄホロンホールディングス,野村證券株式会社,0.00,24/01: 0.00% → 25/04: 0.18% → 25/12: 0.01% → 26/03: 0.00%,証券業務に係る商品在庫として保有している。,A:賛成率低下,4,6.90,4,24/01: 6.20% → 25/04: 7.19% → 25/12: 8.21% → 26/03: 6.90%
7745,株式会社Ａ＆Ｄホロンホールディングス,ノムラ　セキュリテーズ　インターナショナル（ＮＯＭＵＲＡ　ＳＥＣＵＲＩＴＩＥＳ　ＩＮＴＥＲＮＡＴＩＯＮＡＬ，Ｉｎｃ．）,0.00,25/04: 0.00% → 25/12: 0.00% → 26/03: 0.00%,証券業務に係わる商品在庫として保有している。,A:賛成率低下,3,6.90,4,25/04: 7.19% → 25/12: 8.21% → 26/03: 6.90%
7752,株式会社リコー,エフィッシモ　キャピタル　マネージメント　ピーティーイー　エルティーディー,24.77,24/03: 14.69% → 24/08: 15.92% → 24/09: 17.01% → 24/09: 18.14% → 24/10: 19.50% → 25/02: 20.92% → 25/04: 21.71% → 25/05: 22.82% → 25/07: 23.88% → 26/02: 24.77% → 26/03: 24.77% → 26/06: 24.77% → 26/06: 24.77%,投資及び状況に応じて経営陣への助言、重要提案行為等を行うこと。提出者は、中長期的な企業価値の向上を目的に、エンゲージメント（日本版スチュワードシップ・コードに基づく建設的な対話）を行っており、例えば、金融商品取引法施行令第14条の8の2第1項第5号及び第12号・株券等の大量保有の状況の開示に関する内閣府令第16条第1号に関する事項について、発行者に対して提案を行っている、又は、行う可能性がある。ただし、実際にそれらの提案が行われないこともある。なお、それらの事項には具体的には、以下の事項が含まれる。・最適資本構成の追求・バランスシートの最適化・役員の数に関する変更・役員の属性に関する構成割合の変更,A:賛成率低下,13,24.77,1,24/03: 14.69% → 24/08: 15.92% → 24/09: 17.01% → 24/09: 18.14% → 24/10: 19.50% → 25/02: 20.92% → 25/04: 21.71% → 25/05: 22.82% → 25/07: 23.88% → 26/02: 24.77% → 26/03: 24.77% → 26/06: 24.77% → 26/06: 24.77%
7752,株式会社リコー,野村アセットマネジメント株式会社,4.51,25/09: 4.69% → 25/10: 4.51%,信託財産の運用として保有している。,A:賛成率低下,2,4.94,3,25/09: 5.52% → 25/10: 4.94%
7752,株式会社リコー,日興アセットマネジメント株式会社,2.30,24/05: 2.04% → 25/09: 2.30%,証券投資信託及び投資一任契約において、株券等の取得・処分の権限を有するもの。,A:賛成率低下,2,5.44,3,24/05: 5.39% → 25/09: 5.44%
7752,株式会社リコー,三井住友トラスト・アセットマネジメント株式会社,2.12,24/05: 2.58% → 25/09: 2.72% → 25/09: 2.80% → 26/07: 2.12%,投資信託契約、投資一任契約に基づく運用を目的として保有するもの。,A:賛成率低下,4,4.55,3,24/05: 5.39% → 25/09: 5.44% → 25/09: 5.55% → 26/07: 4.55%
7752,株式会社リコー,アモーヴァ・アセットマネジメント株式会社,2.12,25/09: 2.33% → 26/07: 2.12%,証券投資信託及び投資一任契約において、株券等の取得・処分の権限を有するもの。,A:賛成率低下,2,4.55,3,25/09: 5.55% → 26/07: 4.55%
7752,株式会社リコー,三菱ＵＦＪ信託銀行株式会社,1.53,24/07: 2.46% → 26/08: 1.53%,政策投資・純投資,A:賛成率低下,2,4.12,4,24/07: 5.44% → 26/08: 4.12%
7752,株式会社リコー,ブラックロック・ジャパン株式会社,1.50,24/06: 1.80% → 25/05: 1.82% → 25/09: 1.73% → 25/12: 1.50%,純投資（投資一任契約に基づく顧客の資産運用および投資信託約款に基づく資産運用目的）,A:賛成率低下,4,5.06,7,24/06: 7.81% → 25/05: 8.27% → 25/09: 4.82% → 25/12: 5.06%
7752,株式会社リコー,ブラックロック・ファンド・アドバイザーズ(BlackRock Fund Advisors),1.35,24/06: 2.22% → 25/05: 2.22% → 25/09: 1.26% → 25/12: 1.35%,純投資（投資信託等の資産運用目的）,A:賛成率低下,4,5.06,7,24/06: 7.81% → 25/05: 8.27% → 25/09: 4.82% → 25/12: 5.06%
7752,株式会社リコー,株式会社三菱ＵＦＪ銀行,1.33,24/07: 1.77% → 26/08: 1.33%,政策投資,A:賛成率低下,2,4.12,4,24/07: 5.44% → 26/08: 4.12%
7752,株式会社リコー,三菱ＵＦＪアセットマネジメント株式会社,1.10,24/07: 0.93% → 26/08: 1.10%,純投資,A:賛成率低下,2,4.12,4,24/07: 5.44% → 26/08: 4.12%
7752,株式会社リコー,"ブラックロック・インスティテューショナル・トラスト・カンパニー、エヌ．エイ．(BlackRock Institutional Trust Company, N.A.)",0.94,24/06: 1.44% → 25/05: 1.42% → 25/09: 0.89% → 25/12: 0.94%,純投資（顧客および投資信託等の資産運用目的）,A:賛成率低下,4,5.06,7,24/06: 7.81% → 25/05: 8.27% → 25/09: 4.82% → 25/12: 5.06%
7752,株式会社リコー,ブラックロック・インベストメント・マネジメント（ユーケー）リミテッド(BlackRock Investment Management (UK) Limited),0.53,24/06: 0.13% → 25/05: 0.23% → 25/09: 0.16% → 25/12: 0.53%,純投資（顧客および投資信託等の資産運用目的）,A:賛成率低下,4,5.06,7,24/06: 7.81% → 25/05: 8.27% → 25/09: 4.82% → 25/12: 5.06%
7752,株式会社リコー,野村證券株式会社,0.36,25/09: 0.02% → 25/10: 0.36%,証券業務に係る商品在庫、及び累積投資業務の運営目的として保有している。,A:賛成率低下,2,4.94,3,25/09: 5.52% → 25/10: 4.94%
7752,株式会社リコー,ブラックロック・ファンド・マネジャーズ・リミテッド(BlackRock Fund Managers Limited),0.35,24/06: 0.55% → 25/05: 0.62% → 25/09: 0.35% → 25/12: 0.35%,純投資（顧客および投資信託等の資産運用目的）,A:賛成率低下,4,5.06,7,24/06: 7.81% → 25/05: 8.27% → 25/09: 4.82% → 25/12: 5.06%
7752,株式会社リコー,三井住友信託銀行株式会社,0.31,24/05: 0.77% → 25/09: 0.41% → 25/09: 0.41% → 26/07: 0.31%,政策投資として保有するもの。,A:賛成率低下,4,4.55,3,24/05: 5.39% → 25/09: 5.44% → 25/09: 5.55% → 26/07: 4.55%
7752,株式会社リコー,ブラックロック・アセット・マネジメント・アイルランド・リミテッド(BlackRock Asset Management Ireland Limited),0.25,24/06: 1.18% → 25/05: 1.20% → 25/09: 0.24% → 25/12: 0.25%,純投資（顧客および投資信託等の資産運用目的）,A:賛成率低下,4,5.06,7,24/06: 7.81% → 25/05: 8.27% → 25/09: 4.82% → 25/12: 5.06%
7752,株式会社リコー,MUFGセキュリティーズEMEA,0.17,24/07: 0.17%,トレーディング目的の保有,A:賛成率低下,1,5.44,5,24/07: 5.44%
7752,株式会社リコー,三菱ＵＦＪモルガン・スタンレー証券株式会社,0.17,24/07: 0.12% → 26/08: 0.17%,商品有価証券等として保有するもの,A:賛成率低下,2,4.12,4,24/07: 5.44% → 26/08: 4.12%
7752,株式会社リコー,ブラックロック（ネザーランド）BV(BlackRock (Netherlands) BV),0.14,24/06: 0.25% → 25/05: 0.38% → 25/09: 0.18% → 25/12: 0.14%,純投資（顧客および投資信託等の資産運用目的）,A:賛成率低下,4,5.06,7,24/06: 7.81% → 25/05: 8.27% → 25/09: 4.82% → 25/12: 5.06%
7752,株式会社リコー,"ブラックロック・フィナンシャル・マネジメント・インク(BlackRock Financial Management, Inc.)",0.09,24/06: 0.09%,純投資（顧客および投資信託等の資産運用目的）,A:賛成率低下,1,7.81,8,24/06: 7.81%
7752,株式会社リコー,ブラックロック・インベストメント・マネジメント・エルエルシー(BlackRock Investment Management LLC),0.08,24/06: 0.08%,純投資（顧客および投資信託等の資産運用目的）,A:賛成率低下,1,7.81,8,24/06: 7.81%
7752,株式会社リコー,ノムラ　インターナショナル　ピーエルシー（ＮＯＭＵＲＡ　ＩＮＴＥＲＮＡＴＩＯＮＡＬ　ＰＬＣ）,0.07,25/09: 0.81% → 25/10: 0.07%,証券業務に係わる商品在庫として保有している。,A:賛成率低下,2,4.94,3,25/09: 5.52% → 25/10: 4.94%
7752,株式会社リコー,ブラックロック・アセット・マネジメント・カナダ・リミテッド(BlackRock Asset Management Canada Limited),0.05,24/06: 0.24% → 25/05: 0.25% → 25/09: 0.05%,純投資（顧客および投資信託等の資産運用目的）,A:賛成率低下,3,4.82,7,24/06: 7.81% → 25/05: 8.27% → 25/09: 4.82%
7752,株式会社リコー,MUFGセキュリティーズEMEA (MUFG Securities EMEA plc),0.04,26/08: 0.04%,ディーリング目的による保有,A:賛成率低下,1,4.12,4,26/08: 4.12%
7752,株式会社リコー,ブラックロック・インベストメント・マネジメント （オーストラリア）リミテッド(BlackRock Investment Management (Australia) Limited),0.00,25/05: 0.11% → 25/09: 0.00%,純投資（顧客および投資信託等の資産運用目的）,A:賛成率低下,2,4.82,7,25/05: 8.27% → 25/09: 4.82%
7820,ニホンフラッシュ株式会社,エフエムアール エルエルシー（FMR LLC）,10.00,26/06: 6.58% → 26/06: 8.64% → 26/06: 7.62% → 26/06: 10.00% → 26/06: 8.96% → 26/06: 10.00%,顧客の財産を信託証書および契約等に基づき運用するために保有。しかしながら、当該保有証券の名義人は弊社ではなく、顧客の選択した銀行（カストディアンバンク）等になります。,A:賛成率低下,6,10.00,1,26/06: 6.58% → 26/06: 8.64% → 26/06: 7.62% → 26/06: 10.00% → 26/06: 8.96% → 26/06: 10.00%
7820,ニホンフラッシュ株式会社,フィデリティ　マネジメント　アンド　リサーチ　カンパニー　エルエルシー (Fidelity Management & Research Company LLC),6.77,26/06: 3.98% → 26/06: 4.77% → 26/06: 7.46% → 26/06: 6.77% → 26/06: 5.71% → 26/06: 6.77%,当該有価証券は、グループの資産運用および管理機能に関連して保有されているものです。,A:賛成率低下,6,7.95,3,26/06: 5.38% → 26/06: 6.58% → 26/06: 9.62% → 26/06: 10.00% → 26/06: 7.62% → 26/06: 7.95%
7820,ニホンフラッシュ株式会社,エフアイエーエム　エルエルシー (FIAM LLC),1.40,26/06: 1.40% → 26/06: 1.40% → 26/06: 1.44% → 26/06: 2.52% → 26/06: 0.51% → 26/06: 1.40%,当該有価証券は、当社の投資運用および資産管理機能に関連して保有されています。,A:賛成率低下,6,7.62,3,26/06: 5.38% → 26/06: 6.58% → 26/06: 9.62% → 26/06: 10.00% → 26/06: 7.95% → 26/06: 7.62%
7820,ニホンフラッシュ株式会社,フィデリティ　マネジメント　トラスト　カンパニー (Fidelity Management Trust Company),0.72,26/06: 0.41% → 26/06: 0.67% → 26/06: 0.52% → 26/06: 0.73% → 26/06: 0.72%,信託契約および投資一任契約に基づき顧客資産を運用する目的で保有。当該証券の名義は当社ではなく、顧客指定のカストディアンバンクの名義となります。,A:賛成率低下,5,10.00,3,26/06: 6.58% → 26/06: 7.95% → 26/06: 7.62% → 26/06: 9.62% → 26/06: 10.00%
7844,株式会社マーベラス,株式会社ＳＢＩ証券,7.63,26/08: 7.63%,証券業務に係る商品在庫として保有している。,A:賛成率低下 + C:会社提案否決,1,7.63,1,26/08: 7.63%
7844,株式会社マーベラス,イメージ・フレイム・インベストメント（香港）リミテッド（Image Frame Investment (HK) Limited）,0.89,26/08: 8.33% → 26/08: 0.89%,純投資,A:賛成率低下 + C:会社提案否決,2,0.89,1,26/08: 8.33% → 26/08: 0.89%
7867,株式会社タカラトミー,司不動産株式会社,7.01,24/04: 7.01% → 24/05: 7.01%,安定株主として長期保有,A:賛成率低下,2,8.93,3,24/04: 10.00% → 24/05: 8.93%
7867,株式会社タカラトミー,アセットマネジメントOne株式会社,4.52,24/02: 5.39% → 24/08: 4.52%,投資信託または投資一任契約に基づき投資権限を有するもの。,A:賛成率低下,2,4.72,2,24/02: 5.77% → 24/08: 4.72%
7867,株式会社タカラトミー,富山　幹太郎,1.81,24/04: 2.88% → 24/05: 1.81%,会社経営,A:賛成率低下,2,8.93,3,24/04: 10.00% → 24/05: 8.93%
7867,株式会社タカラトミー,アセットマネジメントOneインターナショナル（Asset Management One International Ltd.）,0.20,24/02: 0.38% → 24/08: 0.20%,投資信託または投資一任契約に基づき投資権限を有するもの。,A:賛成率低下,2,4.72,2,24/02: 5.77% → 24/08: 4.72%
7867,株式会社タカラトミー,富山　佳子,0.11,24/04: 0.11% → 24/05: 0.11%,富山幹太郎の配偶者として安定保有,A:賛成率低下,2,8.93,3,24/04: 10.00% → 24/05: 8.93%
7893,株式会社プロネクサス,上野　守生,11.67,25/03: 13.69% → 26/02: 12.68% → 26/06: 11.67%,発行会社の名誉会長として経営の安定化を図るため長期保有しております。,A:賛成率低下,3,11.67,1,25/03: 14.75% → 26/02: 13.75% → 26/06: 11.67%
7893,株式会社プロネクサス,エフエムアール エルエルシー（FMR LLC）,6.57,26/02: 5.48% → 26/06: 5.48% → 26/06: 6.57%,顧客の財産を信託証書および契約等に基づき運用するために保有。しかしながら、当該保有証券の名義人は弊社ではなく、顧客の選択した銀行（カストディアンバンク）等になります。,A:賛成率低下,3,6.57,1,26/02: 5.48% → 26/06: 5.48% → 26/06: 6.57%
7893,株式会社プロネクサス,フィデリティ　マネジメント　アンド　リサーチ　カンパニー　エルエルシー (Fidelity Management & Research Company LLC),6.30,26/06: 5.28% → 26/06: 6.30%,当該有価証券は、グループの資産運用および管理機能に関連して保有されているものです。,A:賛成率低下,2,6.30,1,26/06: 5.28% → 26/06: 6.30%
7893,株式会社プロネクサス,エフエムアール　インベストメント　マネジメント　ユーケー　リミテッド (FMR Investment Management (UK) Limited),5.00,26/07: 5.00%,当社は自己の投資目的で有価証券を保有していません。記録上の有価証券は関連会社の事務・運営目的のためであり、投資目的ではありません。,A:賛成率低下,1,5.00,1,26/07: 5.00%
7893,株式会社プロネクサス,上野　由紀子,1.07,25/03: 1.07% → 26/02: 1.07%,名誉会長の配偶者であり、安定株主として長期保有を目的としております。,A:賛成率低下,2,13.75,2,25/03: 14.75% → 26/02: 13.75%
7912,大日本印刷株式会社,野村アセットマネジメント株式会社,5.56,24/02: 4.06% → 26/04: 5.56%,信託財産の運用として保有している。,A:賛成率低下,2,5.67,3,24/02: 4.06% → 26/04: 5.67%
7912,大日本印刷株式会社,株式会社みずほ銀行,2.76,25/03: 2.19% → 26/04: 2.76%,発行会社の要請に応え、かつ発行会社との取引関係の強化を図るもの。退職給付信託運用。,A:賛成率低下,2,5.55,3,25/03: 4.75% → 26/04: 5.55%
7912,大日本印刷株式会社,アモーヴァ・アセットマネジメント株式会社,2.62,26/04: 2.62%,証券投資信託及び投資一任契約において、株券等の取得・処分の権限を有するもの。,A:賛成率低下,1,5.08,2,26/04: 5.08%
7912,大日本印刷株式会社,三井住友トラスト・アセットマネジメント株式会社,2.46,26/04: 2.46%,投資信託契約、投資一任契約に基づく運用を目的として保有するもの。,A:賛成率低下,1,5.08,2,26/04: 5.08%
7912,大日本印刷株式会社,アセットマネジメントOne株式会社,2.39,25/03: 2.15% → 26/04: 2.39%,投資信託または投資一任契約に基づき投資権限を有するもの。,A:賛成率低下,2,5.55,3,25/03: 4.75% → 26/04: 5.55%
7912,大日本印刷株式会社,ブラックロック・ファンド・アドバイザーズ(BlackRock Fund Advisors),2.06,25/04: 1.63% → 26/04: 2.06%,純投資（投資信託等の資産運用目的）,A:賛成率低下,2,7.62,11,25/04: 6.23% → 26/04: 7.62%
7912,大日本印刷株式会社,ブラックロック・ジャパン株式会社,1.89,25/04: 1.73% → 26/04: 1.89%,純投資（投資一任契約に基づく顧客の資産運用および投資信託約款に基づく資産運用目的）,A:賛成率低下,2,7.62,11,25/04: 6.23% → 26/04: 7.62%
7912,大日本印刷株式会社,"ブラックロック・インスティテューショナル・トラスト・カンパニー、エヌ．エイ．(BlackRock Institutional Trust Company, N.A.)",1.35,25/04: 1.01% → 26/04: 1.35%,純投資（顧客および投資信託等の資産運用目的）,A:賛成率低下,2,7.62,11,25/04: 6.23% → 26/04: 7.62%
7912,大日本印刷株式会社,ブラックロック・アセット・マネジメント・アイルランド・リミテッド(BlackRock Asset Management Ireland Limited),0.90,25/04: 0.68% → 26/04: 0.90%,純投資（顧客および投資信託等の資産運用目的）,A:賛成率低下,2,7.62,11,25/04: 6.23% → 26/04: 7.62%
7912,大日本印刷株式会社,みずほ信託銀行株式会社,0.40,25/03: 0.31% → 26/04: 0.40%,発行会社の要請に応え、かつ発行会社との取引関係の強化を図るもの。,A:賛成率低下,2,5.55,3,25/03: 4.75% → 26/04: 5.55%
7912,大日本印刷株式会社,ブラックロック・ファンド・マネジャーズ・リミテッド(BlackRock Fund Managers Limited),0.39,25/04: 0.49% → 26/04: 0.39%,純投資（顧客および投資信託等の資産運用目的）,A:賛成率低下,2,7.62,11,25/04: 6.23% → 26/04: 7.62%
7912,大日本印刷株式会社,ブラックロック（ネザーランド）BV(BlackRock (Netherlands) BV),0.29,25/04: 0.26% → 26/04: 0.29%,純投資（顧客および投資信託等の資産運用目的）,A:賛成率低下,2,7.62,11,25/04: 6.23% → 26/04: 7.62%
7912,大日本印刷株式会社,ブラックロック・インベストメント・マネジメント（ユーケー）リミテッド(BlackRock Investment Management (UK) Limited),0.19,25/04: 0.10% → 26/04: 0.19%,純投資（顧客および投資信託等の資産運用目的）,A:賛成率低下,2,7.62,11,25/04: 6.23% → 26/04: 7.62%
7912,大日本印刷株式会社,"アペリオ・グループ・エルエルシー(Aperio Group, LLC)",0.17,25/04: 0.17% → 26/04: 0.17%,純投資（顧客および投資信託等の資産運用目的）,A:賛成率低下,2,7.62,11,25/04: 6.23% → 26/04: 7.62%
7912,大日本印刷株式会社,"ブラックロック・アドバイザーズ・エルエルシー(BlackRock Advisers, LLC)",0.16,26/04: 0.16%,純投資（顧客および投資信託等の資産運用目的）,A:賛成率低下,1,7.62,11,26/04: 7.62%
7912,大日本印刷株式会社,"ブラックロック・フィナンシャル・マネジメント・インク(BlackRock Financial Management, Inc.)",0.12,25/04: 0.15% → 26/04: 0.12%,純投資（顧客および投資信託等の資産運用目的）,A:賛成率低下,2,7.62,11,25/04: 6.23% → 26/04: 7.62%
7912,大日本印刷株式会社,ブラックロック・アセット・マネジメント・カナダ・リミテッド(BlackRock Asset Management Canada Limited),0.11,26/04: 0.11%,純投資（顧客および投資信託等の資産運用目的）,A:賛成率低下,1,7.62,11,26/04: 7.62%
7912,大日本印刷株式会社,みずほ証券 株式会社,0.10,25/03: 0.10%,ディーリング(短期売買)目的で保有するもの。,A:賛成率低下,1,4.75,4,25/03: 4.75%
7912,大日本印刷株式会社,ノムラ　インターナショナル　ピーエルシー（ＮＯＭＵＲＡ　ＩＮＴＥＲＮＡＴＩＯＮＡＬ　ＰＬＣ）,0.10,26/04: 0.10%,証券業務に係わる商品在庫として保有している。,A:賛成率低下,1,5.67,3,26/04: 5.67%
7912,大日本印刷株式会社,ブラックロック・ライフ・リミテッド(BlackRock Life Limited),0.02,25/04: 0.02%,純投資（顧客および投資信託等の資産運用目的）,A:賛成率低下,1,6.23,9,25/04: 6.23%
7912,大日本印刷株式会社,野村證券株式会社,0.01,24/02: 0.07% → 26/04: 0.01%,証券業務に係る商品在庫、及び累積投資業務の運営目的として保有している。,A:賛成率低下,2,5.67,3,24/02: 4.06% → 26/04: 5.67%
7981,タカラスタンダード株式会社,日本生命保険相互会社,3.23,26/07: 3.23%,純投資（収益性を投資判断の基準とする投資）,A:賛成率低下,1,5.17,3,26/07: 5.17%
7981,タカラスタンダード株式会社,大樹生命保険株式会社,1.84,26/07: 1.84%,純投資（収益性を投資判断の基準とする投資）,A:賛成率低下,1,5.17,3,26/07: 5.17%
7981,タカラスタンダード株式会社,ニッセイアセットマネジメント株式会社,0.10,26/07: 0.10%,証券投資信託委託契約、投資一任契約に基づく有価証券投資,A:賛成率低下,1,5.17,3,26/07: 5.17%
7988,株式会社ニフコ,インベスコ・アセット・マネジメント株式会社,4.67,24/04: 7.08% → 24/05: 5.73% → 24/08: 4.67%,投資一任契約に基づく契約資産の運用および委託者指図型投資信託の運用において保有,A:賛成率低下,3,4.87,2,24/04: 7.28% → 24/05: 5.93% → 24/08: 4.87%
7988,株式会社ニフコ,野村アセットマネジメント株式会社,3.80,24/07: 5.85% → 25/08: 4.73% → 26/04: 3.95% → 26/05: 3.77% → 26/05: 3.80%,信託財産の運用として保有している。,A:賛成率低下,5,5.16,3,24/07: 6.14% → 25/08: 5.15% → 26/04: 5.77% → 26/05: 4.94% → 26/05: 5.16%
7988,株式会社ニフコ,三菱ＵＦＪ信託銀行株式会社,2.82,24/02: 4.16% → 24/03: 2.82%,純投資,A:賛成率低下,2,3.96,3,24/02: 5.28% → 24/03: 3.96%
7988,株式会社ニフコ,野村證券株式会社,1.12,24/07: 0.05% → 25/08: 0.00% → 26/04: 1.81% → 26/05: 0.26% → 26/05: 1.12%,証券業務に係る商品在庫、及び累積投資業務の運営目的として保有している。,A:賛成率低下,5,5.16,3,24/07: 6.14% → 25/08: 5.15% → 26/04: 5.77% → 26/05: 4.94% → 26/05: 5.16%
7988,株式会社ニフコ,三菱ＵＦＪアセットマネジメント株式会社,0.81,24/02: 0.79% → 24/03: 0.81%,純投資,A:賛成率低下,2,3.96,3,24/02: 5.28% → 24/03: 3.96%
7988,株式会社ニフコ,株式会社三菱ＵＦＪ銀行,0.33,24/02: 0.33% → 24/03: 0.33%,政策投資,A:賛成率低下,2,3.96,3,24/02: 5.28% → 24/03: 3.96%
7988,株式会社ニフコ,ノムラ　インターナショナル　ピーエルシー（ＮＯＭＵＲＡ　ＩＮＴＥＲＮＡＴＩＯＮＡＬ　ＰＬＣ）,0.24,24/07: 0.29% → 25/08: 0.41% → 26/04: 0.01% → 26/05: 0.90% → 26/05: 0.24%,証券業務に係わる商品在庫として保有している。,A:賛成率低下,5,5.16,3,24/07: 6.14% → 25/08: 5.15% → 26/04: 5.77% → 26/05: 4.94% → 26/05: 5.16%
7988,株式会社ニフコ,インベスコ　ホンコン　リミテッド(Invesco Hong Kong Limited),0.20,24/04: 0.20% → 24/05: 0.20% → 24/08: 0.20%,投資一任契約に基づく契約資産の運用および証券投資信託の運用において保有,A:賛成率低下,3,4.87,2,24/04: 7.28% → 24/05: 5.93% → 24/08: 4.87%
7995,株式会社バルカー,"グランサム、マヨ、ヴァン　オッテルロー　アンド　カンパニー　エルエルシー(Grantham, Mayo, Van Otterloo & Co. LLC)",8.38,25/11: 5.10% → 25/11: 6.18% → 25/11: 7.27% → 26/04: 8.38%,純投資及び状況に応じて重要提案行為等を行うこともありうる。,A:賛成率低下,4,8.38,1,25/11: 5.10% → 25/11: 6.18% → 25/11: 7.27% → 26/04: 8.38%
7995,株式会社バルカー,三井住友ＤＳアセットマネジメント株式会社,3.44,24/02: 2.37% → 25/02: 3.44%,純投資（投資収益性を重視して行う投資）,A:賛成率低下,2,6.32,2,24/02: 5.25% → 25/02: 6.32%
7995,株式会社バルカー,株式会社　三井住友銀行,2.88,24/02: 2.88% → 25/02: 2.88%,政策保有目的,A:賛成率低下,2,6.32,2,24/02: 5.25% → 25/02: 6.32%
7995,株式会社バルカー,三井住友トラスト・アセットマネジメント株式会社,2.48,25/07: 2.19% → 25/09: 2.15% → 25/12: 1.98% → 26/04: 3.11% → 26/06: 3.15% → 26/07: 2.48%,投資信託契約、投資一任契約に基づく運用を目的として保有するもの。,A:賛成率低下,6,5.94,3,25/07: 5.59% → 25/09: 5.75% → 25/12: 5.83% → 26/04: 6.99% → 26/06: 7.04% → 26/07: 5.94%
7995,株式会社バルカー,三井住友信託銀行株式会社,2.14,25/07: 2.14% → 25/09: 2.14% → 25/12: 2.14% → 26/04: 2.14% → 26/06: 2.14% → 26/07: 2.14%,政策投資として保有するもの。,A:賛成率低下,6,5.94,3,25/07: 5.59% → 25/09: 5.75% → 25/12: 5.83% → 26/04: 6.99% → 26/06: 7.04% → 26/07: 5.94%
7995,株式会社バルカー,アモーヴァ・アセットマネジメント株式会社,1.32,25/09: 1.46% → 25/12: 1.71% → 26/04: 1.74% → 26/06: 1.75% → 26/07: 1.32%,証券投資信託及び投資一任契約において、株券等の取得・処分の権限を有するもの。,A:賛成率低下,5,5.94,3,25/09: 5.75% → 25/12: 5.83% → 26/04: 6.99% → 26/06: 7.04% → 26/07: 5.94%
7995,株式会社バルカー,日興アセットマネジメント株式会社,1.26,25/07: 1.26%,証券投資信託及び投資一任契約において、株券等の取得・処分の権限を有するもの。,A:賛成率低下,1,5.59,3,25/07: 5.59%
8011,株式会社三陽商会,アセット・バリュー・インベスターズ・リミテッド (Asset Value Investors Limited),13.07,25/12: 5.36% → 25/12: 6.38% → 25/12: 7.41% → 26/01: 8.44% → 26/01: 9.60% → 26/02: 10.77% → 26/03: 12.05% → 26/04: 13.07%,純投資及び重要提案行為等を行うこと,A:賛成率低下 + B:新規株主提案,8,13.07,1,25/12: 5.36% → 25/12: 6.38% → 25/12: 7.41% → 26/01: 8.44% → 26/01: 9.60% → 26/02: 10.77% → 26/03: 12.05% → 26/04: 13.07%
8011,株式会社三陽商会,八木通商株式会社,11.55,25/04: 13.22% → 25/10: 9.51% → 26/01: 11.55%,主として取引関係円滑化の為、保有しております。,A:賛成率低下 + B:新規株主提案,3,11.55,1,25/04: 13.22% → 25/10: 9.51% → 26/01: 11.55%
8011,株式会社三陽商会,Ｓａｐｐｈｉｒｅｔｅｒｒａ　Ｃａｐｉｔａｌ，　ＬＬＣ,8.12,25/07: 5.05% → 25/12: 7.08% → 26/06: 8.12%,純投資及び重要提案行為等を行うこと,A:賛成率低下 + B:新規株主提案,3,8.12,1,25/07: 5.05% → 25/12: 7.08% → 26/06: 8.12%
8011,株式会社三陽商会,野村アセットマネジメント株式会社,3.65,24/02: 4.08% → 24/03: 4.29% → 24/03: 4.47% → 24/08: 5.12% → 25/02: 4.45% → 25/06: 4.23% → 25/10: 3.69% → 25/12: 4.57% → 26/02: 4.23% → 26/02: 3.95% → 26/03: 3.98% → 26/06: 3.65%,信託財産の運用として保有している。,A:賛成率低下 + B:新規株主提案,12,3.79,3,24/02: 5.17% → 24/03: 5.50% → 24/03: 5.85% → 24/08: 5.97% → 25/02: 4.95% → 25/06: 5.04% → 25/10: 3.85% → 25/12: 5.16% → 26/02: 5.24% → 26/02: 4.20% → 26/03: 5.46% → 26/06: 3.79%
8011,株式会社三陽商会,ノムラ　インターナショナル　ピーエルシー（ＮＯＭＵＲＡ　ＩＮＴＥＲＮＡＴＩＯＮＡＬ　ＰＬＣ）,0.14,24/02: 0.20% → 24/03: 0.09% → 24/03: 0.27% → 24/08: 0.85% → 25/02: 0.50% → 25/06: 0.81% → 25/10: 0.16% → 26/02: 0.22% → 26/06: 0.14%,証券業務に係わる商品在庫として保有している。,A:賛成率低下 + B:新規株主提案,9,3.79,3,24/02: 5.17% → 24/03: 5.50% → 24/03: 5.85% → 24/08: 5.97% → 25/02: 4.95% → 25/06: 5.04% → 25/10: 3.85% → 26/02: 4.20% → 26/06: 3.79%
8011,株式会社三陽商会,野村證券株式会社,0.00,24/02: 0.89% → 24/03: 1.13% → 24/03: 1.11% → 24/08: 0.08% → 25/10: 0.00% → 25/12: 0.59% → 26/02: 1.02% → 26/02: 0.03% → 26/03: 1.48% → 26/06: 0.00%,証券業務に係る商品在庫として保有している。,A:賛成率低下 + B:新規株主提案,10,3.79,3,24/02: 5.17% → 24/03: 5.50% → 24/03: 5.85% → 24/08: 5.97% → 25/10: 3.85% → 25/12: 5.16% → 26/02: 5.24% → 26/02: 4.20% → 26/03: 5.46% → 26/06: 3.79%
8018,三共生興株式会社,株式会社三菱ＵＦＪ銀行,3.02,24/10: 3.91% → 26/06: 3.02%,政策投資,A:賛成率低下,2,4.24,3,24/10: 5.34% → 26/06: 4.24%
8018,三共生興株式会社,三菱ＵＦＪ信託銀行株式会社,0.81,24/10: 1.03% → 26/06: 0.81%,純投資,A:賛成率低下,2,4.24,3,24/10: 5.34% → 26/06: 4.24%
8018,三共生興株式会社,三菱ＵＦＪアセットマネジメント株式会社,0.41,24/10: 0.40% → 26/06: 0.41%,純投資,A:賛成率低下,2,4.24,3,24/10: 5.34% → 26/06: 4.24%
8020,兼松株式会社,三井住友トラスト・アセットマネジメント株式会社,2.80,25/09: 2.80%,投資信託契約、投資一任契約に基づく運用を目的として保有するもの。,A:賛成率低下,1,4.40,2,25/09: 4.40%
8020,兼松株式会社,ブラックロック・ジャパン株式会社,2.57,24/11: 2.57%,純投資（投資一任契約に基づく顧客の資産運用および投資信託約款に基づく資産運用目的）,A:賛成率低下,1,5.16,5,24/11: 5.16%
8020,兼松株式会社,三菱ＵＦＪ信託銀行株式会社,1.95,24/07: 2.32% → 24/10: 1.95%,純投資,A:賛成率低下,2,4.40,4,24/07: 5.30% → 24/10: 4.40%
8020,兼松株式会社,アモーヴァ・アセットマネジメント株式会社,1.60,25/09: 1.60%,証券投資信託及び投資一任契約において、株券等の取得・処分の権限を有するもの。,A:賛成率低下,1,4.40,2,25/09: 4.40%
8020,兼松株式会社,ブラックロック・ファンド・アドバイザーズ(BlackRock Fund Advisors),1.38,24/11: 1.38%,純投資（投資信託等の資産運用目的）,A:賛成率低下,1,5.16,5,24/11: 5.16%
8020,兼松株式会社,三菱ＵＦＪアセットマネジメント株式会社,1.31,24/07: 1.30% → 24/10: 1.31%,純投資,A:賛成率低下,2,4.40,4,24/07: 5.30% → 24/10: 4.40%
8020,兼松株式会社,株式会社三菱ＵＦＪ銀行,1.01,24/07: 1.68% → 24/10: 1.01%,政策投資、重要提案行為等を行うこと,A:賛成率低下,2,4.40,4,24/07: 5.30% → 24/10: 4.40%
8020,兼松株式会社,"ブラックロック・インスティテューショナル・トラスト・カンパニー、エヌ．エイ．(BlackRock Institutional Trust Company, N.A.)",0.84,24/11: 0.84%,純投資（顧客および投資信託等の資産運用目的）,A:賛成率低下,1,5.16,5,24/11: 5.16%
8020,兼松株式会社,ブラックロック・アセット・マネジメント・アイルランド・リミテッド(BlackRock Asset Management Ireland Limited),0.20,24/11: 0.20%,純投資（顧客および投資信託等の資産運用目的）,A:賛成率低下,1,5.16,5,24/11: 5.16%
8020,兼松株式会社,"ブラックロック・フィナンシャル・マネジメント・インク(BlackRock Financial Management, Inc.)",0.17,24/11: 0.17%,純投資（顧客および投資信託等の資産運用目的）,A:賛成率低下,1,5.16,5,24/11: 5.16%
8020,兼松株式会社,ファースト・センティア・インベスターズ・アールキューアイ・ピーティーワイ・リミテッド,0.13,24/10: 0.13%,投資一任契約による純投資,A:賛成率低下,1,4.40,4,24/10: 4.40%
8020,兼松株式会社,三菱ＵＦＪモルガン・スタンレー証券株式会社,0.05,24/07: 0.05%,商品有価証券等として保有するもの,A:賛成率低下,1,5.30,3,24/07: 5.30%
8020,兼松株式会社,三井住友信託銀行株式会社,0.00,25/09: 0.00%,,A:賛成率低下,1,4.40,2,25/09: 4.40%
8025,株式会社ツカモトコーポレーション,フリージア・マクロス株式会社,17.33,24/04: 14.05% → 24/08: 15.09% → 24/11: 16.09% → 25/01: 16.28% → 25/05: 17.33%,純投資及び政策投資として保有しております。,A:賛成率低下,5,17.33,1,24/04: 14.05% → 24/08: 15.09% → 24/11: 16.09% → 25/01: 16.28% → 25/05: 17.33%
8025,株式会社ツカモトコーポレーション,株式会社三菱ＵＦＪ銀行,4.20,24/07: 4.20% → 25/02: 4.20%,政策投資,A:賛成率低下,2,6.82,3,24/07: 7.53% → 25/02: 6.82%
8025,株式会社ツカモトコーポレーション,三菱ＵＦＪ信託銀行株式会社,2.48,24/07: 3.05% → 25/02: 2.48%,政策投資,A:賛成率低下,2,6.82,3,24/07: 7.53% → 25/02: 6.82%
8025,株式会社ツカモトコーポレーション,三菱ＵＦＪニコス株式会社,0.14,24/07: 0.14% → 25/02: 0.14%,政策投資,A:賛成率低下,2,6.82,3,24/07: 7.53% → 25/02: 6.82%
8025,株式会社ツカモトコーポレーション,三菱ＵＦＪアセットマネジメント株式会社,0.00,24/07: 0.13% → 25/02: 0.00%,-,A:賛成率低下,2,6.82,3,24/07: 7.53% → 25/02: 6.82%
8031,三井物産株式会社,ナショナル・インデムニティー・カンパニー（National Indemnity Company）,10.83,25/03: 9.82% → 26/07: 10.83%,純投資,C:会社提案否決,2,10.83,1,25/03: 9.82% → 26/07: 10.83%
8031,三井物産株式会社,三井住友トラスト・アセットマネジメント株式会社,2.99,25/09: 2.99%,投資信託契約、投資一任契約に基づく運用を目的として保有するもの。,C:会社提案否決,1,5.56,3,25/09: 5.56%
8031,三井物産株式会社,アモーヴァ・アセットマネジメント株式会社,2.35,25/09: 2.35%,証券投資信託及び投資一任契約において、株券等の取得・処分の権限を有するもの。,C:会社提案否決,1,5.56,3,25/09: 5.56%
8031,三井物産株式会社,三井住友信託銀行株式会社,0.23,25/09: 0.23%,政策投資として保有するもの。,C:会社提案否決,1,5.56,3,25/09: 5.56%
8070,東京産業株式会社,西華産業株式会社,11.58,25/04: 11.58%,本件は、投資収益を目的とした株式取得ですが、中期経営計画において収益力強化に向けた補完的M＆Aの活用を表明しており、今後政策保有目的へ変更の可能性を検討してまいります。,A:賛成率低下,1,11.58,1,25/04: 11.58%
8070,東京産業株式会社,光通信株式会社,7.23,24/01: 7.23% → 24/03: 7.23% → 24/04: 7.23% → 25/09: 7.23%,純投資,A:賛成率低下,4,11.10,2,24/01: 14.10% → 24/03: 13.00% → 24/04: 11.90% → 25/09: 11.10%
8070,東京産業株式会社,株式会社ＵＨ　Ｐａｒｔｎｅｒｓ　２,3.87,24/01: 6.86% → 24/03: 5.77% → 24/04: 4.67% → 25/09: 3.87%,純投資,A:賛成率低下,4,11.10,2,24/01: 14.10% → 24/03: 13.00% → 24/04: 11.90% → 25/09: 11.10%
8070,東京産業株式会社,株式会社エスアイエル,0.00,24/01: 0.01% → 24/03: 0.00%,,A:賛成率低下,2,13.00,2,24/01: 14.10% → 24/03: 13.00%
8070,東京産業株式会社,シンプレクス・アセット・マネジメント株式会社,0.00,25/04: 0.00%,投資一任契約または投資信託委託契約に基づく純投資,A:賛成率低下,1,0.00,1,25/04: 0.00%
8086,ニプロ株式会社,日本電気硝子株式会社,4.96,24/01: 7.96% → 25/03: 6.96% → 25/06: 5.96% → 25/06: 5.96% → 26/03: 4.96%,発行会社との取引関係の維持・向上等のため。,A:賛成率低下,5,4.96,1,24/01: 7.96% → 25/03: 6.96% → 25/06: 5.96% → 25/06: 5.96% → 26/03: 4.96%
8086,ニプロ株式会社,野村證券株式会社,4.74,24/03: 4.81% → 24/04: 5.04% → 24/08: 4.78% → 24/09: 4.67% → 24/10: 4.68% → 24/10: 4.67% → 24/10: 4.71% → 24/11: 5.04% → 24/12: 5.04% → 25/02: 5.37% → 25/03: 6.26% → 25/04: 5.86% → 25/06: 5.74% → 25/09: 5.69% → 25/09: 5.66% → 25/10: 5.67% → 26/01: 5.74% → 26/03: 5.68% → 26/04: 5.70% → 26/04: 5.69% → 26/05: 5.63% → 26/06: 4.73% → 26/07: 4.74%,証券業務に係る商品在庫、及び累積投資業務の運営目的として保有している。,A:賛成率低下,23,6.73,3,24/03: 7.72% → 24/04: 6.94% → 24/08: 5.85% → 24/09: 6.17% → 24/10: 11.77% → 24/10: 7.95% → 24/10: 7.80% → 24/11: 6.08% → 24/12: 7.72% → 25/02: 8.49% → 25/03: 8.92% → 25/04: 7.74% → 25/06: 7.66% → 25/09: 9.05% → 25/09: 9.31% → 25/10: 8.30% → 26/01: 9.31% → 26/03: 6.89% → 26/04: 7.86% → 26/04: 7.70% → 26/05: 8.24% → 26/06: 5.13% → 26/07: 6.73%
8086,ニプロ株式会社,ゴールドマン・サックス・インターナショナル（Goldman Sachs International）,4.15,24/07: 4.74% → 26/05: 4.07% → 26/06: 4.15%,有価証券関連業務の一部としてのトレーディング・有価証券の借入等,A:賛成率低下,3,5.01,3,24/07: 5.21% → 26/05: 4.87% → 26/06: 5.01%
8086,ニプロ株式会社,みずほ証券 株式会社,3.23,24/08: 4.87% → 24/09: 5.48% → 24/09: 4.24% → 25/06: 3.41% → 25/09: 3.47% → 25/09: 2.12% → 25/11: 4.38% → 26/04: 3.95% → 26/05: 4.01% → 26/08: 3.23%,・ディーリング(短期売買)目的で保有するもの・デリバティブ取引に関連して保有するもの・レンディングその他取引に基づく一時的保有,A:賛成率低下,10,5.64,5,24/08: 7.37% → 24/09: 7.96% → 24/09: 6.75% → 25/06: 5.73% → 25/09: 5.71% → 25/09: 4.43% → 25/11: 6.65% → 26/04: 6.16% → 26/05: 6.33% → 26/08: 5.64%
8086,ニプロ株式会社,アセットマネジメントOne株式会社,1.78,24/08: 1.91% → 24/09: 1.90% → 24/09: 1.91% → 25/06: 1.72% → 25/09: 1.65% → 25/09: 1.69% → 25/11: 1.66% → 26/04: 1.60% → 26/05: 1.69% → 26/08: 1.78%,・投資信託または投資一任契約に基づき投資権限を有するもの,A:賛成率低下,10,5.64,5,24/08: 7.37% → 24/09: 7.96% → 24/09: 6.75% → 25/06: 5.73% → 25/09: 5.71% → 25/09: 4.43% → 25/11: 6.65% → 26/04: 6.16% → 26/05: 6.33% → 26/08: 5.64%
8086,ニプロ株式会社,野村アセットマネジメント株式会社,1.41,24/03: 2.95% → 24/04: 2.08% → 24/08: 1.31% → 24/09: 1.19% → 24/10: 1.02% → 24/10: 1.02% → 24/10: 2.91% → 24/11: 2.96% → 24/12: 2.37% → 25/02: 3.01% → 25/03: 3.02% → 25/04: 1.83% → 25/06: 1.91% → 25/09: 0.71% → 25/09: 2.89% → 25/10: 3.04% → 26/01: 3.05% → 26/03: 0.93% → 26/04: 2.06% → 26/04: 1.10% → 26/05: 1.43% → 26/06: 1.86% → 26/07: 1.41%,信託財産の運用として保有している。,A:賛成率低下,23,6.73,3,24/03: 7.72% → 24/04: 6.94% → 24/08: 5.85% → 24/09: 6.17% → 24/10: 11.77% → 24/10: 7.95% → 24/10: 7.80% → 24/11: 6.08% → 24/12: 7.72% → 25/02: 8.49% → 25/03: 8.92% → 25/04: 7.74% → 25/06: 7.66% → 25/09: 9.05% → 25/09: 9.31% → 25/10: 8.30% → 26/01: 9.31% → 26/03: 6.89% → 26/04: 7.86% → 26/04: 7.70% → 26/05: 8.24% → 26/06: 5.13% → 26/07: 6.73%
8086,ニプロ株式会社,"ゴールドマン・サックス・アセット・マネジメント・エル・ピー（Goldman Sachs Asset Management, L.P.）",0.62,24/07: 0.42% → 26/05: 0.54% → 26/06: 0.62%,運用を目的とした証券投資信託による保有及び投資一任契約に基づく運用を目的とした保有,A:賛成率低下,3,5.01,3,24/07: 5.21% → 26/05: 4.87% → 26/06: 5.01%
8086,ニプロ株式会社,ノムラ　インターナショナル　ピーエルシー（ＮＯＭＵＲＡ　ＩＮＴＥＲＮＡＴＩＯＮＡＬ　ＰＬＣ）,0.58,24/03: 0.51% → 24/04: 0.29% → 24/08: 0.45% → 24/09: 0.72% → 24/10: 6.74% → 24/10: 2.74% → 24/10: 0.76% → 24/11: -1.44% → 24/12: 0.85% → 25/02: 0.77% → 25/03: 0.33% → 25/04: 0.63% → 25/06: 0.58% → 25/09: 3.27% → 25/09: 1.54% → 25/10: 0.28% → 26/01: 1.27% → 26/03: 0.76% → 26/04: 0.70% → 26/04: 1.45% → 26/05: 1.18% → 26/06: -1.46% → 26/07: 0.58%,証券業務に係わる商品在庫として保有している。,A:賛成率低下,23,6.73,3,24/03: 7.72% → 24/04: 6.94% → 24/08: 5.85% → 24/09: 6.17% → 24/10: 11.77% → 24/10: 7.95% → 24/10: 7.80% → 24/11: 6.08% → 24/12: 7.72% → 25/02: 8.49% → 25/03: 8.92% → 25/04: 7.74% → 25/06: 7.66% → 25/09: 9.05% → 25/09: 9.31% → 25/10: 8.30% → 26/01: 9.31% → 26/03: 6.89% → 26/04: 7.86% → 26/04: 7.70% → 26/05: 8.24% → 26/06: 5.13% → 26/07: 6.73%
8086,ニプロ株式会社,みずほ信託銀行株式会社,0.34,24/08: 0.32% → 24/09: 0.32% → 24/09: 0.32% → 25/06: 0.33% → 25/09: 0.33% → 25/09: 0.34% → 25/11: 0.34% → 26/04: 0.34% → 26/05: 0.34% → 26/08: 0.34%,・信託財産として運用その他の信託目的に従い保有するもの,A:賛成率低下,10,5.64,5,24/08: 7.37% → 24/09: 7.96% → 24/09: 6.75% → 25/06: 5.73% → 25/09: 5.71% → 25/09: 4.43% → 25/11: 6.65% → 26/04: 6.16% → 26/05: 6.33% → 26/08: 5.64%
8086,ニプロ株式会社,株式会社みずほ銀行,0.29,24/08: 0.27% → 24/09: 0.27% → 24/09: 0.27% → 25/06: 0.27% → 25/09: 0.27% → 25/09: 0.28% → 25/11: 0.28% → 26/04: 0.28% → 26/05: 0.28% → 26/08: 0.29%,・発行会社の要請に応え、かつ発行会社との取引関係の強化を図るもの,A:賛成率低下,10,5.64,5,24/08: 7.37% → 24/09: 7.96% → 24/09: 6.75% → 25/06: 5.73% → 25/09: 5.71% → 25/09: 4.43% → 25/11: 6.65% → 26/04: 6.16% → 26/05: 6.33% → 26/08: 5.64%
8086,ニプロ株式会社,ゴールドマン・サックス証券株式会社,0.24,24/07: 0.04% → 26/05: 0.26% → 26/06: 0.24%,有価証券関連業務の一部としてのトレーディング・有価証券の借入等,A:賛成率低下,3,5.01,3,24/07: 5.21% → 26/05: 4.87% → 26/06: 5.01%
8086,ニプロ株式会社,みずほインターナショナル （Mizuho International plc）,0.00,24/08: 0.00% → 24/09: 0.00% → 24/09: 0.00% → 25/06: 0.00% → 25/09: 0.00% → 25/09: 0.00% → 25/11: 0.00% → 26/04: 0.00% → 26/05: 0.00% → 26/08: 0.00%,・デリバティブ取引に関連して保有するもの,A:賛成率低下,10,5.64,5,24/08: 7.37% → 24/09: 7.96% → 24/09: 6.75% → 25/06: 5.73% → 25/09: 5.71% → 25/09: 4.43% → 25/11: 6.65% → 26/04: 6.16% → 26/05: 6.33% → 26/08: 5.64%
8086,ニプロ株式会社,ノムラ　セキュリテーズ　インターナショナル（ＮＯＭＵＲＡ　ＳＥＣＵＲＩＴＩＥＳ　ＩＮＴＥＲＮＡＴＩＯＮＡＬ，Ｉｎｃ．）,0.00,25/04: 0.00% → 25/06: 0.00%,,A:賛成率低下,2,7.66,3,25/04: 7.74% → 25/06: 7.66%
8088,岩谷産業株式会社,ノルウェー銀行(Norges Bank),4.63,24/03: 4.63%,純投資,A:賛成率低下,1,4.63,1,24/03: 4.63%
8088,岩谷産業株式会社,アモーヴァ・アセットマネジメント株式会社,2.81,25/09: 2.15% → 26/07: 2.81%,証券投資信託及び投資一任契約において、株券等の取得・処分の権限を有するもの。,A:賛成率低下,2,5.15,2,25/09: 4.56% → 26/07: 5.15%
8088,岩谷産業株式会社,三井住友トラスト・アセットマネジメント株式会社,2.34,25/09: 2.41% → 26/07: 2.34%,投資信託契約、投資一任契約に基づく運用を目的として保有するもの。,A:賛成率低下,2,5.15,2,25/09: 4.56% → 26/07: 5.15%
8088,岩谷産業株式会社,株式会社三菱ＵＦＪ銀行,2.28,24/07: 2.28% → 26/03: 2.28%,政策投資,A:賛成率低下,2,5.06,5,24/07: 4.40% → 26/03: 5.06%
8088,岩谷産業株式会社,三菱ＵＦＪ信託銀行株式会社,1.60,24/07: 1.48% → 26/03: 1.60%,純投資,A:賛成率低下,2,5.06,5,24/07: 4.40% → 26/03: 5.06%
8088,岩谷産業株式会社,三菱ＵＦＪアセットマネジメント株式会社,0.75,24/07: 0.64% → 26/03: 0.75%,純投資,A:賛成率低下,2,5.06,5,24/07: 4.40% → 26/03: 5.06%
8088,岩谷産業株式会社,三菱ＵＦＪモルガン・スタンレー証券株式会社,0.30,26/03: 0.30%,商品有価証券等として保有するもの,A:賛成率低下,1,5.06,5,26/03: 5.06%
8088,岩谷産業株式会社,"MUFGセキュリティーズ（カナダ）(MUFG Securities(Canada), Ltd.)",0.12,26/03: 0.12%,ディーリング目的による保有,A:賛成率低下,1,5.06,5,26/03: 5.06%
8118,株式会社　キング,エルエヌエスマネジメント（LNS Management Pte. Ltd.）,5.04,24/06: 5.04%,投資及び状況に応じて経営陣への助言、重要事項提案を行うこと,A:賛成率低下 + C:会社提案否決,1,5.04,1,24/06: 5.04%
8129,東邦ホールディングス株式会社,３Ｄインベストメント・パートナーズ・プライベート・リミティッド（3D Investment Partners Pte. Ltd.）,21.19,24/06: 5.06% → 24/07: 6.36% → 24/07: 7.37% → 24/07: 8.44% → 24/07: 9.46% → 24/07: 9.46% → 24/07: 10.58% → 24/08: 11.79% → 24/08: 13.10% → 24/08: 14.13% → 24/08: 15.26% → 24/09: 16.40% → 24/10: 17.44% → 24/11: 18.12% → 25/07: 19.13% → 25/08: 20.15% → 25/08: 21.19%,純投資及び状況に応じて経営陣への助言、重要提案行為を行うこと。,A:賛成率低下,17,21.19,1,24/06: 5.06% → 24/07: 6.36% → 24/07: 7.37% → 24/07: 8.44% → 24/07: 9.46% → 24/07: 9.46% → 24/07: 10.58% → 24/08: 11.79% → 24/08: 13.10% → 24/08: 14.13% → 24/08: 15.26% → 24/09: 16.40% → 24/10: 17.44% → 24/11: 18.12% → 25/07: 19.13% → 25/08: 20.15% → 25/08: 21.19%
8129,東邦ホールディングス株式会社,野村アセットマネジメント株式会社,2.40,24/04: 1.10% → 24/05: 0.96% → 24/07: 0.86% → 24/08: 0.87% → 24/09: 0.80% → 24/10: 2.60% → 24/10: 2.59% → 24/12: 2.38% → 25/01: 2.37% → 25/03: 2.09% → 25/03: 1.24% → 25/04: 1.32% → 25/08: 0.94% → 25/08: 0.94% → 25/09: 2.40%,信託財産の運用として保有している。,A:賛成率低下,15,3.21,3,24/04: 8.95% → 24/05: 8.90% → 24/07: 9.76% → 24/08: 7.91% → 24/09: 7.66% → 24/10: 8.32% → 24/10: 7.27% → 24/12: 6.32% → 25/01: 6.01% → 25/03: 6.43% → 25/03: 4.80% → 25/04: 5.05% → 25/08: 5.27% → 25/08: 5.14% → 25/09: 3.21%
8129,東邦ホールディングス株式会社,野村證券株式会社,0.45,24/04: 7.19% → 24/05: 7.37% → 24/07: 7.22% → 24/08: 6.34% → 24/09: 6.35% → 24/10: 4.81% → 24/10: 4.07% → 24/12: 3.37% → 25/01: 3.36% → 25/03: 3.36% → 25/03: 3.04% → 25/04: 3.15% → 25/08: 3.54% → 25/08: 1.29% → 25/09: 0.45%,証券業務に係る商品在庫、及び累積投資業務の運営目的として保有している。,A:賛成率低下,15,3.21,3,24/04: 8.95% → 24/05: 8.90% → 24/07: 9.76% → 24/08: 7.91% → 24/09: 7.66% → 24/10: 8.32% → 24/10: 7.27% → 24/12: 6.32% → 25/01: 6.01% → 25/03: 6.43% → 25/03: 4.80% → 25/04: 5.05% → 25/08: 5.27% → 25/08: 5.14% → 25/09: 3.21%
8129,東邦ホールディングス株式会社,ノムラ　インターナショナル　ピーエルシー（ＮＯＭＵＲＡ　ＩＮＴＥＲＮＡＴＩＯＮＡＬ　ＰＬＣ）,0.39,24/04: 1.43% → 24/05: 1.29% → 24/07: 2.48% → 24/08: 1.32% → 24/09: 1.09% → 24/10: 1.37% → 24/10: 1.00% → 24/12: 0.91% → 25/01: 0.60% → 25/03: 1.29% → 25/03: 0.75% → 25/04: 0.83% → 25/08: 1.03% → 25/08: 3.03% → 25/09: 0.39%,証券業務に係わる商品在庫として保有している。,A:賛成率低下,15,3.21,3,24/04: 8.95% → 24/05: 8.90% → 24/07: 9.76% → 24/08: 7.91% → 24/09: 7.66% → 24/10: 8.32% → 24/10: 7.27% → 24/12: 6.32% → 25/01: 6.01% → 25/03: 6.43% → 25/03: 4.80% → 25/04: 5.05% → 25/08: 5.27% → 25/08: 5.14% → 25/09: 3.21%
8129,東邦ホールディングス株式会社,ノムラ　セキュリテーズ　インターナショナル（ＮＯＭＵＲＡ　ＳＥＣＵＲＩＴＩＥＳ　ＩＮＴＥＲＮＡＴＩＯＮＡＬ，Ｉｎｃ．）,0.00,24/08: 0.00% → 24/09: 0.00% → 24/10: 0.06% → 25/08: 0.00% → 25/08: 0.00% → 25/09: 0.00%,,A:賛成率低下,6,3.21,3,24/08: 7.91% → 24/09: 7.66% → 24/10: 8.32% → 25/08: 5.27% → 25/08: 5.14% → 25/09: 3.21%
8133,伊藤忠エネクス株式会社,伊藤忠商事株式会社,52.17,24/10: 53.17% → 24/10: 52.17%,政策投資,A:賛成率低下,2,52.17,2,24/10: 53.17% → 24/10: 52.17%
8133,伊藤忠エネクス株式会社,伊藤忠エネクス株式会社,0.00,24/10: 0.00%,政策投資,A:賛成率低下,1,52.17,2,24/10: 52.17%
8136,株式会社サンリオ,清川商事株式会社,7.72,24/02: 7.37% → 24/02: 7.37% → 24/12: 7.72% → 26/03: 7.72% → 26/03: 7.72% → 26/05: 7.72%,政策投資,A:賛成率低下,6,11.76,3,24/02: 7.37% → 24/02: 7.37% → 24/12: 7.72% → 26/03: 7.72% → 26/03: 7.72% → 26/05: 11.76%
8136,株式会社サンリオ,インベスコ・アセット・マネジメント株式会社,4.84,24/05: 4.84%,投資一任契約に基づく契約資産の運用および委託者指図型投資信託の運用において保有,A:賛成率低下,1,5.00,2,24/05: 5.00%
8136,株式会社サンリオ,光南商事株式会社,3.07,24/01: 5.09% → 24/01: 2.88% → 24/02: 2.88% → 24/02: 2.88% → 26/05: 3.07%,政策投資,A:賛成率低下,5,11.76,3,24/01: 5.09% → 24/01: 2.88% → 24/02: 2.88% → 24/02: 2.88% → 26/05: 11.76%
8136,株式会社サンリオ,JPモルガン・アセット・マネジメント株式会社,2.20,26/04: 2.24% → 26/04: 2.24% → 26/06: 2.25% → 26/06: 2.24% → 26/07: 2.20% → 26/07: 2.20% → 26/08: 2.20%,顧客または投資信託等の資産運用（純投資）,A:賛成率低下,7,5.09,7,26/04: 5.12% → 26/04: 4.69% → 26/06: 5.04% → 26/06: 4.71% → 26/07: 5.26% → 26/07: 5.19% → 26/08: 5.09%
8136,株式会社サンリオ,ブラックロック・ファンド・アドバイザーズ(BlackRock Fund Advisors),1.79,25/07: 1.44% → 25/12: 1.57% → 26/06: 1.79%,純投資（投資信託等の資産運用目的）,A:賛成率低下,3,5.70,8,25/07: 5.05% → 25/12: 5.42% → 26/06: 5.70%
8136,株式会社サンリオ,三菱ＵＦＪ信託銀行株式会社,1.71,24/07: 1.69% → 25/01: 1.71%,政策投資・純投資,A:賛成率低下,2,3.66,4,24/07: 7.35% → 25/01: 3.66%
8136,株式会社サンリオ,モルガン・スタンレー・インベストメント・マネジメント・インク(Morgan Stanley Investment Management Inc.),1.70,25/12: 1.39% → 26/01: 1.36% → 26/01: 1.69% → 26/02: 1.70%,運用を目的とした証券投資信託による保有及び投資一任契約に基づく運用を目的とした保有,A:賛成率低下,4,2.62,5,25/12: 5.60% → 26/01: 6.39% → 26/01: 5.50% → 26/02: 2.62%
8136,株式会社サンリオ,ＳＭＢＣ日興証券株式会社,1.54,24/12: 1.54%,証券業務に係る一時保有のため,A:賛成率低下,1,2.74,4,24/12: 2.74%
8136,株式会社サンリオ,ブラックロック・ジャパン株式会社,1.42,25/07: 1.33% → 25/12: 1.49% → 26/06: 1.42%,純投資（投資一任契約に基づく顧客の資産運用および投資信託約款に基づく資産運用目的）,A:賛成率低下,3,5.70,8,25/07: 5.05% → 25/12: 5.42% → 26/06: 5.70%
8136,株式会社サンリオ,ゴールドマン・サックス・アセット・マネジメント株式会社,1.23,26/02: 1.23% → 26/03: 1.23%,運用を目的とした証券投資信託による保有及び投資一任契約に基づく運用を目的とした保有,A:賛成率低下,2,2.75,6,26/02: 5.65% → 26/03: 2.75%
8136,株式会社サンリオ,ＪＰモルガン・アセット・マネジメント（アジア・パシフィック）リミテッド (JPMorgan Asset Management (Asia Pacific) Limited),1.05,26/04: 1.24% → 26/04: 1.24% → 26/06: 0.79% → 26/06: 0.76% → 26/07: 1.00% → 26/07: 1.00% → 26/08: 1.05%,顧客または投資信託等の資産運用（純投資）,A:賛成率低下,7,5.09,7,26/04: 5.12% → 26/04: 4.69% → 26/06: 5.04% → 26/06: 4.71% → 26/07: 5.26% → 26/07: 5.19% → 26/08: 5.09%
8136,株式会社サンリオ,辻朋邦,0.97,26/05: 0.97%,発行会社の代表取締役であり、安定株主として保有しております。,A:賛成率低下,1,11.76,3,26/05: 11.76%
8136,株式会社サンリオ,"ブラックロック・インスティテューショナル・トラスト・カンパニー、エヌ．エイ．(BlackRock Institutional Trust Company, N.A.)",0.94,25/07: 0.90% → 25/12: 0.95% → 26/06: 0.94%,純投資（顧客および投資信託等の資産運用目的）,A:賛成率低下,3,5.70,8,25/07: 5.05% → 25/12: 5.42% → 26/06: 5.70%
8136,株式会社サンリオ,ゴールドマン・サックス・アセット・マネジメント・インターナショナル (Goldman Sachs Asset Management International),0.94,26/02: 0.97% → 26/03: 0.94%,運用を目的とした証券投資信託による保有及び投資一任契約に基づく運用を目的とした保有,A:賛成率低下,2,2.75,6,26/02: 5.65% → 26/03: 2.75%
8136,株式会社サンリオ,三井住友ＤＳアセットマネジメント株式会社,0.92,24/12: 0.92%,純投資（投資収益性を重視して行う投資）,A:賛成率低下,1,2.74,4,24/12: 2.74%
8136,株式会社サンリオ,株式会社三菱ＵＦＪ銀行,0.76,24/07: 4.54% → 25/01: 0.76%,政策投資,A:賛成率低下,2,3.66,4,24/07: 7.35% → 25/01: 3.66%
8136,株式会社サンリオ,ブラックロック・アセット・マネジメント・アイルランド・リミテッド(BlackRock Asset Management Ireland Limited),0.75,25/07: 0.63% → 25/12: 0.75% → 26/06: 0.75%,純投資（顧客および投資信託等の資産運用目的）,A:賛成率低下,3,5.70,8,25/07: 5.05% → 25/12: 5.42% → 26/06: 5.70%
8136,株式会社サンリオ,三菱ＵＦＪアセットマネジメント株式会社,0.69,24/07: 0.63% → 25/01: 0.69%,純投資,A:賛成率低下,2,3.66,4,24/07: 7.35% → 25/01: 3.66%
8136,株式会社サンリオ,モルガン・スタンレー・アンド・カンパニー・エルエルシー(Morgan Stanley & Co. LLC),0.62,25/12: 3.23% → 26/01: 4.29% → 26/01: 3.09% → 26/02: 0.62%,証券業務等にかかる保有,A:賛成率低下,4,2.62,5,25/12: 5.60% → 26/01: 6.39% → 26/01: 5.50% → 26/02: 2.62%
8136,株式会社サンリオ,ジェー・ピー・モルガン・セキュリティーズ・エルエルシー　（J.P. Morgan Securities LLC),0.60,26/04: 0.28% → 26/04: 0.49% → 26/06: 0.56% → 26/06: 0.49% → 26/07: 0.60% → 26/07: 0.60% → 26/08: 0.60%,金融商品取引業務にかかる保有,A:賛成率低下,7,5.09,7,26/04: 5.12% → 26/04: 4.69% → 26/06: 5.04% → 26/06: 4.71% → 26/07: 5.26% → 26/07: 5.19% → 26/08: 5.09%
8136,株式会社サンリオ,三菱ＵＦＪモルガン・スタンレー証券株式会社,0.51,24/07: 0.49% → 25/01: 0.51%,政策投資　及び　商品有価証券等として保有するもの,A:賛成率低下,2,3.66,4,24/07: 7.35% → 25/01: 3.66%
8136,株式会社サンリオ,ジェー・ピー・モルガン・セキュリティーズ・ピーエルシー (J.P. Morgan Securities plc),0.48,26/04: 0.86% → 26/04: 0.18% → 26/06: 0.93% → 26/06: 0.55% → 26/07: 0.76% → 26/07: 0.79% → 26/08: 0.48%,金融商品取引業務にかかる保有,A:賛成率低下,7,5.09,7,26/04: 5.12% → 26/04: 4.69% → 26/06: 5.04% → 26/06: 4.71% → 26/07: 5.26% → 26/07: 5.19% → 26/08: 5.09%
8136,株式会社サンリオ,ジェー・ピー・モルガン・インベストメント・マネージメント・インク　(J.P. Morgan Investment Management Inc.),0.47,26/04: 0.38% → 26/04: 0.38% → 26/06: 0.40% → 26/06: 0.39% → 26/07: 0.45% → 26/07: 0.45% → 26/08: 0.47%,顧客または投資信託等の資産運用（純投資）,A:賛成率低下,7,5.09,7,26/04: 5.12% → 26/04: 4.69% → 26/06: 5.04% → 26/06: 4.71% → 26/07: 5.26% → 26/07: 5.19% → 26/08: 5.09%
8136,株式会社サンリオ,ゴールドマン・サックス・インターナショナル（Goldman Sachs International）,0.36,26/03: 0.36%,有価証券関連業務の一部としてのトレーディング・有価証券の借入等,A:賛成率低下,1,2.75,6,26/03: 2.75%
8136,株式会社サンリオ,三井住友カード　株式会社,0.28,24/12: 0.28%,政策保有目的,A:賛成率低下,1,2.74,4,24/12: 2.74%
8136,株式会社サンリオ,ブラックロック・ファンド・マネジャーズ・リミテッド(BlackRock Fund Managers Limited),0.23,25/07: 0.19% → 25/12: 0.11% → 26/06: 0.23%,純投資（顧客および投資信託等の資産運用目的）,A:賛成率低下,3,5.70,8,25/07: 5.05% → 25/12: 5.42% → 26/06: 5.70%
8136,株式会社サンリオ,ブラックロック（ネザーランド）BV(BlackRock (Netherlands) BV),0.19,25/07: 0.22% → 25/12: 0.24% → 26/06: 0.19%,純投資（顧客および投資信託等の資産運用目的）,A:賛成率低下,3,5.70,8,25/07: 5.05% → 25/12: 5.42% → 26/06: 5.70%
8136,株式会社サンリオ,ブラックロック・インベストメント・マネジメント（ユーケー）リミテッド(BlackRock Investment Management (UK) Limited),0.19,25/07: 0.13% → 25/12: 0.18% → 26/06: 0.19%,純投資（顧客および投資信託等の資産運用目的）,A:賛成率低下,3,5.70,8,25/07: 5.05% → 25/12: 5.42% → 26/06: 5.70%
8136,株式会社サンリオ,"ゴールドマン・サックス・アセット・マネジメント・エル・ピー（Goldman Sachs Asset Management, L.P.）",0.19,26/02: 0.15% → 26/03: 0.19%,運用を目的とした証券投資信託による保有及び投資一任契約に基づく運用を目的とした保有,A:賛成率低下,2,2.75,6,26/02: 5.65% → 26/03: 2.75%
8136,株式会社サンリオ,ブラックロック・アセット・マネジメント・カナダ・リミテッド(BlackRock Asset Management Canada Limited),0.18,25/07: 0.11% → 25/12: 0.13% → 26/06: 0.18%,純投資（顧客および投資信託等の資産運用目的）,A:賛成率低下,3,5.70,8,25/07: 5.05% → 25/12: 5.42% → 26/06: 5.70%
8136,株式会社サンリオ,インベスコ　ホンコン　リミテッド(Invesco Hong Kong Limited),0.16,24/05: 0.16%,投資一任契約に基づく契約資産の運用および証券投資信託の運用において保有,A:賛成率低下,1,5.00,2,24/05: 5.00%
8136,株式会社サンリオ,モルガン・スタンレー・アンド・カンパニー・インターナショナル・ピーエルシー(Morgan Stanley & Co. International plc),0.16,25/12: 0.98% → 26/01: 0.74% → 26/01: 0.71% → 26/02: 0.16%,証券業務等にかかる保有,A:賛成率低下,4,2.62,5,25/12: 5.60% → 26/01: 6.39% → 26/01: 5.50% → 26/02: 2.62%
8136,株式会社サンリオ,ジェー・ピー・モルガン・アセット・マネジメント（ユーケー）リミテッド　(JPMorgan Asset Management(UK)Limited),0.15,26/04: 0.12% → 26/04: 0.12% → 26/06: 0.12% → 26/06: 0.12% → 26/07: 0.15% → 26/07: 0.15% → 26/08: 0.15%,顧客または投資信託等の資産運用（純投資）,A:賛成率低下,7,5.09,7,26/04: 5.12% → 26/04: 4.69% → 26/06: 5.04% → 26/06: 4.71% → 26/07: 5.26% → 26/07: 5.19% → 26/08: 5.09%
8136,株式会社サンリオ,モルガン・スタンレーＭＵＦＧ証券株式会社,0.14,26/02: 0.14%,証券業務等にかかる保有,A:賛成率低下,1,2.62,5,26/02: 2.62%
8136,株式会社サンリオ,JPモルガン証券株式会社,0.14,26/04: 0.04% → 26/06: 0.06% → 26/08: 0.14%,金融商品取引業務にかかる保有,A:賛成率低下,3,5.09,7,26/04: 4.69% → 26/06: 4.71% → 26/08: 5.09%
8136,株式会社サンリオ,ジェー・ピー・モルガン・プライム・インク (J.P. Morgan Prime Inc.),0.06,26/06: 0.10% → 26/07: 0.11% → 26/07: 0.06%,金融商品取引業務にかかる保有。みなし共同保有者から除外する。,A:賛成率低下,3,5.19,6,26/06: 4.71% → 26/07: 5.26% → 26/07: 5.19%
8136,株式会社サンリオ,ブラックロック(ルクセンブルグ）エス・エー(BlackRock (Luxembourg) S.A.),0.03,25/07: 0.11% → 25/12: 0.03%,純投資（顧客および投資信託等の資産運用目的）,A:賛成率低下,2,5.42,8,25/07: 5.05% → 25/12: 5.42%
8136,株式会社サンリオ,ゴールドマン・サックス・アンド・カンパニー・エルエルシー（Goldman Sachs & Co. LLC）,0.03,26/02: 0.08% → 26/03: 0.03%,有価証券関連業務の一部としてのトレーディング・有価証券の借入等,A:賛成率低下,2,2.75,6,26/02: 5.65% → 26/03: 2.75%
8136,株式会社サンリオ,ゴールドマン・サックス証券株式会社,0.01,26/02: 3.22% → 26/03: 0.01%,有価証券関連業務の一部としてのトレーディング・有価証券の借入等,A:賛成率低下,2,2.75,6,26/02: 5.65% → 26/03: 2.75%
8136,株式会社サンリオ,株式会社　三井住友銀行,0.00,24/12: 0.00%,政策保有目的,A:賛成率低下,1,2.74,4,24/12: 2.74%
8136,株式会社サンリオ,ＳＭＢＣファイナンスサービス株式会社,0.00,24/12: 0.00%,令和6年4月1日、三井住友カード株式会社を存続会社とする合併により消滅。,A:賛成率低下,1,2.74,4,24/12: 2.74%
8136,株式会社サンリオ,モルガン・スタンレー・ヨーロッパ・エス・イー(Morgan Stanley Europe SE),0.00,25/12: 0.00% → 26/01: 0.00% → 26/01: 0.00% → 26/02: 0.00%,証券業務等にかかる保有,A:賛成率低下,4,2.62,5,25/12: 5.60% → 26/01: 6.39% → 26/01: 5.50% → 26/02: 2.62%
8154,加賀電子株式会社,三菱ＵＦＪ信託銀行株式会社,2.06,24/01: 1.68% → 24/07: 1.95% → 25/08: 2.06%,純投資,A:賛成率低下,3,3.12,2,24/01: 7.39% → 24/07: 7.36% → 25/08: 3.12%
8154,加賀電子株式会社,アセットマネジメントOne株式会社,1.47,25/08: 1.47%,投資信託または投資一任契約に基づき投資権限を有するもの。,A:賛成率低下,1,1.47,1,25/08: 1.47%
8154,加賀電子株式会社,三菱ＵＦＪアセットマネジメント株式会社,1.06,24/01: 0.76% → 24/07: 0.74% → 25/08: 1.06%,純投資,A:賛成率低下,3,3.12,2,24/01: 7.39% → 24/07: 7.36% → 25/08: 3.12%
8154,加賀電子株式会社,三菱ＵＦＪモルガン・スタンレー証券株式会社,0.03,24/01: 0.99% → 24/07: 0.72% → 25/08: 0.03%,商品有価証券等として保有するもの,A:賛成率低下,3,3.12,2,24/01: 7.39% → 24/07: 7.36% → 25/08: 3.12%
8154,加賀電子株式会社,株式会社三菱ＵＦＪ銀行,0.00,24/01: 3.96% → 24/07: 3.96% → 25/08: 0.00%,政策投資,A:賛成率低下,3,3.12,2,24/01: 7.39% → 24/07: 7.36% → 25/08: 3.12%
8154,加賀電子株式会社,三菱ＵＦＪ不動産投資顧問株式会社,0.00,24/01: 0.00%,－,A:賛成率低下,1,7.39,4,24/01: 7.39%
8154,加賀電子株式会社,株式会社みずほ銀行,0.00,25/08: 0.00%,,A:賛成率低下,1,1.47,1,25/08: 1.47%
8173,株式会社Ｊｏｓｈｉｎ,株式会社りそな銀行,2.86,25/02: 2.86%,政策投資目的での保有,A:賛成率低下 + C:会社提案否決,1,4.23,2,25/02: 4.23%
8173,株式会社Ｊｏｓｈｉｎ,りそなアセットマネジメント株式会社,1.38,25/02: 1.38%,投資信託、投資一任契約に基づく運用を目的として保有するもの,A:賛成率低下 + C:会社提案否決,1,4.23,2,25/02: 4.23%
8185,株式会社チヨダ,"いちごアセットマネジメント・インターナショナル・ピーティーイー・リミテッド（Ichigo Asset Management International, Pte. Ltd.）",19.18,26/05: 19.18%,純投資。提出者1、提出者2及び提出者3（以下総称して「いちご」という。）は日本株の長期投資に特化した独立系機関投資家であり、投資先企業の中長期的な価値創造を尊重し、投資を通じて支えることにより、日本社会に貢献することを投資理念としている。,A:賛成率低下,1,19.18,3,26/05: 19.18%
8185,株式会社チヨダ,株式会社中央商事,8.42,25/12: 8.42%,純投資,A:賛成率低下,1,8.42,1,25/12: 8.42%
8185,株式会社チヨダ,いちごトラスト・ピーティーイー・リミテッド（Ichigo Trust Pte. Ltd.）,0.00,26/05: 0.00%,純投資。いちごは日本株の長期投資に特化した独立系機関投資家であり、投資先企業の中長期的な価値創造を尊重し、投資を通じて支えることにより、日本社会に貢献することを投資理念としている。なお、提出者2は提出者1との間で投資一任契約を締結し、提出者1に投資運用に関する権限を委託しており、提出者2は議決権その他の権利を行使することができる権限若しくは当該権利の行使について指図を行うことができる権限又は投資をするのに必要な権限をいずれも有しない。,A:賛成率低下,1,19.18,3,26/05: 19.18%
8185,株式会社チヨダ,いちごアセットマネジメント株式会社,0.00,26/05: 0.00%,純投資。いちごは日本株の長期投資に特化した独立系機関投資家であり、投資先企業の中長期的な価値創造を尊重し、投資を通じて支えることにより、日本社会に貢献することを投資理念としている。なお、提出者3は、提出者1との間で投資助言契約を締結し、保有株券にかかる全議決権を提出者1と共同して行使する。,A:賛成率低下,1,19.18,3,26/05: 19.18%
8253,株式会社クレディセゾン,野村アセットマネジメント株式会社,8.61,24/04: 7.17% → 26/06: 8.61%,信託財産の運用として保有している。,A:賛成率低下,2,8.99,3,24/04: 7.93% → 26/06: 8.99%
8253,株式会社クレディセゾン,Ｍ＆Ｇインベストメント・マネジメント・リミテッド（M&G Investment Management Limited）,3.95,24/09: 6.21% → 25/02: 5.16% → 25/04: 3.95%,純投資（投資一任契約に基づく顧客資産の運用に係るもの）,A:賛成率低下,3,3.95,2,24/09: 6.21% → 25/02: 5.16% → 25/04: 3.95%
8253,株式会社クレディセゾン,Ｍ＆Ｇインベストメンツ（シンガポール）ピーティーイー・リミテッド（M&G Investments (Singapore) Pte. Ltd.）,3.95,24/09: 6.21% → 25/02: 5.16% → 25/04: 3.95%,純投資（投資一任契約に基づく顧客資産の運用に係るもの）,A:賛成率低下,3,3.95,2,24/09: 6.21% → 25/02: 5.16% → 25/04: 3.95%
8253,株式会社クレディセゾン,アモーヴァ・アセットマネジメント株式会社,3.70,25/09: 3.70%,証券投資信託及び投資一任契約において、株券等の取得・処分の権限を有するもの。,A:賛成率低下,1,5.58,2,25/09: 5.58%
8253,株式会社クレディセゾン,ブラックロック・ジャパン株式会社,1.92,26/06: 1.92%,純投資（投資一任契約に基づく顧客の資産運用および投資信託約款に基づく資産運用目的）,A:賛成率低下,1,5.16,7,26/06: 5.16%
8253,株式会社クレディセゾン,三井住友トラスト・アセットマネジメント株式会社,1.88,25/09: 1.88%,投資信託契約、投資一任契約に基づく運用を目的として保有するもの。,A:賛成率低下,1,5.58,2,25/09: 5.58%
8253,株式会社クレディセゾン,ブラックロック・ファンド・アドバイザーズ(BlackRock Fund Advisors),1.16,26/06: 1.16%,純投資（投資信託等の資産運用目的）,A:賛成率低下,1,5.16,7,26/06: 5.16%
8253,株式会社クレディセゾン,"ブラックロック・インスティテューショナル・トラスト・カンパニー、エヌ．エイ．(BlackRock Institutional Trust Company, N.A.)",0.77,26/06: 0.77%,純投資（顧客および投資信託等の資産運用目的）,A:賛成率低下,1,5.16,7,26/06: 5.16%
8253,株式会社クレディセゾン,ブラックロック(ルクセンブルグ）エス・エー(BlackRock (Luxembourg) S.A.),0.68,26/06: 0.68%,純投資（顧客および投資信託等の資産運用目的）,A:賛成率低下,1,5.16,7,26/06: 5.16%
8253,株式会社クレディセゾン,ノムラ　インターナショナル　ピーエルシー（ＮＯＭＵＲＡ　ＩＮＴＥＲＮＡＴＩＯＮＡＬ　ＰＬＣ）,0.33,24/04: 0.10% → 26/06: 0.33%,証券業務に係わる商品在庫として保有している。,A:賛成率低下,2,8.99,3,24/04: 7.93% → 26/06: 8.99%
8253,株式会社クレディセゾン,ブラックロック・ファンド・マネジャーズ・リミテッド(BlackRock Fund Managers Limited),0.28,26/06: 0.28%,純投資（顧客および投資信託等の資産運用目的）,A:賛成率低下,1,5.16,7,26/06: 5.16%
8253,株式会社クレディセゾン,ブラックロック・アセット・マネジメント・アイルランド・リミテッド(BlackRock Asset Management Ireland Limited),0.25,26/06: 0.25%,純投資（顧客および投資信託等の資産運用目的）,A:賛成率低下,1,5.16,7,26/06: 5.16%
8253,株式会社クレディセゾン,ブラックロック・インベストメント・マネジメント（ユーケー）リミテッド(BlackRock Investment Management (UK) Limited),0.11,26/06: 0.11%,純投資（顧客および投資信託等の資産運用目的）,A:賛成率低下,1,5.16,7,26/06: 5.16%
8253,株式会社クレディセゾン,野村證券株式会社,0.06,24/04: 0.67% → 26/06: 0.06%,証券業務に係る商品在庫、及び累積投資業務の運営目的として保有している。,A:賛成率低下,2,8.99,3,24/04: 7.93% → 26/06: 8.99%
8253,株式会社クレディセゾン,ノムラ　セキュリテーズ　インターナショナル（ＮＯＭＵＲＡ　ＳＥＣＵＲＩＴＩＥＳ　ＩＮＴＥＲＮＡＴＩＯＮＡＬ，Ｉｎｃ．）,0.00,24/04: 0.00%,,A:賛成率低下,1,7.93,3,24/04: 7.93%
8255,アクシアル　リテイリング株式会社,原　和彦,2.99,25/12: 2.99%,安定株主として保有しております。,A:賛成率低下,1,10.91,6,25/12: 10.91%
8255,アクシアル　リテイリング株式会社,原　信博,2.60,25/12: 2.60%,安定株主として保有しております。,A:賛成率低下,1,10.91,6,25/12: 10.91%
8255,アクシアル　リテイリング株式会社,植木アセットマネジメント株式会社,2.57,25/01: 1.50% → 25/02: 2.57% → 25/05: 2.57% → 25/05: 2.57% → 26/01: 2.57% → 26/01: 2.57%,安定株主として保有しております。,A:賛成率低下,6,6.62,7,25/01: 7.38% → 25/02: 7.38% → 25/05: 7.34% → 25/05: 7.34% → 26/01: 6.62% → 26/01: 6.62%
8255,アクシアル　リテイリング株式会社,株式会社ニューサンライフ,2.50,25/01: 3.78% → 25/02: 2.71% → 25/05: 2.71% → 25/05: 2.71% → 26/01: 2.50% → 26/01: 2.50%,安定株主として保有しております。,A:賛成率低下,6,6.62,7,25/01: 7.38% → 25/02: 7.38% → 25/05: 7.34% → 25/05: 7.34% → 26/01: 6.62% → 26/01: 6.62%
8255,アクシアル　リテイリング株式会社,原和彦アセットマネジメント株式会社,2.37,25/12: 2.37%,安定株主として保有しております。,A:賛成率低下,1,10.91,6,25/12: 10.91%
8255,アクシアル　リテイリング株式会社,原　正樹,1.58,25/12: 1.58%,安定株主として保有しております。,A:賛成率低下,1,10.91,6,25/12: 10.91%
8255,アクシアル　リテイリング株式会社,原　セツ,1.37,25/12: 1.37%,安定株主として保有しております。,A:賛成率低下,1,10.91,6,25/12: 10.91%
8255,アクシアル　リテイリング株式会社,植木　威行,1.15,25/01: 1.42% → 25/02: 1.42% → 25/05: 1.39% → 25/05: 1.39% → 26/01: 1.15% → 26/01: 1.15%,安定株主として保有しております。,A:賛成率低下,6,6.62,7,25/01: 7.38% → 25/02: 7.38% → 25/05: 7.34% → 25/05: 7.34% → 26/01: 6.62% → 26/01: 6.62%
8255,アクシアル　リテイリング株式会社,植木　洋行,0.33,25/01: 0.45% → 25/02: 0.45% → 25/05: 0.44% → 25/05: 0.44% → 26/01: 0.33% → 26/01: 0.33%,安定株主として保有しております。,A:賛成率低下,6,6.62,7,25/01: 7.38% → 25/02: 7.38% → 25/05: 7.34% → 25/05: 7.34% → 26/01: 6.62% → 26/01: 6.62%
8255,アクシアル　リテイリング株式会社,植木　美保,0.04,25/01: 0.04% → 25/02: 0.04% → 25/05: 0.04% → 25/05: 0.04% → 26/01: 0.04% → 26/01: 0.04%,安定株主として保有しております。,A:賛成率低下,6,6.62,7,25/01: 7.38% → 25/02: 7.38% → 25/05: 7.34% → 25/05: 7.34% → 26/01: 6.62% → 26/01: 6.62%
8255,アクシアル　リテイリング株式会社,植木　明日香,0.03,25/01: 0.03% → 25/02: 0.03% → 25/05: 0.03% → 25/05: 0.03% → 26/01: 0.03% → 26/01: 0.03%,安定株主として保有しております。,A:賛成率低下,6,6.62,7,25/01: 7.38% → 25/02: 7.38% → 25/05: 7.34% → 25/05: 7.34% → 26/01: 6.62% → 26/01: 6.62%
8255,アクシアル　リテイリング株式会社,植木　圭子,0.00,25/01: 0.16% → 25/02: 0.16% → 25/05: 0.16% → 25/05: 0.16% → 26/01: 0.00% → 26/01: 0.00%,安定株主として保有しております。,A:賛成率低下,6,6.62,7,25/01: 7.38% → 25/02: 7.38% → 25/05: 7.34% → 25/05: 7.34% → 26/01: 6.62% → 26/01: 6.62%
8255,アクシアル　リテイリング株式会社,植木　信行,0.00,25/01: 0.00%,該当事項はありません。,A:賛成率低下,1,7.38,9,25/01: 7.38%
8255,アクシアル　リテイリング株式会社,植木　妃文,0.00,25/01: 0.00%,該当事項はありません。,A:賛成率低下,1,7.38,9,25/01: 7.38%
8255,アクシアル　リテイリング株式会社,原信博事務所株式会社,0.00,25/12: 0.00%,該当事項はありません。,A:賛成率低下,1,10.91,6,25/12: 10.91%
8291,日産東京販売ホールディングス株式会社,ニッポン・アクティブ・バリュー・ファンド（NIPPON ACTIVE VALUE FUND PLC）,4.80,25/03: 3.33% → 25/06: 3.33% → 26/01: 3.72% → 26/03: 3.77% → 26/03: 4.01% → 26/04: 4.17% → 26/05: 4.80% → 26/07: 4.80%,投資及び経営陣に対する経営の助言並びに状況に応じて重要提案行為等を行うこと。特に、ニッポン・アクティブ・バリュー・ファンドは、発行会社の財務的健全性及び市場での地位が株価に反映されていないと考えており、全ての株主のために株式価値を高めるための方法を話し合うことを目的とし、発行会社の経営陣に対して対話を要求する場合がある。提出者は、2026年4月17日付で、同年6月開催予定の発行者の定時株主総会に向け、①自己株式取得の件、②社外取締役の員数に関する定款変更の件、③譲渡制限株式報酬制度に関する報酬額承認の件、④定時株主総会の基準日に関する定款変更の件、の4議案から成る株主提案を行った。提出者は、2025年12月に発行者を含むすべての投資先に対して書簡を送付し、資本コストや株価を意識した経営の高度な実践、譲渡制限付株式報酬の実施と株式保有ガイドラインの整備の推奨、取締役会の独立性確保といった事項に加え、企業価値と株主共通の利益の観点から、非公開化やスピンオフを含むすべての経営 戦略オプションを予断なく検証することを提案し、書簡の内容をウェブサイト上で公表した（https://0f150b20-1256-4ec7-bae7-55db80a2a0d7.usrfiles.com/ugd/5612ae_aa96dbd8c986429eaf45884b299f09d7.pdf [0f150b20-1256-4ec7-bae7-55db80a2a0d7.usrfiles.com]）。今後も当書簡の趣旨に沿って発行者との対話を進めていく予定であり、対話の状況によっては、これらの事項についてさらなる提案を行う可能性がある。,A:賛成率低下,8,7.65,3,25/03: 5.02% → 25/06: 6.06% → 26/01: 7.29% → 26/03: 6.49% → 26/03: 6.70% → 26/04: 6.59% → 26/05: 7.65% → 26/07: 7.65%
8291,日産東京販売ホールディングス株式会社,東京海上日動火災保険株式会社,2.78,24/12: 2.78%,株式を保有することにより、主として取引関係の強化を図る。,A:賛成率低下,1,2.78,1,24/12: 2.78%
8291,日産東京販売ホールディングス株式会社,エヌエーブイエフ・セレクト・マスター・ファンド・エルピー（NAVF Select (Master) Fund LP）,2.67,26/04: 2.41% → 26/05: 2.67% → 26/07: 2.67%,投資及び経営陣に対する経営の助言並びに状況に応じて重要提案行為等を行うこと。特に、エヌエーブイエフ・セレクト・マスター・ファンド・エルピーは、発行会社の財務的健全性及び市場での地位が株価に反映されていないと考えており、全ての株主のために株式価値を高めるための方法を話し合うことを目的とし、発行会社の経営陣に対して対話を要求する場合がある。提出者は、2025年12月に発行者を含むすべての投資先に対して書簡を送付し、資本コストや株価を意識した経営の高度な実践、譲渡制限付株式報酬の実施と株式保有ガイドラインの整備の推奨、取締役会の独立性確保といった事項に加え、企業価値と株主共通の利益の観点から、非公開化やスピンオフを含むすべての経営 戦略オプションを予断なく検証することを提案し、書簡の内容をウェブサイト上で公表した（https://0f150b20-1256-4ec7-bae7-55db80a2a0d7.usrfiles.com/ugd/5612ae_aa96dbd8c986429eaf45884b299f09d7.pdf [0f150b20-1256-4ec7-bae7-55db80a2a0d7.usrfiles.com]）。今後も当書簡の趣旨に沿って発行者との対話を進めていく予定であり、対話の状況によっては、これらの事項についてさらなる提案を行う可能性がある。,A:賛成率低下,3,7.65,3,26/04: 6.59% → 26/05: 7.65% → 26/07: 7.65%
8291,日産東京販売ホールディングス株式会社,三井住友海上火災保険株式会社,2.17,24/12: 2.17%,保険取引を主とした総合的な取引関係の維持・強化を目的に保有,A:賛成率低下,1,2.17,1,24/12: 2.17%
8291,日産東京販売ホールディングス株式会社,エヌエーブイエフ・セレクト・エルエルシー（NAVF Select LLC）,1.71,25/03: 0.45% → 25/06: 0.45% → 26/01: 0.51% → 26/03: 0.71% → 26/03: 1.71%,投資及び経営陣に対する経営の助言並びに状況に応じて重要提案行為等を行うこと。特に、エヌエーブイエフ・セレクト・エルエルシーは、発行会社の財務的健全性及び市場での地位が株価に反映されていないと考えており、全ての株主のために株式価値を高めるための方法を話し合うことを目的とし、発行会社の経営陣に対して対話を要求する場合がある。,A:賛成率低下,5,6.70,3,25/03: 5.02% → 25/06: 6.06% → 26/01: 7.29% → 26/03: 6.49% → 26/03: 6.70%
8291,日産東京販売ホールディングス株式会社,損害保険ジャパン株式会社,1.37,24/12: 5.52% → 25/01: 1.37%,政策投資（営業上の取引関係の維持・強化を目的）として保有,A:賛成率低下,2,1.37,1,24/12: 5.52% → 25/01: 1.37%
8291,日産東京販売ホールディングス株式会社,"ダルトン・インベストメンツ・インク（Dalton Investments, Inc.）",0.18,25/03: 1.24% → 25/06: 2.29% → 26/01: 3.06% → 26/03: 2.01% → 26/03: 0.98% → 26/04: 0.00% → 26/05: 0.18% → 26/07: 0.18%,提出者は、発行者の株価が過小評価されており魅力的な投資機会であると考えて、発行者の株式を取得し長期的に保有する。提出者は、発行者の財務状況、戦略的決定、取締役会の決定、株価水準、他の投資機会、投資ポートフォリオの集中と分散に関する内部ガイドライン、株式市場の状況、全般的な経済・産業動向などの様々な状況に応じて、発行者の株式や関連金融商品の追加取得、若しくはその全部または一部の売却、その他提出者が適切と考えるあらゆる措置を採る可能性がある。更に提出者は、過小評価されていると提出者が考える発行者の株価および株主価値の向上のため、発行者、その役員・取締役、他の株主等との間で、発行者のコーポレートガバナンス、取締役会の構成、経営、事業、財務状況及び戦略に関して、建設的な対話を行うことを求めていく可能性がある。提出者は、2025年12月に発行者を含むすべての投資先に対して書簡を送付し、資本コストや株価を意識した経営の高度な実践、譲渡制限付株式報酬の実施と株式保有ガイドラインの整備の推奨、取締役会の独立性確保といった事項に加え、企業価値と株主共通の利益の観点から、非公開化やスピンオフを含むすべての経営 戦略オプションを予断なく検証することを提案し、書簡の内容をウェブサイト上で公表した（https://0f150b20-1256-4ec7-bae7-55db80a2a0d7.usrfiles.com/ugd/5612ae_aa96dbd8c986429eaf45884b299f09d7.pdf [0f150b20-1256-4ec7-bae7-55db80a2a0d7.usrfiles.com]）。今後も当書簡の趣旨に沿って発行者との対話を進めていく予定であり、対話の状況によっては、これらの事項についてさらなる提案を行う可能性がある。,A:賛成率低下,8,7.65,3,25/03: 5.02% → 25/06: 6.06% → 26/01: 7.29% → 26/03: 6.49% → 26/03: 6.70% → 26/04: 6.59% → 26/05: 7.65% → 26/07: 7.65%
8316,株式会社三井住友フィナンシャルグループ,三井住友トラスト・アセットマネジメント株式会社,3.28,25/09: 3.28%,投資信託契約、投資一任契約に基づく運用を目的として保有するもの。,C:会社提案否決,1,5.36,2,25/09: 5.36%
8316,株式会社三井住友フィナンシャルグループ,ブラックロック・ジャパン株式会社,2.18,24/02: 2.18%,純投資（投資一任契約に基づく顧客の資産運用および投資信託約款に基づく資産運用目的）,C:会社提案否決,1,7.54,13,24/02: 7.54%
8316,株式会社三井住友フィナンシャルグループ,アモーヴァ・アセットマネジメント株式会社,2.07,25/09: 2.07%,証券投資信託及び投資一任契約において、株券等の取得・処分の権限を有するもの。,C:会社提案否決,1,5.36,2,25/09: 5.36%
8316,株式会社三井住友フィナンシャルグループ,ブラックロック・ファンド・アドバイザーズ(BlackRock Fund Advisors),1.86,24/02: 1.86%,純投資（投資信託等の資産運用目的）,C:会社提案否決,1,7.54,13,24/02: 7.54%
8316,株式会社三井住友フィナンシャルグループ,"ブラックロック・インスティテューショナル・トラスト・カンパニー、エヌ．エイ．(BlackRock Institutional Trust Company, N.A.)",1.41,24/02: 1.41%,純投資（顧客および投資信託等の資産運用目的）,C:会社提案否決,1,7.54,13,24/02: 7.54%
8316,株式会社三井住友フィナンシャルグループ,ブラックロック・アセット・マネジメント・アイルランド・リミテッド(BlackRock Asset Management Ireland Limited),0.78,24/02: 0.78%,純投資（顧客および投資信託等の資産運用目的）,C:会社提案否決,1,7.54,13,24/02: 7.54%
8316,株式会社三井住友フィナンシャルグループ,ブラックロック・ファンド・マネジャーズ・リミテッド(BlackRock Fund Managers Limited),0.25,24/02: 0.25%,純投資（顧客および投資信託等の資産運用目的）,C:会社提案否決,1,7.54,13,24/02: 7.54%
8316,株式会社三井住友フィナンシャルグループ,ブラックロック（ネザーランド）BV(BlackRock (Netherlands) BV),0.20,24/02: 0.20%,純投資（顧客および投資信託等の資産運用目的）,C:会社提案否決,1,7.54,13,24/02: 7.54%
8316,株式会社三井住友フィナンシャルグループ,"ブラックロック・フィナンシャル・マネジメント・インク(BlackRock Financial Management, Inc.)",0.14,24/02: 0.14%,純投資（顧客および投資信託等の資産運用目的）,C:会社提案否決,1,7.54,13,24/02: 7.54%
8316,株式会社三井住友フィナンシャルグループ,ブラックロック・インベストメント・マネジメント（ユーケー）リミテッド(BlackRock Investment Management (UK) Limited),0.14,24/02: 0.14%,純投資（顧客および投資信託等の資産運用目的）,C:会社提案否決,1,7.54,13,24/02: 7.54%
8316,株式会社三井住友フィナンシャルグループ,"アペリオ・グループ・エルエルシー(Aperio Group, LLC)",0.12,24/02: 0.12%,純投資（顧客および投資信託等の資産運用目的）,C:会社提案否決,1,7.54,13,24/02: 7.54%
8316,株式会社三井住友フィナンシャルグループ,"ブラックロック・アドバイザーズ・エルエルシー(BlackRock Advisers, LLC)",0.12,24/02: 0.12%,純投資（顧客および投資信託等の資産運用目的）,C:会社提案否決,1,7.54,13,24/02: 7.54%
8316,株式会社三井住友フィナンシャルグループ,ブラックロック・インベストメント・マネジメント・エルエルシー(BlackRock Investment Management LLC),0.12,24/02: 0.12%,純投資（顧客および投資信託等の資産運用目的）,C:会社提案否決,1,7.54,13,24/02: 7.54%
8316,株式会社三井住友フィナンシャルグループ,ブラックロック・アセット・マネジメント・カナダ・リミテッド(BlackRock Asset Management Canada Limited),0.11,24/02: 0.11%,純投資（顧客および投資信託等の資産運用目的）,C:会社提案否決,1,7.54,13,24/02: 7.54%
8316,株式会社三井住友フィナンシャルグループ,ブラックロック・インベストメント・マネジメント （オーストラリア）リミテッド(BlackRock Investment Management (Australia) Limited),0.10,24/02: 0.10%,純投資（顧客および投資信託等の資産運用目的）,C:会社提案否決,1,7.54,13,24/02: 7.54%
8358,スルガ銀行株式会社,株式会社クレディセゾン,14.93,25/05: 17.80% → 25/06: 17.80% → 25/06: 17.80% → 25/07: 14.93%,発行者との資本業務提携を目的とした政策投資（発行者への役員の派遣を含む。）,C:会社提案否決,4,14.93,1,25/05: 17.80% → 25/06: 17.80% → 25/06: 17.80% → 25/07: 14.93%
8358,スルガ銀行株式会社,"インダス・キャピタル・パートナーズ・エル・エル・シー(Indus Capital Partners, LLC)",11.08,24/06: 5.95% → 24/07: 7.44% → 24/12: 8.89% → 26/07: 11.08%,純投資（ファンド運用）,C:会社提案否決,4,11.08,1,24/06: 5.95% → 24/07: 7.44% → 24/12: 8.89% → 26/07: 11.08%
8358,スルガ銀行株式会社,ありあけキャピタル株式会社,4.48,24/02: 4.58% → 24/05: 5.54% → 25/08: 4.48%,純投資（投資一任契約に基づく運用を目的としている。）及び状況に応じて経営陣への助言、重要提案行為等を行うこと。,C:会社提案否決,3,4.48,1,24/02: 4.58% → 24/05: 5.54% → 25/08: 4.48%
8358,スルガ銀行株式会社,三井住友トラスト・アセットマネジメント株式会社,1.95,24/01: 2.06% → 24/02: 2.04% → 24/02: 2.01% → 24/03: 1.95%,投資信託契約、投資一任契約に基づく運用を目的として保有するもの。,C:会社提案否決,4,3.03,2,24/01: 3.12% → 24/02: 5.08% → 24/02: 6.12% → 24/03: 3.03%
8358,スルガ銀行株式会社,日興アセットマネジメント株式会社,1.07,24/01: 1.07% → 24/02: 1.07% → 24/02: 1.07% → 24/03: 1.07%,証券投資信託及び投資一任契約において、株券等の取得・処分の権限を有するもの。,C:会社提案否決,4,3.03,2,24/01: 3.12% → 24/02: 5.08% → 24/02: 6.12% → 24/03: 3.03%
8358,スルガ銀行株式会社,三井住友信託銀行株式会社,0.00,24/01: 0.00% → 24/02: 1.97% → 24/02: 3.04% → 24/03: 0.00%,,C:会社提案否決,4,3.03,2,24/01: 3.12% → 24/02: 5.08% → 24/02: 6.12% → 24/03: 3.03%
8411,株式会社みずほフィナンシャルグループ,野村アセットマネジメント株式会社,4.97,26/05: 4.97%,信託財産の運用として保有している。,A:賛成率低下,1,5.08,2,26/05: 5.08%
8411,株式会社みずほフィナンシャルグループ,三井住友トラスト・アセットマネジメント株式会社,3.24,24/06: 3.24% → 25/09: 3.24%,投資信託契約、投資一任契約に基づく運用を目的として保有するもの。,A:賛成率低下,2,5.21,2,24/06: 5.32% → 25/09: 5.21%
8411,株式会社みずほフィナンシャルグループ,日興アセットマネジメント株式会社,2.08,24/06: 2.08%,証券投資信託及び投資一任契約において、株券等の取得・処分の権限を有するもの。,A:賛成率低下,1,5.32,2,24/06: 5.32%
8411,株式会社みずほフィナンシャルグループ,アモーヴァ・アセットマネジメント株式会社,1.97,25/09: 1.97%,証券投資信託及び投資一任契約において、株券等の取得・処分の権限を有するもの。,A:賛成率低下,1,5.21,2,25/09: 5.21%
8411,株式会社みずほフィナンシャルグループ,野村證券株式会社,0.11,26/05: 0.11%,証券業務に係る商品在庫、及び累積投資業務の運営目的として保有している。,A:賛成率低下,1,5.08,2,26/05: 5.08%
8473,ＳＢＩホールディングス株式会社,株式会社　三井住友フィナンシャルグループ,8.91,24/04: 8.94% → 25/05: 8.91%,資本業務提携のため,A:賛成率低下,2,9.34,3,24/04: 10.41% → 25/05: 9.34%
8473,ＳＢＩホールディングス株式会社,NTT株式会社,8.18,25/07: 8.18%,提出者が発行者に出資して、両者が事業上の連携を行うことで、両者の事業上のシナジーを実現させ、両者の企業価値および株主価値の最大化を図る,A:賛成率低下,1,8.18,1,25/07: 8.18%
8473,ＳＢＩホールディングス株式会社,野村アセットマネジメント株式会社,4.13,24/03: 4.15% → 24/03: 4.58% → 24/04: 4.61% → 24/05: 4.58% → 24/07: 4.47% → 24/08: 4.57% → 24/10: 4.42% → 25/08: 4.00% → 25/10: 4.11% → 26/02: 4.13%,信託財産の運用として保有している。,A:賛成率低下,10,5.33,3,24/03: 7.44% → 24/03: 6.86% → 24/04: 6.74% → 24/05: 5.98% → 24/07: 5.36% → 24/08: 6.23% → 24/10: 5.94% → 25/08: 4.76% → 25/10: 5.10% → 26/02: 5.33%
8473,ＳＢＩホールディングス株式会社,ベイリー・ギフォード・オーバーシーズ・リミテッド(Baillie Gifford Overseas Limited),3.07,24/06: 4.82% → 24/11: 4.15% → 25/06: 3.58% → 25/12: 3.07%,投資一任契約に基づき、顧客資産で本件株式を保有している。,A:賛成率低下,4,4.26,2,24/06: 7.56% → 24/11: 6.31% → 25/06: 5.30% → 25/12: 4.26%
8473,ＳＢＩホールディングス株式会社,日興アセットマネジメント株式会社,2.72,24/06: 2.72%,証券投資信託及び投資一任契約において、株券等の取得・処分の権限を有するもの。,A:賛成率低下,1,5.57,2,24/06: 5.57%
8473,ＳＢＩホールディングス株式会社,三井住友トラスト・アセットマネジメント株式会社,2.57,24/06: 2.85% → 25/09: 2.57%,投資信託契約、投資一任契約に基づく運用を目的として保有するもの。,A:賛成率低下,2,5.03,2,24/06: 5.57% → 25/09: 5.03%
8473,ＳＢＩホールディングス株式会社,アモーヴァ・アセットマネジメント株式会社,2.46,25/09: 2.46%,証券投資信託及び投資一任契約において、株券等の取得・処分の権限を有するもの。,A:賛成率低下,1,5.03,2,25/09: 5.03%
8473,ＳＢＩホールディングス株式会社,ブラックロック・ファンド・アドバイザーズ,1.87,26/05: 1.87%,純投資（投資信託等の資産運用目的）,A:賛成率低下,1,6.47,8,26/05: 6.47%
8473,ＳＢＩホールディングス株式会社,ブラックロック・ジャパン株式会社,1.84,26/05: 1.84%,純投資（投資一任契約に基づく顧客の資産運用および投資信託約款に基づく資産運用目的）,A:賛成率低下,1,6.47,8,26/05: 6.47%
8473,ＳＢＩホールディングス株式会社,ベイリー・ギフォード・アンド・カンパニー(Baillie Gifford & Co),1.19,24/06: 2.74% → 24/11: 2.16% → 25/06: 1.72% → 25/12: 1.19%,投資一任契約に基づき、顧客資産で本件株式を保有している。,A:賛成率低下,4,4.26,2,24/06: 7.56% → 24/11: 6.31% → 25/06: 5.30% → 25/12: 4.26%
8473,ＳＢＩホールディングス株式会社,ブラックロック・インスティテューショナル・トラスト・カンパニー、エヌ．エイ．,1.16,26/05: 1.16%,純投資（顧客および投資信託等の資産運用目的）,A:賛成率低下,1,6.47,8,26/05: 6.47%
8473,ＳＢＩホールディングス株式会社,ブラックロック・アセット・マネジメント・アイルランド・リミテッド,0.87,26/05: 0.87%,純投資（顧客および投資信託等の資産運用目的）,A:賛成率低下,1,6.47,8,26/05: 6.47%
8473,ＳＢＩホールディングス株式会社,ノムラ　インターナショナル　ピーエルシー（ＮＯＭＵＲＡ　ＩＮＴＥＲＮＡＴＩＯＮＡＬ　ＰＬＣ）,0.72,24/03: 0.20% → 24/03: 2.39% → 24/04: -0.03% → 24/05: -0.15% → 24/07: 0.73% → 24/08: 1.19% → 24/10: 0.17% → 25/08: 0.27% → 25/10: 0.50% → 26/02: 0.72%,証券業務に係わる商品在庫として保有している。,A:賛成率低下,10,5.33,3,24/03: 7.44% → 24/03: 6.86% → 24/04: 6.74% → 24/05: 5.98% → 24/07: 5.36% → 24/08: 6.23% → 24/10: 5.94% → 25/08: 4.76% → 25/10: 5.10% → 26/02: 5.33%
8473,ＳＢＩホールディングス株式会社,野村證券株式会社,0.56,24/03: 3.50% → 24/03: -0.01% → 24/04: 2.17% → 24/05: 1.55% → 24/07: 0.17% → 24/08: 0.55% → 24/10: 1.43% → 25/08: 0.55% → 25/10: 0.56% → 26/02: 0.56%,証券業務に係る商品在庫として保有している。,A:賛成率低下,10,5.33,3,24/03: 7.44% → 24/03: 6.86% → 24/04: 6.74% → 24/05: 5.98% → 24/07: 5.36% → 24/08: 6.23% → 24/10: 5.94% → 25/08: 4.76% → 25/10: 5.10% → 26/02: 5.33%
8473,ＳＢＩホールディングス株式会社,三井住友ＤＳアセットマネジメント株式会社,0.26,24/04: 1.20% → 25/05: 0.26%,純投資（投資収益性を重視して行う投資）,A:賛成率低下,2,9.34,3,24/04: 10.41% → 25/05: 9.34%
8473,ＳＢＩホールディングス株式会社,ＢｌａｃｋＲｏｃｋ（Ｎｅｔｈｅｒｌａｎｄｓ）ＢＶ,0.23,26/05: 0.23%,純投資（顧客および投資信託等の資産運用目的）,A:賛成率低下,1,6.47,8,26/05: 6.47%
8473,ＳＢＩホールディングス株式会社,ＢｌａｃｋＲｏｃｋ　Ｆｕｎｄ　Ｍａｎａｇｅｒｓ　Ｌｉｍｉｔｅｄ,0.21,26/05: 0.21%,純投資（顧客および投資信託等の資産運用目的）,A:賛成率低下,1,6.47,8,26/05: 6.47%
8473,ＳＢＩホールディングス株式会社,ＢｌａｃｋＲｏｃｋ　Ｉｎｖｅｓｔｍｅｎｔ　Ｍａｎａｇｅｍｅｎｔ（ＵＫ）Ｌｉｍｉｔｅｄ,0.19,26/05: 0.19%,純投資（顧客および投資信託等の資産運用目的）,A:賛成率低下,1,6.47,8,26/05: 6.47%
8473,ＳＢＩホールディングス株式会社,ＳＭＢＣ日興証券株式会社,0.18,24/04: 0.27% → 25/05: 0.18%,証券業務に係る一時保有のため,A:賛成率低下,2,9.34,3,24/04: 10.41% → 25/05: 9.34%
8473,ＳＢＩホールディングス株式会社,ブラックロック・アドバイザーズ・エルエルシー,0.10,26/05: 0.10%,純投資（顧客および投資信託等の資産運用目的）,A:賛成率低下,1,6.47,8,26/05: 6.47%
8473,ＳＢＩホールディングス株式会社,ＢｌａｃｋＲｏｃｋ　Ｆｉｎａｎｃｉａｌ　Ｍａｎａｇｅｍｅｎｔ，Ｉｎｃ．,0.04,26/05: 0.04%,純投資（顧客および投資信託等の資産運用目的）,A:賛成率低下,1,6.47,8,26/05: 6.47%
8473,ＳＢＩホールディングス株式会社,ノムラ　セキュリテーズ　インターナショナル（ＮＯＭＵＲＡ　ＳＥＣＵＲＩＴＩＥＳ　ＩＮＴＥＲＮＡＴＩＯＮＡＬ，Ｉｎｃ．）,0.00,24/07: 0.00% → 24/08: 0.00% → 24/10: 0.00%,,A:賛成率低下,3,5.94,3,24/07: 5.36% → 24/08: 6.23% → 24/10: 5.94%
8542,株式会社トマト銀行,預金保険機構,4.19,25/04: 4.19%,１．特別公的管理銀行であった株式会社日本長期信用銀行（現株式会社新生銀行）の発行株式をニュー・LTCBパートナーズ・CVに譲渡し、同行の特別公的管理を終了したが、当該株式譲渡の一環として、同行が保有する株式を預金保険機構が買取り、その後、発行会社の経営統合により、本株式となっているもの。２．特別公的管理銀行である株式会社日本債券信用銀行（現株式会社あおぞら銀行)の発行株式をソフトバンク株式会社、オリックス株式会社、東京海上火災保険株式会社及びその他の金融機関等に譲渡し、同行の特別公的管理を終了したが、当該株式譲渡の一環として、同行が保有する株式を預金保険機構が買取り、その後、発行会社の経営統合により、本株式となっているもの。,A:賛成率低下 + C:会社提案否決,1,4.19,1,25/04: 4.19%
8542,株式会社トマト銀行,株式会社みずほ銀行,2.84,25/06: 2.84% → 25/07: 2.84% → 25/08: 2.84%,発行会社の要請に応え、かつ発行会社との取引関係の強化を図るもの。,A:賛成率低下 + C:会社提案否決,3,4.47,2,25/06: 7.23% → 25/07: 5.65% → 25/08: 4.47%
8542,株式会社トマト銀行,みずほ証券 株式会社,1.63,25/06: 4.39% → 25/07: 2.81% → 25/08: 1.63%,政策投資目的にて保有するもの。ディーリング(短期売買)目的で保有するもの。レンディングその他取引に基づく一時的保有。,A:賛成率低下 + C:会社提案否決,3,4.47,2,25/06: 7.23% → 25/07: 5.65% → 25/08: 4.47%
8542,株式会社トマト銀行,三井住友信託銀行株式会社,1.58,24/09: 1.58% → 24/11: 1.58% → 25/06: 1.58%,政策投資として保有するもの。,A:賛成率低下 + C:会社提案否決,3,1.58,1,24/09: 7.22% → 24/11: 6.18% → 25/06: 1.58%
8542,株式会社トマト銀行,日興アセットマネジメント株式会社,0.10,24/09: 0.18% → 24/11: 0.10%,証券投資信託及び投資一任契約において、株券等の取得・処分の権限を有するもの。,A:賛成率低下 + C:会社提案否決,2,6.18,2,24/09: 7.22% → 24/11: 6.18%
8542,株式会社トマト銀行,三井住友トラスト・アセットマネジメント株式会社,0.00,24/09: 5.46% → 24/11: 4.61% → 25/06: 0.00%,,A:賛成率低下 + C:会社提案否決,3,1.58,1,24/09: 7.22% → 24/11: 6.18% → 25/06: 1.58%
8559,株式会社豊和銀行,株式会社　整理回収機構,7.80,24/08: 12.96% → 24/08: 12.96% → 25/08: 7.80% → 25/09: 7.80%,金融機関の資本の増強を図るため、「金融機能の強化のための特例措置に関する法律」に基づき金融機関の発行する優先株式を引受けたもの。,A:賛成率低下,4,7.80,2,24/08: 15.69% → 24/08: 15.69% → 25/08: 10.66% → 25/09: 7.80%
8559,株式会社豊和銀行,株式会社ＳＢＩ証券,5.29,26/08: 5.29%,証券業務に係る商品在庫として保有している。,A:賛成率低下,1,5.29,1,26/08: 5.29%
8559,株式会社豊和銀行,預金保険機構,0.00,24/08: 2.73% → 24/08: 2.73% → 25/08: 2.86% → 25/09: 0.00%,該当なし,A:賛成率低下,4,7.80,2,24/08: 15.69% → 24/08: 15.69% → 25/08: 10.66% → 25/09: 7.80%
8585,株式会社オリエントコーポレーション,株式会社みずほ銀行,33.70,24/06: 48.66% → 26/05: 48.66% → 26/06: 33.70%,・発行会社の要請に応え、かつ発行会社との取引関係の強化を図るもの・グループ戦略の一環として保有するもの,C:会社提案否決,3,35.04,3,24/06: 50.07% → 26/05: 49.99% → 26/06: 35.04%
8585,株式会社オリエントコーポレーション,ムニノバホールディングス株式会社,14.96,26/06: 14.96% → 26/06: 14.96%,発行者との資本提携及び業務提携を目的として保有,C:会社提案否決,2,14.96,1,26/06: 14.96% → 26/06: 14.96%
8585,株式会社オリエントコーポレーション,株式会社ストラテジックキャピタル,12.80,25/07: 5.23% → 25/07: 6.26% → 25/08: 7.28% → 25/11: 8.34% → 26/01: 9.36% → 26/01: 9.63% → 26/02: 10.52% → 26/02: 10.77% → 26/03: 11.78% → 26/06: 12.80%,株主価値向上のために発行者との建設的対話及び発行者への重要提案行為等を行うこと、並びに純投資。 重要提案行為等：当該目的を達成するため、上場廃止（第三者による買収）の重要提案行為等を行っております。,C:会社提案否決,10,12.80,1,25/07: 5.23% → 25/07: 6.26% → 25/08: 7.28% → 25/11: 8.34% → 26/01: 9.36% → 26/01: 9.63% → 26/02: 10.52% → 26/02: 10.77% → 26/03: 11.78% → 26/06: 12.80%
8585,株式会社オリエントコーポレーション,伊藤忠商事株式会社,4.55,25/03: 10.54% → 25/08: 4.55%,政策投資,C:会社提案否決,2,4.55,1,25/03: 10.54% → 25/08: 4.55%
8585,株式会社オリエントコーポレーション,銀行等保有株式取得機構,4.37,24/02: 4.37%,「銀行等の株式等の保有の制限等に関する法律」に基づく買取りに伴う保有,C:会社提案否決,1,4.37,1,24/02: 4.37%
8585,株式会社オリエントコーポレーション,アセットマネジメントOne株式会社,0.89,24/06: 0.76% → 26/05: 0.88% → 26/06: 0.89%,・投資信託または投資一任契約に基づき投資権限を有するもの,C:会社提案否決,3,35.04,3,24/06: 50.07% → 26/05: 49.99% → 26/06: 35.04%
8585,株式会社オリエントコーポレーション,みずほ信託銀行株式会社,0.45,24/06: 0.43% → 26/05: 0.45% → 26/06: 0.45%,・発行会社の要請に応え、かつ発行会社との取引関係の強化を図るもの・信託財産として運用その他の信託目的に従い保有するもの・グループ戦略の一環として保有するもの,C:会社提案否決,3,35.04,3,24/06: 50.07% → 26/05: 49.99% → 26/06: 35.04%
8585,株式会社オリエントコーポレーション,みずほリサーチ&テクノロジーズ株式会社,0.00,24/06: 0.22% → 26/05: 0.00%,,C:会社提案否決,2,49.99,3,24/06: 50.07% → 26/05: 49.99%
8604,野村ホールディングス株式会社,三井住友トラスト・アセットマネジメント株式会社,3.12,24/10: 3.13% → 25/03: 3.08% → 25/04: 3.08% → 25/09: 3.12%,投資信託契約、投資一任契約に基づく運用を目的として保有するもの。,C:会社提案否決,4,5.23,2,24/10: 5.16% → 25/03: 5.16% → 25/04: 5.19% → 25/09: 5.23%
8604,野村ホールディングス株式会社,ブラックロック・ジャパン株式会社,2.18,24/10: 2.18%,純投資（投資一任契約に基づく顧客の資産運用および投資信託約款に基づく資産運用目的）,C:会社提案否決,1,8.47,12,24/10: 8.47%
8604,野村ホールディングス株式会社,日興アセットマネジメント株式会社,2.11,24/10: 2.03% → 25/03: 2.08% → 25/04: 2.11%,証券投資信託及び投資一任契約において、株券等の取得・処分の権限を有するもの。,C:会社提案否決,3,5.19,2,24/10: 5.16% → 25/03: 5.16% → 25/04: 5.19%
8604,野村ホールディングス株式会社,アモーヴァ・アセットマネジメント株式会社,2.11,25/09: 2.11%,証券投資信託及び投資一任契約において、株券等の取得・処分の権限を有するもの。,C:会社提案否決,1,5.23,2,25/09: 5.23%
8604,野村ホールディングス株式会社,ブラックロック・ファンド・アドバイザーズ(BlackRock Fund Advisors),1.88,24/10: 1.88%,純投資（投資信託等の資産運用目的）,C:会社提案否決,1,8.47,12,24/10: 8.47%
8604,野村ホールディングス株式会社,"ブラックロック・インスティテューショナル・トラスト・カンパニー、エヌ．エイ．(BlackRock Institutional Trust Company, N.A.)",1.41,24/10: 1.41%,純投資（顧客および投資信託等の資産運用目的）,C:会社提案否決,1,8.47,12,24/10: 8.47%
8604,野村ホールディングス株式会社,ブラックロック・ファンド・マネジャーズ・リミテッド(BlackRock Fund Managers Limited),0.89,24/10: 0.89%,純投資（顧客および投資信託等の資産運用目的）,C:会社提案否決,1,8.47,12,24/10: 8.47%
8604,野村ホールディングス株式会社,ブラックロック・アセット・マネジメント・アイルランド・リミテッド(BlackRock Asset Management Ireland Limited),0.75,24/10: 0.75%,純投資（顧客および投資信託等の資産運用目的）,C:会社提案否決,1,8.47,12,24/10: 8.47%
8604,野村ホールディングス株式会社,ブラックロック（ネザーランド）BV(BlackRock (Netherlands) BV),0.35,24/10: 0.35%,純投資（顧客および投資信託等の資産運用目的）,C:会社提案否決,1,8.47,12,24/10: 8.47%
8604,野村ホールディングス株式会社,ブラックロック・インベストメント・マネジメント（ユーケー）リミテッド(BlackRock Investment Management (UK) Limited),0.23,24/10: 0.23%,純投資（顧客および投資信託等の資産運用目的）,C:会社提案否決,1,8.47,12,24/10: 8.47%
8604,野村ホールディングス株式会社,"ブラックロック・フィナンシャル・マネジメント・インク(BlackRock Financial Management, Inc.)",0.21,24/10: 0.21%,純投資（顧客および投資信託等の資産運用目的）,C:会社提案否決,1,8.47,12,24/10: 8.47%
8604,野村ホールディングス株式会社,ブラックロック・アセット・マネジメント・カナダ・リミテッド(BlackRock Asset Management Canada Limited),0.17,24/10: 0.17%,純投資（顧客および投資信託等の資産運用目的）,C:会社提案否決,1,8.47,12,24/10: 8.47%
8604,野村ホールディングス株式会社,"アペリオ・グループ・エルエルシー(Aperio Group, LLC)",0.15,24/10: 0.15%,純投資（顧客および投資信託等の資産運用目的）,C:会社提案否決,1,8.47,12,24/10: 8.47%
8604,野村ホールディングス株式会社,"ブラックロック・アドバイザーズ・エルエルシー(BlackRock Advisers, LLC)",0.13,24/10: 0.13%,純投資（顧客および投資信託等の資産運用目的）,C:会社提案否決,1,8.47,12,24/10: 8.47%
8604,野村ホールディングス株式会社,ブラックロック・インベストメント・マネジメント （オーストラリア）リミテッド(BlackRock Investment Management (Australia) Limited),0.12,24/10: 0.12%,純投資（顧客および投資信託等の資産運用目的）,C:会社提案否決,1,8.47,12,24/10: 8.47%
8604,野村ホールディングス株式会社,ブラックロック・インベストメント・マネジメント・エルエルシー(BlackRock Investment Management LLC),0.09,24/10: 0.09%,純投資（顧客および投資信託等の資産運用目的）,C:会社提案否決,1,8.47,12,24/10: 8.47%
8613,丸三証券株式会社,三井住友トラスト・アセットマネジメント株式会社,2.61,24/03: 3.68% → 24/06: 2.61%,投資信託契約、投資一任契約に基づく運用を目的として保有するもの。,A:賛成率低下,2,4.05,2,24/03: 5.08% → 24/06: 4.05%
8613,丸三証券株式会社,日興アセットマネジメント株式会社,1.44,24/03: 1.40% → 24/06: 1.44%,証券投資信託及び投資一任契約において、株券等の取得・処分の権限を有するもの。,A:賛成率低下,2,4.05,2,24/03: 5.08% → 24/06: 4.05%
8616,東海東京フィナンシャル・ホールディングス株式会社,株式会社三菱ＵＦＪ銀行,3.96,24/06: 3.96% → 24/07: 3.96%,政策投資,A:賛成率低下 + C:会社提案否決,2,6.10,3,24/06: 6.22% → 24/07: 6.10%
8616,東海東京フィナンシャル・ホールディングス株式会社,三井住友トラスト・アセットマネジメント株式会社,2.16,25/09: 2.16%,投資信託契約、投資一任契約に基づく運用を目的として保有するもの。,A:賛成率低下 + C:会社提案否決,1,5.38,3,25/09: 5.38%
8616,東海東京フィナンシャル・ホールディングス株式会社,三井住友信託銀行株式会社,1.86,25/09: 1.86%,政策投資として保有するもの。,A:賛成率低下 + C:会社提案否決,1,5.38,3,25/09: 5.38%
8616,東海東京フィナンシャル・ホールディングス株式会社,三菱ＵＦＪ信託銀行株式会社,1.59,24/06: 1.71% → 24/07: 1.59%,純投資,A:賛成率低下 + C:会社提案否決,2,6.10,3,24/06: 6.22% → 24/07: 6.10%
8616,東海東京フィナンシャル・ホールディングス株式会社,アモーヴァ・アセットマネジメント株式会社,1.37,25/09: 1.37%,証券投資信託及び投資一任契約において、株券等の取得・処分の権限を有するもの。,A:賛成率低下 + C:会社提案否決,1,5.38,3,25/09: 5.38%
8616,東海東京フィナンシャル・ホールディングス株式会社,三菱ＵＦＪアセットマネジメント株式会社,0.56,24/06: 0.55% → 24/07: 0.56%,純投資,A:賛成率低下 + C:会社提案否決,2,6.10,3,24/06: 6.22% → 24/07: 6.10%
8617,光世証券株式会社,株式会社巽也蔵,19.99,24/01: 16.93% → 24/01: 16.93% → 24/10: 19.19% → 24/10: 19.19% → 25/04: 17.61% → 25/06: 18.65% → 25/08: 19.69% → 25/11: 20.38% → 25/11: 20.39% → 26/01: 19.99%,安定株主として保有,A:賛成率低下,10,41.32,3,24/01: 42.80% → 24/01: 42.80% → 24/10: 44.12% → 24/10: 41.79% → 25/04: 41.79% → 25/06: 42.82% → 25/08: 43.86% → 25/11: 46.35% → 25/11: 43.09% → 26/01: 41.32%
8617,光世証券株式会社,株式会社巽事務所,11.72,24/01: 16.26% → 24/01: 16.26% → 24/10: 15.31% → 24/10: 12.98% → 25/04: 14.56% → 25/06: 14.56% → 25/08: 14.56% → 25/11: 16.35% → 25/11: 13.09% → 26/01: 11.72%,安定株主として保有,A:賛成率低下,10,41.32,3,24/01: 42.80% → 24/01: 42.80% → 24/10: 44.12% → 24/10: 41.79% → 25/04: 41.79% → 25/06: 42.82% → 25/08: 43.86% → 25/11: 46.35% → 25/11: 43.09% → 26/01: 41.32%
8617,光世証券株式会社,株式会社哲学の道文庫,9.61,24/01: 9.61% → 24/01: 9.61% → 24/10: 9.61% → 24/10: 9.61% → 25/04: 9.61% → 25/06: 9.61% → 25/08: 9.61% → 25/11: 9.61% → 25/11: 9.61% → 26/01: 9.61%,政策投資として株主の安定化に協力,A:賛成率低下,10,41.32,3,24/01: 42.80% → 24/01: 42.80% → 24/10: 44.12% → 24/10: 41.79% → 25/04: 41.79% → 25/06: 42.82% → 25/08: 43.86% → 25/11: 46.35% → 25/11: 43.09% → 26/01: 41.32%
8617,光世証券株式会社,巽　大介,5.70,25/11: 5.70%,安定株主として保有,A:賛成率低下,1,8.85,2,25/11: 8.85%
8617,光世証券株式会社,三井住友トラスト・アセットマネジメント株式会社,4.31,24/05: 4.31%,投資信託契約、投資一任契約に基づく運用を目的として保有するもの。,A:賛成率低下,1,4.54,2,24/05: 4.54%
8617,光世証券株式会社,巽　春菜,3.15,25/11: 3.15%,安定株主として保有,A:賛成率低下,1,8.85,2,25/11: 8.85%
8617,光世証券株式会社,日興アセットマネジメント株式会社,0.23,24/05: 0.23%,証券投資信託及び投資一任契約において、株券等の取得・処分の権限を有するもの。,A:賛成率低下,1,4.54,2,24/05: 4.54%
8630,ＳＯＭＰＯホールディングス株式会社,ノルウェー銀行(Norges Bank),5.00,24/03: 5.00%,純投資,A:賛成率低下,1,5.00,1,24/03: 5.00%
8630,ＳＯＭＰＯホールディングス株式会社,三井住友トラスト・アセットマネジメント株式会社,2.94,25/09: 2.94%,投資信託契約、投資一任契約に基づく運用を目的として保有するもの。,A:賛成率低下,1,4.73,2,25/09: 4.73%
8630,ＳＯＭＰＯホールディングス株式会社,アモーヴァ・アセットマネジメント株式会社,1.80,25/09: 1.80%,証券投資信託及び投資一任契約において、株券等の取得・処分の権限を有するもの。,A:賛成率低下,1,4.73,2,25/09: 4.73%
8699,ＨＳホールディングス株式会社,澤田　秀雄,2.17,24/11: 2.17%,安定株主として長期保有しております。,C:会社提案否決,1,2.17,1,24/11: 2.17%
8704,トレイダーズホールディングス株式会社,株式会社Ｋパワー,23.41,24/08: 16.67% → 25/02: 16.67% → 25/04: 19.89% → 25/06: 19.89% → 26/02: 19.89% → 26/05: 23.41%,経営に参加するため,A:賛成率低下,6,40.07,5,24/08: 42.29% → 25/02: 42.29% → 25/04: 42.29% → 25/06: 39.65% → 26/02: 39.65% → 26/05: 40.07%
8704,トレイダーズホールディングス株式会社,有限会社ジェイアンドアール,11.36,24/08: 11.36% → 25/02: 11.36% → 25/04: 11.36% → 25/06: 11.36% → 26/02: 11.36% → 26/05: 11.36%,経営に参加するため,A:賛成率低下,6,40.07,5,24/08: 42.29% → 25/02: 42.29% → 25/04: 42.29% → 25/06: 39.65% → 26/02: 39.65% → 26/05: 40.07%
8704,トレイダーズホールディングス株式会社,三井住友ＤＳアセットマネジメント株式会社,5.42,25/09: 4.11% → 26/02: 5.42%,純投資（投資収益性を重視して行う投資）,A:賛成率低下,2,5.42,2,25/09: 5.11% → 26/02: 5.42%
8704,トレイダーズホールディングス株式会社,株式会社旭興産,2.67,24/08: 2.67% → 25/02: 2.67% → 25/04: 2.67% → 25/06: 2.67% → 26/02: 2.67% → 26/05: 2.67%,経営に参加するため,A:賛成率低下,6,40.07,5,24/08: 42.29% → 25/02: 42.29% → 25/04: 42.29% → 25/06: 39.65% → 26/02: 39.65% → 26/05: 40.07%
8704,トレイダーズホールディングス株式会社,金丸　貴行,2.63,24/08: 5.43% → 25/02: 5.43% → 25/04: 2.21% → 25/06: 2.21% → 26/02: 2.21% → 26/05: 2.63%,経営に参加するため,A:賛成率低下,6,40.07,5,24/08: 42.29% → 25/02: 42.29% → 25/04: 42.29% → 25/06: 39.65% → 26/02: 39.65% → 26/05: 40.07%
8704,トレイダーズホールディングス株式会社,金丸　多賀,0.00,24/08: 3.52% → 25/02: 3.52% → 25/04: 3.52% → 25/06: 3.52% → 26/02: 3.52% → 26/05: 0.00%,経営に参加するため,A:賛成率低下,6,40.07,5,24/08: 42.29% → 25/02: 42.29% → 25/04: 42.29% → 25/06: 39.65% → 26/02: 39.65% → 26/05: 40.07%
8704,トレイダーズホールディングス株式会社,貴多株式会社,0.00,24/08: 2.64% → 25/02: 2.64% → 25/04: 2.64% → 25/06: 0.00%,該当事項なし（共同保有者から除外）,A:賛成率低下,4,39.65,6,24/08: 42.29% → 25/02: 42.29% → 25/04: 42.29% → 25/06: 39.65%
8704,トレイダーズホールディングス株式会社,株式会社　三井住友銀行,0.00,25/09: 1.00% → 26/02: 0.00%,該当事項なし（共同保有者から除外）,A:賛成率低下,2,5.42,2,25/09: 5.11% → 26/02: 5.42%
8713,フィデアホールディングス株式会社,三井住友トラスト・アセットマネジメント株式会社,2.62,24/07: 2.62%,投資信託契約、投資一任契約に基づく運用を目的として保有するもの。,A:賛成率低下,1,4.27,2,24/07: 4.27%
8713,フィデアホールディングス株式会社,日興アセットマネジメント株式会社,1.66,24/07: 1.66%,証券投資信託及び投資一任契約において、株券等の取得・処分の権限を有するもの。,A:賛成率低下,1,4.27,2,24/07: 4.27%
8750,株式会社第一ライフグループ,エフィッシモ　キャピタル　マネージメント　ピーティーイー　エルティーディー（Effissimo Capital Management Pte. Ltd.）,10.99,24/01: 9.88% → 24/03: 9.88% → 24/08: 10.67% → 25/04: 10.99% → 26/02: 10.99% → 26/02: 10.99%,投資及び状況に応じて経営陣への助言、重要提案行為等を行うこと。,A:賛成率低下,6,10.99,1,24/01: 9.88% → 24/03: 9.88% → 24/08: 10.67% → 25/04: 10.99% → 26/02: 10.99% → 26/02: 10.99%
8750,株式会社第一ライフグループ,野村アセットマネジメント株式会社,5.02,26/07: 5.02%,信託財産の運用として保有している。,A:賛成率低下,1,5.02,1,26/07: 5.02%
8750,株式会社第一ライフグループ,三井住友トラスト・アセットマネジメント株式会社,3.11,25/09: 3.00% → 26/04: 3.11%,投資信託契約、投資一任契約に基づく運用を目的として保有するもの。,A:賛成率低下,2,5.03,2,25/09: 4.67% → 26/04: 5.03%
8750,株式会社第一ライフグループ,アセットマネジメントOne株式会社,2.45,25/01: 2.45%,投資信託または投資一任契約に基づき投資権限を有するもの。,A:賛成率低下,1,4.61,4,25/01: 4.61%
8750,株式会社第一ライフグループ,ブラックロック・ファンド・アドバイザーズ(BlackRock Fund Advisors),2.33,25/07: 1.88% → 26/06: 2.33%,純投資（投資信託等の資産運用目的）,A:賛成率低下,2,8.13,12,25/07: 7.12% → 26/06: 8.13%
8750,株式会社第一ライフグループ,ブラックロック・ジャパン株式会社,1.99,25/07: 1.87% → 26/06: 1.99%,純投資（投資一任契約に基づく顧客の資産運用および投資信託約款に基づく資産運用目的）,A:賛成率低下,2,8.13,12,25/07: 7.12% → 26/06: 8.13%
8750,株式会社第一ライフグループ,アモーヴァ・アセットマネジメント株式会社,1.92,25/09: 1.67% → 26/04: 1.92%,証券投資信託及び投資一任契約において、株券等の取得・処分の権限を有するもの。,A:賛成率低下,2,5.03,2,25/09: 4.67% → 26/04: 5.03%
8750,株式会社第一ライフグループ,株式会社みずほ銀行,1.47,25/01: 1.47%,発行会社の要請に応え、かつ発行会社との取引関係の強化を図るもの。,A:賛成率低下,1,4.61,4,25/01: 4.61%
8750,株式会社第一ライフグループ,"ブラックロック・インスティテューショナル・トラスト・カンパニー、エヌ．エイ．(BlackRock Institutional Trust Company, N.A.)",1.36,25/07: 1.26% → 26/06: 1.36%,純投資（顧客および投資信託等の資産運用目的）,A:賛成率低下,2,8.13,12,25/07: 7.12% → 26/06: 8.13%
8750,株式会社第一ライフグループ,ブラックロック・アセット・マネジメント・アイルランド・リミテッド(BlackRock Asset Management Ireland Limited),0.79,25/07: 0.70% → 26/06: 0.79%,純投資（顧客および投資信託等の資産運用目的）,A:賛成率低下,2,8.13,12,25/07: 7.12% → 26/06: 8.13%
8750,株式会社第一ライフグループ,ブラックロック・インベストメント・マネジメント（ユーケー）リミテッド(BlackRock Investment Management (UK) Limited),0.50,25/07: 0.18% → 26/06: 0.50%,純投資（顧客および投資信託等の資産運用目的）,A:賛成率低下,2,8.13,12,25/07: 7.12% → 26/06: 8.13%
8750,株式会社第一ライフグループ,みずほ信託銀行株式会社,0.44,25/01: 0.44%,信託財産として運用その他の信託目的に従い保有するもの。,A:賛成率低下,1,4.61,4,25/01: 4.61%
8750,株式会社第一ライフグループ,ブラックロック（ネザーランド）BV(BlackRock (Netherlands) BV),0.31,25/07: 0.32% → 26/06: 0.31%,純投資（顧客および投資信託等の資産運用目的）,A:賛成率低下,2,8.13,12,25/07: 7.12% → 26/06: 8.13%
8750,株式会社第一ライフグループ,みずほ証券 株式会社,0.24,25/01: 0.24%,政策投資目的にて保有するもの。ディーリング(短期売買)目的で保有するもの。レンディングその他取引に基づく一時的保有。,A:賛成率低下,1,4.61,4,25/01: 4.61%
8750,株式会社第一ライフグループ,ブラックロック・ファンド・マネジャーズ・リミテッド(BlackRock Fund Managers Limited),0.19,25/07: 0.33% → 26/06: 0.19%,純投資（顧客および投資信託等の資産運用目的）,A:賛成率低下,2,8.13,12,25/07: 7.12% → 26/06: 8.13%
8750,株式会社第一ライフグループ,ブラックロック・アセット・マネジメント・カナダ・リミテッド(BlackRock Asset Management Canada Limited),0.16,25/07: 0.12% → 26/06: 0.16%,純投資（顧客および投資信託等の資産運用目的）,A:賛成率低下,2,8.13,12,25/07: 7.12% → 26/06: 8.13%
8750,株式会社第一ライフグループ,"ブラックロック・アドバイザーズ・エルエルシー(BlackRock Advisers, LLC)",0.13,25/07: 0.15% → 26/06: 0.13%,純投資（顧客および投資信託等の資産運用目的）,A:賛成率低下,2,8.13,12,25/07: 7.12% → 26/06: 8.13%
8750,株式会社第一ライフグループ,ブラックロック・インベストメント・マネジメント （オーストラリア）リミテッド(BlackRock Investment Management (Australia) Limited),0.13,25/07: 0.10% → 26/06: 0.13%,純投資（顧客および投資信託等の資産運用目的）,A:賛成率低下,2,8.13,12,25/07: 7.12% → 26/06: 8.13%
8750,株式会社第一ライフグループ,"ブラックロック・フィナンシャル・マネジメント・インク(BlackRock Financial Management, Inc.)",0.12,25/07: 0.10% → 26/06: 0.12%,純投資（顧客および投資信託等の資産運用目的）,A:賛成率低下,2,8.13,12,25/07: 7.12% → 26/06: 8.13%
8750,株式会社第一ライフグループ,ブラックロック・インベストメント・マネジメント・エルエルシー(BlackRock Investment Management LLC),0.10,25/07: 0.10% → 26/06: 0.10%,純投資（顧客および投資信託等の資産運用目的）,A:賛成率低下,2,8.13,12,25/07: 7.12% → 26/06: 8.13%
8766,東京海上ホールディングス株式会社,三井住友トラスト・アセットマネジメント株式会社,3.08,25/09: 3.08%,投資信託契約、投資一任契約に基づく運用を目的として保有するもの。,A:賛成率低下,1,5.09,2,25/09: 5.09%
8766,東京海上ホールディングス株式会社,三菱ＵＦＪ信託銀行株式会社,2.35,24/07: 2.62% → 24/10: 2.56% → 26/01: 2.35%,政策投資・純投資,A:賛成率低下,3,4.84,4,24/07: 4.87% → 24/10: 5.07% → 26/01: 4.84%
8766,東京海上ホールディングス株式会社,ブラックロック・ジャパン株式会社,2.13,24/06: 2.13%,純投資（投資一任契約に基づく顧客の資産運用および投資信託約款に基づく資産運用目的）,A:賛成率低下,1,7.11,8,24/06: 7.11%
8766,東京海上ホールディングス株式会社,アモーヴァ・アセットマネジメント株式会社,2.01,25/09: 2.01%,証券投資信託及び投資一任契約において、株券等の取得・処分の権限を有するもの。,A:賛成率低下,1,5.09,2,25/09: 5.09%
8766,東京海上ホールディングス株式会社,ブラックロック・ファンド・アドバイザーズ(BlackRock Fund Advisors),1.96,24/06: 1.96%,純投資（投資信託等の資産運用目的）,A:賛成率低下,1,7.11,8,24/06: 7.11%
8766,東京海上ホールディングス株式会社,"ブラックロック・インスティテューショナル・トラスト・カンパニー、エヌ．エイ．(BlackRock Institutional Trust Company, N.A.)",1.37,24/06: 1.37%,純投資（顧客および投資信託等の資産運用目的）,A:賛成率低下,1,7.11,8,24/06: 7.11%
8766,東京海上ホールディングス株式会社,株式会社三菱ＵＦＪ銀行,1.22,24/07: 1.19% → 24/10: 1.19% → 26/01: 1.22%,政策投資,A:賛成率低下,3,4.84,4,24/07: 4.87% → 24/10: 5.07% → 26/01: 4.84%
8766,東京海上ホールディングス株式会社,三菱ＵＦＪアセットマネジメント株式会社,1.14,24/07: 1.06% → 24/10: 1.04% → 26/01: 1.14%,純投資,A:賛成率低下,3,4.84,4,24/07: 4.87% → 24/10: 5.07% → 26/01: 4.84%
8766,東京海上ホールディングス株式会社,ブラックロック・アセット・マネジメント・アイルランド・リミテッド(BlackRock Asset Management Ireland Limited),0.84,24/06: 0.84%,純投資（顧客および投資信託等の資産運用目的）,A:賛成率低下,1,7.11,8,24/06: 7.11%
8766,東京海上ホールディングス株式会社,ブラックロック・ファンド・マネジャーズ・リミテッド(BlackRock Fund Managers Limited),0.31,24/06: 0.31%,純投資（顧客および投資信託等の資産運用目的）,A:賛成率低下,1,7.11,8,24/06: 7.11%
8766,東京海上ホールディングス株式会社,ブラックロック（ネザーランド）BV(BlackRock (Netherlands) BV),0.27,24/06: 0.27%,純投資（顧客および投資信託等の資産運用目的）,A:賛成率低下,1,7.11,8,24/06: 7.11%
8766,東京海上ホールディングス株式会社,三菱ＵＦＪモルガン・スタンレー証券株式会社,0.13,24/10: 0.29% → 26/01: 0.13%,商品有価証券等として保有するもの,A:賛成率低下,2,4.84,4,24/10: 5.07% → 26/01: 4.84%
8766,東京海上ホールディングス株式会社,ブラックロック・アセット・マネジメント・カナダ・リミテッド(BlackRock Asset Management Canada Limited),0.12,24/06: 0.12%,純投資（顧客および投資信託等の資産運用目的）,A:賛成率低下,1,7.11,8,24/06: 7.11%
8766,東京海上ホールディングス株式会社,ブラックロック・インベストメント・マネジメント（ユーケー）リミテッド(BlackRock Investment Management (UK) Limited),0.11,24/06: 0.11%,純投資（顧客および投資信託等の資産運用目的）,A:賛成率低下,1,7.11,8,24/06: 7.11%
8766,東京海上ホールディングス株式会社,"ブラックロック・アドバイザーズ・エルエルシー(BlackRock Advisers, LLC)",0.09,24/06: 0.09%,純投資（顧客および投資信託等の資産運用目的）,A:賛成率低下,1,7.11,8,24/06: 7.11%
8766,東京海上ホールディングス株式会社,ブラックロック・インベストメント・マネジメント・エルエルシー(BlackRock Investment Management LLC),0.09,24/06: 0.09%,純投資（顧客および投資信託等の資産運用目的）,A:賛成率低下,1,7.11,8,24/06: 7.11%
8766,東京海上ホールディングス株式会社,ブラックロック(ルクセンブルグ）エス・エー(BlackRock (Luxembourg) S.A.),0.03,24/06: 0.03%,純投資（顧客および投資信託等の資産運用目的）,A:賛成率低下,1,7.11,8,24/06: 7.11%
8766,東京海上ホールディングス株式会社,ブラックロック・ライフ・リミテッド(BlackRock Life Limited),0.03,24/06: 0.03%,純投資（顧客および投資信託等の資産運用目的）,A:賛成率低下,1,7.11,8,24/06: 7.11%
8766,東京海上ホールディングス株式会社,MUFGセキュリティーズEMEA,0.02,24/07: 0.02%,トレーディング目的の保有,A:賛成率低下,1,4.87,3,24/07: 4.87%
8818,京阪神ビルディング株式会社,株式会社ストラテジックキャピタル,9.17,24/02: 5.09% → 25/04: 5.97% → 25/07: 7.14% → 25/10: 8.28% → 25/12: 9.29% → 25/12: 10.30% → 26/02: 10.54% → 26/04: 11.99% → 26/06: 10.66% → 26/07: 9.44% → 26/08: 9.17%,株主価値向上のために発行者との建設的対話及び発行者への重要提案行為等を行うこと、並びに純投資。重要提案行為等：当該目的を達成するため、重要な財産の処分（賃貸等不動産の処分）、株主還元（特定の株主（提出者が発行者の安定株主であると判断した株主）からの自己株式の取得）及び上場廃止（第三者による買収）の重要提案行為等を行っております。,B:新規株主提案,11,9.17,1,24/02: 5.09% → 25/04: 5.97% → 25/07: 7.14% → 25/10: 8.28% → 25/12: 9.29% → 25/12: 10.30% → 26/02: 10.54% → 26/04: 11.99% → 26/06: 10.66% → 26/07: 9.44% → 26/08: 9.17%
8818,京阪神ビルディング株式会社,株式会社　三井住友銀行,4.37,24/04: 4.33% → 26/05: 4.37% → 26/07: 4.37%,政策保有目的,B:新規株主提案,3,9.62,4,24/04: 6.33% → 26/05: 8.38% → 26/07: 9.62%
8818,京阪神ビルディング株式会社,ＳＭＢＣ日興証券株式会社,3.54,24/04: 0.32% → 26/05: 2.27% → 26/07: 3.54%,政策保有目的及び証券業務に係る一時保有のため,B:新規株主提案,3,9.62,4,24/04: 6.33% → 26/05: 8.38% → 26/07: 9.62%
8818,京阪神ビルディング株式会社,三井住友カード　株式会社,1.51,24/04: 1.50% → 26/05: 1.51% → 26/07: 1.51%,政策保有目的,B:新規株主提案,3,9.62,4,24/04: 6.33% → 26/05: 8.38% → 26/07: 9.62%
8818,京阪神ビルディング株式会社,三井住友ＤＳアセットマネジメント株式会社,0.20,24/04: 0.18% → 26/05: 0.23% → 26/07: 0.20%,純投資（投資収益性を重視して行う投資）,B:新規株主提案,3,9.62,4,24/04: 6.33% → 26/05: 8.38% → 26/07: 9.62%
8818,京阪神ビルディング株式会社,ＳＭＢＣファイナンスサービス株式会社,0.00,24/04: 0.00%,令和6年4月1日、三井住友カード株式会社を存続会社とする合併により消滅。,B:新規株主提案,1,6.33,4,24/04: 6.33%
8871,株式会社ゴールドクレスト,株式会社ミューアセット,44.04,24/10: 44.04%,安定株主として長期保有しております。,C:会社提案否決,1,54.48,3,24/10: 54.48%
8871,株式会社ゴールドクレスト,株式会社ストラテジックキャピタル,16.28,24/04: 9.00% → 24/08: 10.00% → 24/09: 11.03% → 24/10: 12.04% → 24/12: 13.10% → 25/08: 14.13% → 26/02: 14.67% → 26/07: 16.28%,株主価値向上のために発行者との建設的対話及び発行者への重要提案行為等を行うこと、並びに純投資。重要提案行為等：当該目的を達成するため、資本政策に関する重要な変更(有利子負債の活用及び株主資本の抑制を通じて資本構成を改善すること)、上場廃止(第三者による買収)、増配(年度毎にDOE8%、配当性向100%の高い方を株主還元方針とすること)及び特定の株主(安川秀俊氏及び同氏が実質的に支配すると提出者が判断した株主)からの自己株式取得の重要提案行為等を行っております。,C:会社提案否決,8,16.28,1,24/04: 9.00% → 24/08: 10.00% → 24/09: 11.03% → 24/10: 12.04% → 24/12: 13.10% → 25/08: 14.13% → 26/02: 14.67% → 26/07: 16.28%
8871,株式会社ゴールドクレスト,株式会社エスディサポート,7.55,24/10: 7.55%,安定株主として長期保有しております。,C:会社提案否決,1,54.48,3,24/10: 54.48%
8871,株式会社ゴールドクレスト,エフエムアール エルエルシー（FMR LLC）,7.44,24/04: 6.23% → 25/04: 5.09% → 26/03: 3.87% → 26/06: 8.84% → 26/06: 5.09% → 26/06: 6.23% → 26/06: 3.87% → 26/06: 7.72% → 26/06: 7.44%,顧客の財産を信託証書および契約等に基づき運用するために保有。しかしながら、当該保有証券の名義人は弊社ではなく、顧客の選択した銀行（カストディアンバンク）等になります。,C:会社提案否決,9,7.44,1,24/04: 6.23% → 25/04: 5.09% → 26/03: 3.87% → 26/06: 8.84% → 26/06: 5.09% → 26/06: 6.23% → 26/06: 3.87% → 26/06: 7.72% → 26/06: 7.44%
8871,株式会社ゴールドクレスト,フィデリティ　マネジメント　アンド　リサーチ　カンパニー　エルエルシー (Fidelity Management & Research Company LLC),5.98,26/06: 6.09% → 26/06: 6.02% → 26/06: 3.87% → 26/06: 5.09% → 26/06: 5.98% → 26/06: 5.98%,当該有価証券は、グループの資産運用および管理機能に関連して保有されているものです。,C:会社提案否決,6,7.69,2,26/06: 8.64% → 26/06: 6.23% → 26/06: 3.87% → 26/06: 5.09% → 26/06: 7.41% → 26/06: 7.69%
8871,株式会社ゴールドクレスト,安川　秀俊,2.90,24/10: 2.90%,安定株主として長期保有しております。,C:会社提案否決,1,54.48,3,24/10: 54.48%
8871,株式会社ゴールドクレスト,エフエムアール　インベストメント　マネジメント　ユーケー　リミテッド (FMR Investment Management (UK) Limited),0.21,26/06: 2.55% → 26/06: 1.71% → 26/06: 1.43% → 26/06: 0.21%,当社は自己の投資目的で有価証券を保有していません。記録上の有価証券は関連会社の事務・運営目的のためであり、投資目的ではありません。,C:会社提案否決,4,6.23,2,26/06: 8.64% → 26/06: 7.69% → 26/06: 7.41% → 26/06: 6.23%
8897,ＭＩＲＡＲＴＨホールディングス株式会社,一般社団法人村山財産管理,21.18,24/05: 21.18%,発行者の創業者から信託を受け、発行者の株式を保有しており、安定株主として保有しております。,C:会社提案否決,1,21.18,1,24/05: 21.18%
8897,ＭＩＲＡＲＴＨホールディングス株式会社,村山　義男,21.18,24/05: 21.18%,発行会社の創業者であり、経営参加を目的とした安定株主として保有しております。,C:会社提案否決,1,22.84,2,24/05: 22.84%
8897,ＭＩＲＡＲＴＨホールディングス株式会社,有限会社村山企画,1.65,24/05: 1.65%,安定株主として、長期保有することを目的としております。,C:会社提案否決,1,22.84,2,24/05: 22.84%
9020,東日本旅客鉄道株式会社,三菱ＵＦＪ信託銀行株式会社,4.57,24/07: 4.57%,政策投資・純投資・退職給付信託,B:新規株主提案,1,7.21,4,24/07: 7.21%
9020,東日本旅客鉄道株式会社,株式会社みずほ銀行,2.75,26/05: 2.75%,発行会社の要請に応え、かつ発行会社との取引関係の強化を図るもの。,B:新規株主提案,1,5.15,2,26/05: 5.15%
9020,東日本旅客鉄道株式会社,アセットマネジメントOne株式会社,2.39,26/05: 2.39%,投資信託または投資一任契約に基づき投資権限を有するもの。,B:新規株主提案,1,5.15,2,26/05: 5.15%
9020,東日本旅客鉄道株式会社,ブラックロック・ファンド・アドバイザーズ(BlackRock Fund Advisors),1.99,25/11: 1.99%,純投資（投資信託等の資産運用目的）,B:新規株主提案,1,7.22,10,25/11: 7.22%
9020,東日本旅客鉄道株式会社,株式会社三菱ＵＦＪ銀行,1.70,24/07: 1.70%,政策投資,B:新規株主提案,1,7.21,4,24/07: 7.21%
9020,東日本旅客鉄道株式会社,ブラックロック・ジャパン株式会社,1.68,25/11: 1.68%,純投資（投資一任契約に基づく顧客の資産運用および投資信託約款に基づく資産運用目的）,B:新規株主提案,1,7.22,10,25/11: 7.22%
9020,東日本旅客鉄道株式会社,"ブラックロック・インスティテューショナル・トラスト・カンパニー、エヌ．エイ．(BlackRock Institutional Trust Company, N.A.)",1.34,25/11: 1.34%,純投資（顧客および投資信託等の資産運用目的）,B:新規株主提案,1,7.22,10,25/11: 7.22%
9020,東日本旅客鉄道株式会社,ブラックロック・アセット・マネジメント・アイルランド・リミテッド(BlackRock Asset Management Ireland Limited),0.90,25/11: 0.90%,純投資（顧客および投資信託等の資産運用目的）,B:新規株主提案,1,7.22,10,25/11: 7.22%
9020,東日本旅客鉄道株式会社,三菱ＵＦＪアセットマネジメント株式会社,0.72,24/07: 0.72%,純投資,B:新規株主提案,1,7.21,4,24/07: 7.21%
9020,東日本旅客鉄道株式会社,ブラックロック・ファンド・マネジャーズ・リミテッド(BlackRock Fund Managers Limited),0.37,25/11: 0.37%,純投資（顧客および投資信託等の資産運用目的）,B:新規株主提案,1,7.22,10,25/11: 7.22%
9020,東日本旅客鉄道株式会社,ブラックロック（ネザーランド）BV(BlackRock (Netherlands) BV),0.27,25/11: 0.27%,純投資（顧客および投資信託等の資産運用目的）,B:新規株主提案,1,7.22,10,25/11: 7.22%
9020,東日本旅客鉄道株式会社,ブラックロック・インベストメント・マネジメント （オーストラリア）リミテッド(BlackRock Investment Management (Australia) Limited),0.22,25/11: 0.22%,純投資（顧客および投資信託等の資産運用目的）,B:新規株主提案,1,7.22,10,25/11: 7.22%
9020,東日本旅客鉄道株式会社,三菱ＵＦＪモルガン・スタンレー証券株式会社,0.21,24/07: 0.21%,商品有価証券等として保有するもの,B:新規株主提案,1,7.21,4,24/07: 7.21%
9020,東日本旅客鉄道株式会社,ブラックロック・インベストメント・マネジメント（ユーケー）リミテッド(BlackRock Investment Management (UK) Limited),0.21,25/11: 0.21%,純投資（顧客および投資信託等の資産運用目的）,B:新規株主提案,1,7.22,10,25/11: 7.22%
9020,東日本旅客鉄道株式会社,ブラックロック・アセット・マネジメント・カナダ・リミテッド(BlackRock Asset Management Canada Limited),0.13,25/11: 0.13%,純投資（顧客および投資信託等の資産運用目的）,B:新規株主提案,1,7.22,10,25/11: 7.22%
9020,東日本旅客鉄道株式会社,"アペリオ・グループ・エルエルシー(Aperio Group, LLC)",0.11,25/11: 0.11%,純投資（顧客および投資信託等の資産運用目的）,B:新規株主提案,1,7.22,10,25/11: 7.22%
9021,西日本旅客鉄道株式会社,三井住友トラスト・アセットマネジメント株式会社,3.31,24/09: 2.86% → 25/09: 3.31%,投資信託契約、投資一任契約に基づく運用を目的として保有するもの。,B:新規株主提案,2,5.89,3,24/09: 5.76% → 25/09: 5.89%
9021,西日本旅客鉄道株式会社,ブラックロック・ファンド・アドバイザーズ(BlackRock Fund Advisors),2.18,24/01: 1.87% → 26/07: 2.18%,純投資（投資信託等の資産運用目的）,B:新規株主提案,2,7.20,8,24/01: 7.04% → 26/07: 7.20%
9021,西日本旅客鉄道株式会社,三菱ＵＦＪ信託銀行株式会社,1.94,24/07: 1.94%,純投資,B:新規株主提案,1,5.88,5,24/07: 5.88%
9021,西日本旅客鉄道株式会社,アモーヴァ・アセットマネジメント株式会社,1.89,25/09: 1.89%,証券投資信託及び投資一任契約において、株券等の取得・処分の権限を有するもの。,B:新規株主提案,1,5.89,3,25/09: 5.89%
9021,西日本旅客鉄道株式会社,ブラックロック・ジャパン株式会社,1.83,24/01: 2.10% → 26/07: 1.83%,純投資（投資一任契約に基づく顧客の資産運用および投資信託約款に基づく資産運用目的）,B:新規株主提案,2,7.20,8,24/01: 7.04% → 26/07: 7.20%
9021,西日本旅客鉄道株式会社,株式会社三菱ＵＦＪ銀行,1.81,24/07: 1.81%,政策投資,B:新規株主提案,1,5.88,5,24/07: 5.88%
9021,西日本旅客鉄道株式会社,日興アセットマネジメント株式会社,1.72,24/09: 1.72%,証券投資信託及び投資一任契約において、株券等の取得・処分の権限を有するもの。,B:新規株主提案,1,5.76,3,24/09: 5.76%
9021,西日本旅客鉄道株式会社,"ブラックロック・インスティテューショナル・トラスト・カンパニー、エヌ．エイ．(BlackRock Institutional Trust Company, N.A.)",1.31,24/01: 1.26% → 26/07: 1.31%,純投資（顧客および投資信託等の資産運用目的）,B:新規株主提案,2,7.20,8,24/01: 7.04% → 26/07: 7.20%
9021,西日本旅客鉄道株式会社,ファースト・センティア・インベスターズ（オーストラリア）アイエム・リミテッド,1.19,24/07: 1.19%,投資一任契約による純投資,B:新規株主提案,1,5.88,5,24/07: 5.88%
9021,西日本旅客鉄道株式会社,ブラックロック・アセット・マネジメント・アイルランド・リミテッド(BlackRock Asset Management Ireland Limited),0.77,24/01: 0.66% → 26/07: 0.77%,純投資（顧客および投資信託等の資産運用目的）,B:新規株主提案,2,7.20,8,24/01: 7.04% → 26/07: 7.20%
9021,西日本旅客鉄道株式会社,三菱ＵＦＪアセットマネジメント株式会社,0.74,24/07: 0.74%,純投資,B:新規株主提案,1,5.88,5,24/07: 5.88%
9021,西日本旅客鉄道株式会社,三井住友信託銀行株式会社,0.70,24/09: 1.18% → 25/09: 0.70%,政策投資として保有するもの。退職給付信託の信託財産として取得、保有しているもの。,B:新規株主提案,2,5.89,3,24/09: 5.76% → 25/09: 5.89%
9021,西日本旅客鉄道株式会社,ブラックロック・インベストメント・マネジメント（ユーケー）リミテッド(BlackRock Investment Management (UK) Limited),0.61,24/01: 0.17% → 26/07: 0.61%,純投資（顧客および投資信託等の資産運用目的）,B:新規株主提案,2,7.20,8,24/01: 7.04% → 26/07: 7.20%
9021,西日本旅客鉄道株式会社,ブラックロック（ネザーランド）BV(BlackRock (Netherlands) BV),0.25,24/01: 0.16% → 26/07: 0.25%,純投資（顧客および投資信託等の資産運用目的）,B:新規株主提案,2,7.20,8,24/01: 7.04% → 26/07: 7.20%
9021,西日本旅客鉄道株式会社,ファースト・センティア・インベスターズ（オーストラリア）アールイー・リミテッド,0.20,24/07: 0.20%,投資一任契約による純投資,B:新規株主提案,1,5.88,5,24/07: 5.88%
9021,西日本旅客鉄道株式会社,ブラックロック・ファンド・マネジャーズ・リミテッド(BlackRock Fund Managers Limited),0.14,24/01: 0.32% → 26/07: 0.14%,純投資（顧客および投資信託等の資産運用目的）,B:新規株主提案,2,7.20,8,24/01: 7.04% → 26/07: 7.20%
9021,西日本旅客鉄道株式会社,ブラックロック・アセット・マネジメント・カナダ・リミテッド(BlackRock Asset Management Canada Limited),0.11,24/01: 0.11% → 26/07: 0.11%,純投資（顧客および投資信託等の資産運用目的）,B:新規株主提案,2,7.20,8,24/01: 7.04% → 26/07: 7.20%
9021,西日本旅客鉄道株式会社,"アペリオ・グループ・エルエルシー(Aperio Group, LLC)",0.09,24/01: 0.10% → 26/07: 0.09%,純投資（顧客および投資信託等の資産運用目的）,B:新規株主提案,2,7.20,8,24/01: 7.04% → 26/07: 7.20%
9021,西日本旅客鉄道株式会社,ブラックロック・インベストメント・マネジメント・エルエルシー(BlackRock Investment Management LLC),0.08,24/01: 0.10% → 26/07: 0.08%,純投資（顧客および投資信託等の資産運用目的）,B:新規株主提案,2,7.20,8,24/01: 7.04% → 26/07: 7.20%
9021,西日本旅客鉄道株式会社,ブラックロック・インベストメント・マネジメント （オーストラリア）リミテッド(BlackRock Investment Management (Australia) Limited),0.07,24/01: 0.19% → 26/07: 0.07%,純投資（顧客および投資信託等の資産運用目的）,B:新規株主提案,2,7.20,8,24/01: 7.04% → 26/07: 7.20%
9021,西日本旅客鉄道株式会社,"ブラックロック・フィナンシャル・マネジメント・インク(BlackRock Financial Management, Inc.)",0.04,24/01: 0.04%,純投資（顧客および投資信託等の資産運用目的）,B:新規株主提案,1,7.04,11,24/01: 7.04%
9021,西日本旅客鉄道株式会社,ブラックロック・ライフ・リミテッド(BlackRock Life Limited),0.03,24/01: 0.03%,純投資（顧客および投資信託等の資産運用目的）,B:新規株主提案,1,7.04,11,24/01: 7.04%
9045,京阪ホールディングス株式会社,三井住友トラスト・アセットマネジメント株式会社,2.83,24/11: 2.68% → 25/09: 2.83%,投資信託契約、投資一任契約に基づく運用を目的として保有するもの。,A:賛成率低下,2,6.26,3,24/11: 6.05% → 25/09: 6.26%
9045,京阪ホールディングス株式会社,三井住友信託銀行株式会社,1.91,24/11: 1.80% → 25/09: 1.91%,政策投資として保有するもの。,A:賛成率低下,2,6.26,3,24/11: 6.05% → 25/09: 6.26%
9045,京阪ホールディングス株式会社,日興アセットマネジメント株式会社,1.57,24/11: 1.57%,証券投資信託及び投資一任契約において、株券等の取得・処分の権限を有するもの。,A:賛成率低下,1,6.05,3,24/11: 6.05%
9045,京阪ホールディングス株式会社,アモーヴァ・アセットマネジメント株式会社,1.52,25/09: 1.52%,証券投資信託及び投資一任契約において、株券等の取得・処分の権限を有するもの。,A:賛成率低下,1,6.26,3,25/09: 6.26%
9064,ヤマトホールディングス株式会社,野村アセットマネジメント株式会社,5.38,24/09: 5.12% → 24/09: 6.24% → 25/03: 5.38%,信託財産の運用として保有している。,A:賛成率低下,3,5.43,3,24/09: 6.38% → 24/09: 6.80% → 25/03: 5.43%
9064,ヤマトホールディングス株式会社,株式会社みずほ銀行,2.84,25/09: 2.84%,発行会社の要請に応え、かつ発行会社との取引関係の強化を図るもの。,A:賛成率低下,1,5.21,3,25/09: 5.21%
9064,ヤマトホールディングス株式会社,アモーヴァ・アセットマネジメント株式会社,2.55,25/09: 2.54% → 26/08: 2.55%,証券投資信託及び投資一任契約において、株券等の取得・処分の権限を有するもの。,A:賛成率低下,2,4.20,2,25/09: 5.27% → 26/08: 4.20%
9064,ヤマトホールディングス株式会社,アセットマネジメントOne株式会社,2.23,25/09: 2.23%,投資信託または投資一任契約に基づき投資権限を有するもの。,A:賛成率低下,1,5.21,3,25/09: 5.21%
9064,ヤマトホールディングス株式会社,三井住友トラスト・アセットマネジメント株式会社,1.64,25/09: 2.73% → 26/08: 1.64%,投資信託契約、投資一任契約に基づく運用を目的として保有するもの。,A:賛成率低下,2,4.20,2,25/09: 5.27% → 26/08: 4.20%
9064,ヤマトホールディングス株式会社,ブラックロック・ジャパン株式会社,1.52,24/09: 1.52%,純投資（投資一任契約に基づく顧客の資産運用および投資信託約款に基づく資産運用目的）,A:賛成率低下,1,3.48,5,24/09: 3.48%
9064,ヤマトホールディングス株式会社,ブラックロック・ファンド・アドバイザーズ(BlackRock Fund Advisors),0.85,24/09: 0.85%,純投資（投資信託等の資産運用目的）,A:賛成率低下,1,3.48,5,24/09: 3.48%
9064,ヤマトホールディングス株式会社,"ブラックロック・インスティテューショナル・トラスト・カンパニー、エヌ．エイ．(BlackRock Institutional Trust Company, N.A.)",0.64,24/09: 0.64%,純投資（顧客および投資信託等の資産運用目的）,A:賛成率低下,1,3.48,5,24/09: 3.48%
9064,ヤマトホールディングス株式会社,ブラックロック・ファンド・マネジャーズ・リミテッド(BlackRock Fund Managers Limited),0.27,24/09: 0.27%,純投資（顧客および投資信託等の資産運用目的）,A:賛成率低下,1,3.48,5,24/09: 3.48%
9064,ヤマトホールディングス株式会社,ブラックロック・アセット・マネジメント・アイルランド・リミテッド(BlackRock Asset Management Ireland Limited),0.20,24/09: 0.20%,純投資（顧客および投資信託等の資産運用目的）,A:賛成率低下,1,3.48,5,24/09: 3.48%
9064,ヤマトホールディングス株式会社,みずほ信託銀行株式会社,0.13,25/09: 0.13%,信託財産として運用その他の信託目的に従い保有するもの。,A:賛成率低下,1,5.21,3,25/09: 5.21%
9064,ヤマトホールディングス株式会社,ノムラ　インターナショナル　ピーエルシー（ＮＯＭＵＲＡ　ＩＮＴＥＲＮＡＴＩＯＮＡＬ　ＰＬＣ）,0.06,24/09: 1.24% → 24/09: 0.57% → 25/03: 0.06%,証券業務に係わる商品在庫として保有している。,A:賛成率低下,3,5.43,3,24/09: 6.38% → 24/09: 6.80% → 25/03: 5.43%
9064,ヤマトホールディングス株式会社,ブラックロック・インベストメント・マネジメント（ユーケー）リミテッド(BlackRock Investment Management (UK) Limited),0.05,24/09: 0.05%,純投資（顧客および投資信託等の資産運用目的）,A:賛成率低下,1,3.48,5,24/09: 3.48%
9064,ヤマトホールディングス株式会社,ブラックロック・ライフ・リミテッド(BlackRock Life Limited),0.01,24/09: 0.01%,純投資（顧客および投資信託等の資産運用目的）,A:賛成率低下,1,3.48,5,24/09: 3.48%
9064,ヤマトホールディングス株式会社,野村證券株式会社,0.00,24/09: 0.02% → 24/09: 0.00% → 25/03: 0.00%,証券業務に係る商品在庫、及び累積投資業務の運営目的として保有している。,A:賛成率低下,3,5.43,3,24/09: 6.38% → 24/09: 6.80% → 25/03: 5.43%
9068,丸全昭和運輸株式会社,シンフォニー・フィナンシャル・パートナーズ（シンガポール）ピーティーイー・リミテッド (Symphony Financial Partners (Singapore) Pte. Ltd.),5.22,25/06: 5.21% → 25/10: 5.22%,純投資,A:賛成率低下,2,5.22,1,25/06: 5.21% → 25/10: 5.22%
9068,丸全昭和運輸株式会社,株式会社横浜銀行,4.38,24/02: 4.38% → 24/02: 4.38%,政策投資,A:賛成率低下,2,5.49,3,24/02: 4.38% → 24/02: 5.49%
9068,丸全昭和運輸株式会社,三菱ＵＦＪ信託銀行株式会社,4.06,24/02: 4.07% → 24/07: 4.61% → 26/06: 4.06%,政策投資・純投資,A:賛成率低下,3,5.89,3,24/02: 6.55% → 24/07: 7.00% → 26/06: 5.89%
9068,丸全昭和運輸株式会社,株式会社三菱ＵＦＪ銀行,1.42,24/02: 1.42% → 24/07: 1.42% → 26/06: 1.42%,政策投資,A:賛成率低下,3,5.89,3,24/02: 6.55% → 24/07: 7.00% → 26/06: 5.89%
9068,丸全昭和運輸株式会社,三菱ＵＦＪアセットマネジメント株式会社,0.41,24/02: 1.06% → 24/07: 0.97% → 26/06: 0.41%,純投資,A:賛成率低下,3,5.89,3,24/02: 6.55% → 24/07: 7.00% → 26/06: 5.89%
9068,丸全昭和運輸株式会社,株式会社神奈川銀行,0.00,24/02: 1.11% → 24/02: 0.00%,政策投資,A:賛成率低下,2,4.38,2,24/02: 5.49% → 24/02: 4.38%
9069,センコーグループホールディングス株式会社,"ダルトン・インベストメンツ・インク（Dalton Investments, Inc.）",11.90,25/06: 5.01% → 25/11: 6.10% → 25/12: 7.10% → 26/01: 8.11% → 26/02: 9.47% → 26/02: 10.31% → 26/05: 11.23% → 26/07: 11.90% → 26/07: 11.90%,提出者は、発行者の株価が過小評価されており魅力的な投資機会であると考えて、発行者の株式を取得し長期的に保有する。提出者は、発行者の財務状況、戦略的決定、取締役会の決定、株価水準、他の投資機会、投資ポートフォリオの集中と分散に関する内部ガイドライン、株式市場の状況、全般的な経済・産業動向などの様々な状況に応じて、発行者の株式や関連金融商品の追加取得、若しくはその全部または一部の売却、その他提出者が適切と考えるあらゆる措置を採る可能性がある。更に提出者は、過小評価されていると提出者が考える発行者の株価および株主価値の向上のため、発行者、その役員・取締役、他の株主等との間で、発行者のコーポレートガバナンス、取締役会の構成、経営、事業、財務状況及び戦略に関して、建設的な対話を行うことを求めていく可能性がある。特に、提出者は、2024年11月以降、発行者による非コア事業への資本配分が継続的に企業価値を毀損しているとの問題意識の下、発行者との対話を開始した。その後の対話を通じて、提出者は、発行者の取締役会には資本コストを意識した資本配分を実践するために必要なスキルが不足していると判断し、2025年9月、金融業界において豊富な経験を有する岡村宏太郎氏を取締役候補者として紹介・推薦した。しかしながら、発行者の取締役会は岡村氏を取締役に選任しなかった。そこで提出者は、2026年4月17日付で、2026年6月25日開催の発行者の定時株主総会に向け、①岡村氏を取締役1名として選任する件、②定時株主総会の基準日を変更する件、③資本コスト及び株価を意識した経営の実現に向けた対応に関する定款変更の件、の3議案から成る株主提案を行った。同定時株主総会の閉会に伴い、当該株主提案は終了した。提出者は、2025年12月に発行者を含むすべての投資先に対して書簡を送付し、資本コストや株価を意識した経営の高度な実践、譲渡制限付株式報酬の実施と株式保有ガイドラインの整備の推奨、取締役会の独立性確保といった事項に加え、企業価値と株主共通の利益の観点から、非公開化やスピンオフを含むすべての経営 戦略オプションを予断なく検証することを提案し、書簡の内容をウェブサイト上で公表した（https://0f150b20-1256-4ec7-bae7-55db80a2a0d7.usrfiles.com/ugd/5612ae_aa96dbd8c986429eaf45884b299f09d7.pdf [0f150b20-1256-4ec7-bae7-55db80a2a0d7.usrfiles.com]）。今後も当書簡の趣旨に沿って発行者との対話を進めていく予定であり、対話の状況によっては、これらの事項についてさらなる提案を行う可能性がある。,A:賛成率低下 + C:会社提案否決,9,12.74,3,25/06: 5.01% → 25/11: 6.10% → 25/12: 7.10% → 26/01: 8.11% → 26/02: 9.47% → 26/02: 10.88% → 26/05: 11.91% → 26/07: 12.74% → 26/07: 12.74%
9069,センコーグループホールディングス株式会社,旭化成株式会社,4.16,25/12: 4.16%,政策保有,A:賛成率低下 + C:会社提案否決,1,4.16,1,25/12: 4.16%
9069,センコーグループホールディングス株式会社,マラソン・アセット・マネジメント・リミテッド（Marathon Asset Management Limited）,3.92,24/06: 3.92%,長期投資（投資一任契約に基づく顧客の資産運用のため）,A:賛成率低下 + C:会社提案否決,1,3.92,1,24/06: 3.92%
9069,センコーグループホールディングス株式会社,三井住友トラスト・アセットマネジメント株式会社,2.90,24/11: 2.90%,投資信託契約、投資一任契約に基づく運用を目的として保有するもの。,A:賛成率低下 + C:会社提案否決,1,4.17,2,24/11: 4.17%
9069,センコーグループホールディングス株式会社,野村アセットマネジメント株式会社,2.88,24/05: 3.44% → 26/04: 2.88%,信託財産の運用として保有している。,A:賛成率低下 + C:会社提案否決,2,4.66,3,24/05: 4.17% → 26/04: 4.66%
9069,センコーグループホールディングス株式会社,アセットマネジメントOne株式会社,2.80,24/10: 2.31% → 24/12: 2.68% → 25/01: 2.80%,投資信託または投資一任契約に基づき投資権限を有するもの。,A:賛成率低下 + C:会社提案否決,3,3.85,2,24/10: 5.77% → 24/12: 6.15% → 25/01: 3.85%
9069,センコーグループホールディングス株式会社,三菱ＵＦＪ信託銀行株式会社,2.70,24/03: 3.96% → 24/09: 3.60% → 24/10: 3.56% → 25/04: 2.95% → 25/05: 2.97% → 25/11: 2.70%,政策投資・純投資,A:賛成率低下 + C:会社提案否決,6,4.01,3,24/03: 5.91% → 24/09: 4.98% → 24/10: 5.25% → 25/04: 4.24% → 25/05: 5.03% → 25/11: 4.01%
9069,センコーグループホールディングス株式会社,野村證券株式会社,1.77,24/05: 0.79% → 26/04: 1.77%,証券業務に係る商品在庫、及び累積投資業務の運営目的として保有している。,A:賛成率低下 + C:会社提案否決,2,4.66,3,24/05: 4.17% → 26/04: 4.66%
9069,センコーグループホールディングス株式会社,日興アセットマネジメント株式会社,1.27,24/11: 1.27%,証券投資信託及び投資一任契約において、株券等の取得・処分の権限を有するもの。,A:賛成率低下 + C:会社提案否決,1,4.17,2,24/11: 4.17%
9069,センコーグループホールディングス株式会社,みずほ証券 株式会社,1.05,24/10: 3.30% → 24/12: 3.46% → 25/01: 1.05%,ディーリング(短期売買)目的で保有するもの。レンディングその他取引に基づく一時的保有。,A:賛成率低下 + C:会社提案否決,3,3.85,2,24/10: 5.77% → 24/12: 6.15% → 25/01: 3.85%
9069,センコーグループホールディングス株式会社,株式会社三菱ＵＦＪ銀行,0.65,24/03: 0.92% → 24/09: 0.73% → 24/10: 0.73% → 25/04: 0.65% → 25/05: 0.65% → 25/11: 0.65%,政策投資,A:賛成率低下 + C:会社提案否決,6,4.01,3,24/03: 5.91% → 24/09: 4.98% → 24/10: 5.25% → 25/04: 4.24% → 25/05: 5.03% → 25/11: 4.01%
9069,センコーグループホールディングス株式会社,三菱ＵＦＪアセットマネジメント株式会社,0.65,24/03: 0.79% → 24/09: 0.65% → 24/10: 0.60% → 25/04: 0.64% → 25/05: 0.65% → 25/11: 0.65%,純投資,A:賛成率低下 + C:会社提案否決,6,4.01,3,24/03: 5.91% → 24/09: 4.98% → 24/10: 5.25% → 25/04: 4.24% → 25/05: 5.03% → 25/11: 4.01%
9069,センコーグループホールディングス株式会社,ニッポン・アクティブ・バリュー・ファンド（NIPPON ACTIVE VALUE FUND PLC）,0.57,26/02: 0.57% → 26/05: 0.57% → 26/07: 0.57% → 26/07: 0.57%,投資及び経営陣に対する経営の助言並びに状況に応じて重要提案行為等を行うこと。特に、ニッポン・アクティブ・バリュー・ファンドは、発行会社の財務的健全性及び市場での地位が株価に反映されていないと考えており、全ての株主のために株式価値を高めるための方法を話し合うことを目的とし、発行会社の経営陣に対して対話を要求する場合がある。特に、提出者は、2024年11月以降、発行者による非コア事業への資本配分が継続的に企業価値を毀損しているとの問題意識の下、発行者との対話を開始した。その後の対話を通じて、提出者は、発行者の取締役会には資本コストを意識した資本配分を実践するために必要なスキルが不足していると判断し、2025年9月、金融業界において豊富な経験を有する岡村宏太郎氏を取締役候補者として紹介・推薦した。しかしながら、発行者の取締役会は岡村氏を取締役に選任しなかった。そこで提出者は、2026年4月17日付で、2026年6月25日開催の発行者の定時株主総会に向け、①岡村氏を取締役1名として選任する件、②定時株主総会の基準日を変更する件、③資本コスト及び株価を意識した経営の実現に向けた対応に関する定款変更の件、の3議案から成る株主提案を行った。同定時株主総会の閉会に伴い、当該株主提案は終了した。提出者は、2025年12月に発行者を含むすべての投資先に対して書簡を送付し、資本コストや株価を意識した経営の高度な実践、譲渡制限付株式報酬の実施と株式保有ガイドラインの整備の推奨、取締役会の独立性確保といった事項に加え、企業価値と株主共通の利益の観点から、非公開化やスピンオフを含むすべての経営 戦略オプションを予断なく検証することを提案し、書簡の内容をウェブサイト上で公表した（https://0f150b20-1256-4ec7-bae7-55db80a2a0d7.usrfiles.com/ugd/5612ae_aa96dbd8c986429eaf45884b299f09d7.pdf [0f150b20-1256-4ec7-bae7-55db80a2a0d7.usrfiles.com]）。今後も当書簡の趣旨に沿って発行者との対話を進めていく予定であり、対話の状況によっては、これらの事項についてさらなる提案を行う可能性がある。,A:賛成率低下 + C:会社提案否決,4,12.74,3,26/02: 10.88% → 26/05: 11.91% → 26/07: 12.74% → 26/07: 12.74%
9069,センコーグループホールディングス株式会社,エヌエーブイエフ・セレクト・マスター・ファンド・エルピー（NAVF Select (Master) Fund LP）,0.27,26/05: 0.11% → 26/07: 0.27% → 26/07: 0.27%,投資及び経営陣に対する経営の助言並びに状況に応じて重要提案行為等を行うこと。特に、エヌエーブイエフ・セレクト・マスター・ファンド・エルピーは、発行会社の財務的健全性及び市場での地位が株価に反映されていないと考えており、全ての株主のために株式価値を高めるための方法を話し合うことを目的とし、発行会社の経営陣に対して対話を要求する場合がある。特に、提出者は、2024年11月以降、発行者による非コア事業への資本配分が継続的に企業価値を毀損しているとの問題意識の下、発行者との対話を開始した。その後の対話を通じて、提出者は、発行者の取締役会には資本コストを意識した資本配分を実践するために必要なスキルが不足していると判断し、2025年9月、金融業界において豊富な経験を有する岡村宏太郎氏を取締役候補者として紹介・推薦した。しかしながら、発行者の取締役会は岡村氏を取締役に選任しなかった。そこで提出者は、2026年4月17日付で、2026年6月25日開催の発行者の定時株主総会に向け、①岡村氏を取締役1名として選任する件、②定時株主総会の基準日を変更する件、③資本コスト及び株価を意識した経営の実現に向けた対応に関する定款変更の件、の3議案から成る株主提案を行った。同定時株主総会の閉会に伴い、当該株主提案は終了した。提出者は、2025年12月に発行者を含むすべての投資先に対して書簡を送付し、資本コストや株価を意識した経営の高度な実践、譲渡制限付株式報酬の実施と株式保有ガイドラインの整備の推奨、取締役会の独立性確保といった事項に加え、企業価値と株主共通の利益の観点から、非公開化やスピンオフを含むすべての経営 戦略オプションを予断なく検証することを提案し、書簡の内容をウェブサイト上で公表した（https://0f150b20-1256-4ec7-bae7-55db80a2a0d7.usrfiles.com/ugd/5612ae_aa96dbd8c986429eaf45884b299f09d7.pdf [0f150b20-1256-4ec7-bae7-55db80a2a0d7.usrfiles.com]）。今後も当書簡の趣旨に沿って発行者との対話を進めていく予定であり、対話の状況によっては、これらの事項についてさらなる提案を行う可能性がある。,A:賛成率低下 + C:会社提案否決,3,12.74,3,26/05: 11.91% → 26/07: 12.74% → 26/07: 12.74%
9069,センコーグループホールディングス株式会社,三菱ＵＦＪモルガン・スタンレー証券株式会社,0.04,24/03: 0.25% → 24/09: 0.03% → 24/10: 0.36% → 25/04: 0.04% → 25/05: 0.75% → 25/11: 0.04%,商品有価証券等として保有するもの,A:賛成率低下 + C:会社提案否決,6,4.01,3,24/03: 5.91% → 24/09: 4.98% → 24/10: 5.25% → 25/04: 4.24% → 25/05: 5.03% → 25/11: 4.01%
9069,センコーグループホールディングス株式会社,ノムラ　インターナショナル　ピーエルシー（ＮＯＭＵＲＡ　ＩＮＴＥＲＮＡＴＩＯＮＡＬ　ＰＬＣ）,0.01,24/05: -0.01% → 26/04: 0.01%,証券業務に係わる商品在庫として保有している。,A:賛成率低下 + C:会社提案否決,2,4.66,3,24/05: 4.17% → 26/04: 4.66%
9069,センコーグループホールディングス株式会社,みずほインターナショナル （Mizuho International plc）,0.00,24/10: 0.15% → 24/12: 0.00% → 25/01: 0.00%,,A:賛成率低下 + C:会社提案否決,3,3.85,2,24/10: 5.77% → 24/12: 6.15% → 25/01: 3.85%
9072,ニッコンホールディングス株式会社,"ファラロン・キャピタル・マネジメント・エルエルシー(Farallon Capital Management, L.L.C.)",23.00,25/01: 5.05% → 25/02: 6.20% → 25/02: 7.41% → 25/02: 8.54% → 25/03: 10.02% → 25/03: 13.80% → 25/03: 17.37% → 25/03: 19.72% → 26/04: 23.00%,純投資及び建設的な対話（エンゲージメント）を通じた中長期的な企業価値向上（状況に応じて重要提案行為等を行うことを含む）,A:賛成率低下,9,23.00,1,25/01: 5.05% → 25/02: 6.20% → 25/02: 7.41% → 25/02: 8.54% → 25/03: 10.02% → 25/03: 13.80% → 25/03: 17.37% → 25/03: 19.72% → 26/04: 23.00%
9072,ニッコンホールディングス株式会社,オアシス　マネジメント　カンパニー　リミテッド（Oasis Management Company Ltd.）,17.67,26/02: 7.10% → 26/03: 9.26% → 26/03: 11.56% → 26/04: 12.74% → 26/04: 17.66% → 26/07: 17.67%,提出者は報告義務の発生日時点において、発行者におけるコーポレートガバナンスの改善及び発行者の企業価値と株主価値の保護、向上を目的として、金融商品取引法施行令（以下「施行令」という。）第14条の8の2第1項第1号（重要な財産の処分）及び第12号（株券等の大量保有の状況の開示に関する内閣府令（以下「大量保有府令」という。）第16条第1号（資本政策に関する重要な変更））に関する事項について、発行者に対して提案を行っている。提出者は報告義務の発生日時点において、発行者におけるコーポレートガバナンスの改善及び発行者の企業価値と株主価値の保護、向上を目的として、今後12か月の間に、施行令第14条の8の2第1項第2号（多額の借財）、第3号（代表取締役の解職）、第5号（役員の構成の重要な変更（役員の数又は任期に係る重要な変更を含む。））、第8号（配当に関する方針の重要な変更）、第10号（発行する有価証券の取引所金融商品市場への上場の廃止又は店頭売買有価証券登録原簿への登録の取消し）及び第12号（大量保有府令第16条第4号（発行者以外の者による発行者の株券の取得であって、当該取得後に、発行者以外の者が所有することになる議決権が過半数を超えることとなるもの））に関する事項について、発行者に対して提案を行う予定である。提出者は報告義務の発生日時点において、ポートフォリオ投資の一環として、市場内外の取引を通じて発行者の普通株式の株券等保有割合を100分の5を超える割合増加させる行為（以下「5%超取得行為」という。）を予定している。ただし、5%超取得行為は、発行者の普通株式の市場価格が割安と判断される水準にあること及びその他の条件に左右され、それらの条件を勘案して行う予定である。なお、取得価格、数量、時期などの具体的な条件については引き続き検討中である。5%超取得行為の実行には当局への届出又は当局による承認が必要となる場合がある。5%超取得行為は報告義務の発生日から3か月以内に行うことを予定しているが、上述の要因により当該3か月の期間以降に行われる可能性もある。,A:賛成率低下,6,17.67,1,26/02: 7.10% → 26/03: 9.26% → 26/03: 11.56% → 26/04: 12.74% → 26/04: 17.66% → 26/07: 17.67%
9072,ニッコンホールディングス株式会社,シルチェスター・インターナショナル・インベスターズ・エルエルピー (Silchester International Investors LLP),4.13,24/08: 9.69% → 24/09: 8.61% → 24/10: 7.61% → 24/11: 6.53% → 24/11: 5.18% → 24/12: 4.13%,提出者は、発行者に対して増配、自己株式の買入の頻度又は総量、金庫株消却その他資本政策の変更を要求することがある。また、(i)重要な資産の処分又は取得、(ii)借入又は転換社債の発行、(iii)取締役又は重要な使用人の選任又は解任、(iv)株式譲渡、(v)会社分割又は合併、(vi)株式交換、又は(vii)事業の譲渡又は譲受に関して、発行者、提出者若しくは他の株主が提案した議案に対して、反対票を投ずることも、賛成票を投ずることもある。提出者は、その顧客の為に、株式を追加取得することも、保有株式の全て又は一部を売却することもある。,A:賛成率低下,6,4.13,1,24/08: 9.69% → 24/09: 8.61% → 24/10: 7.61% → 24/11: 6.53% → 24/11: 5.18% → 24/12: 4.13%
9072,ニッコンホールディングス株式会社,三菱ＵＦＪ信託銀行株式会社,2.85,24/07: 2.85%,政策投資・純投資,A:賛成率低下,1,5.34,3,24/07: 5.34%
9072,ニッコンホールディングス株式会社,JPモルガン証券株式会社,2.29,24/12: 2.40% → 24/12: 2.29%,証券業務を営む上で、本件株式に投資している。,A:賛成率低下,2,4.79,4,24/12: 6.08% → 24/12: 4.79%
9072,ニッコンホールディングス株式会社,ジェー・ピー・モルガン・セキュリティーズ・ピーエルシー (J.P. Morgan Securities plc),2.26,24/12: 0.93% → 24/12: 2.26%,証券業務及び銀行業等の為に保有をしている。,A:賛成率低下,2,4.79,4,24/12: 6.08% → 24/12: 4.79%
9072,ニッコンホールディングス株式会社,野村アセットマネジメント株式会社,2.06,24/12: 1.54% → 25/01: 1.55% → 25/02: 2.72% → 25/02: 2.72% → 25/03: 2.73% → 25/04: 2.75% → 25/04: 2.18% → 25/06: 2.08% → 25/11: 0.72% → 26/02: 0.57% → 26/02: 0.57% → 26/03: 0.57% → 26/04: 0.50% → 26/05: 0.49% → 26/06: 0.47% → 26/06: 0.49% → 26/07: 2.06%,信託財産の運用として保有している。,A:賛成率低下,17,3.70,3,24/12: 7.90% → 25/01: 7.95% → 25/02: 8.73% → 25/02: 9.25% → 25/03: 8.65% → 25/04: 9.01% → 25/04: 8.86% → 25/06: 7.48% → 25/11: 7.94% → 26/02: 8.67% → 26/02: 7.05% → 26/03: 7.20% → 26/04: 7.37% → 26/05: 8.70% → 26/06: 8.91% → 26/06: 8.34% → 26/07: 3.70%
9072,ニッコンホールディングス株式会社,株式会社三菱ＵＦＪ銀行,1.89,24/07: 1.89%,政策投資,A:賛成率低下,1,5.34,3,24/07: 5.34%
9072,ニッコンホールディングス株式会社,ノムラ　インターナショナル　ピーエルシー（ＮＯＭＵＲＡ　ＩＮＴＥＲＮＡＴＩＯＮＡＬ　ＰＬＣ）,1.49,24/12: 1.51% → 25/01: 2.19% → 25/02: 0.46% → 25/02: 0.90% → 25/03: 0.69% → 25/04: 0.75% → 25/04: 1.10% → 25/06: 0.12% → 25/11: 0.89% → 26/02: 1.74% → 26/02: 1.22% → 26/03: 1.21% → 26/04: 2.13% → 26/05: 3.04% → 26/06: 3.98% → 26/06: 4.04% → 26/07: 1.49%,証券業務に係わる商品在庫として保有している。,A:賛成率低下,17,3.70,3,24/12: 7.90% → 25/01: 7.95% → 25/02: 8.73% → 25/02: 9.25% → 25/03: 8.65% → 25/04: 9.01% → 25/04: 8.86% → 25/06: 7.48% → 25/11: 7.94% → 26/02: 8.67% → 26/02: 7.05% → 26/03: 7.20% → 26/04: 7.37% → 26/05: 8.70% → 26/06: 8.91% → 26/06: 8.34% → 26/07: 3.70%
9072,ニッコンホールディングス株式会社,三菱ＵＦＪアセットマネジメント株式会社,0.59,24/07: 0.59%,純投資,A:賛成率低下,1,5.34,3,24/07: 5.34%
9072,ニッコンホールディングス株式会社,ジェー・ピー・モルガン・エス・イー (J.P. Morgan SE),0.16,24/12: 0.16% → 24/12: 0.16%,金融商品取引業務にかかる保有。,A:賛成率低下,2,4.79,4,24/12: 6.08% → 24/12: 4.79%
9072,ニッコンホールディングス株式会社,野村證券株式会社,0.15,24/12: 5.33% → 25/01: 4.69% → 25/02: 6.16% → 25/02: 6.35% → 25/03: 5.91% → 25/04: 6.21% → 25/04: 6.23% → 25/06: 5.83% → 25/11: 6.86% → 26/02: 6.92% → 26/02: 5.71% → 26/03: 5.85% → 26/04: 5.17% → 26/05: 5.18% → 26/06: 4.45% → 26/06: 3.80% → 26/07: 0.15%,証券業務に係る商品在庫として保有している。,A:賛成率低下,17,3.70,3,24/12: 7.90% → 25/01: 7.95% → 25/02: 8.73% → 25/02: 9.25% → 25/03: 8.65% → 25/04: 9.01% → 25/04: 8.86% → 25/06: 7.48% → 25/11: 7.94% → 26/02: 8.67% → 26/02: 7.05% → 26/03: 7.20% → 26/04: 7.37% → 26/05: 8.70% → 26/06: 8.91% → 26/06: 8.34% → 26/07: 3.70%
9072,ニッコンホールディングス株式会社,ジェー・ピー・モルガン・セキュリティーズ・エルエルシー　（J.P. Morgan Securities LLC),0.09,24/12: 2.60% → 24/12: 0.09%,有価証券関連業務の一部としてのトレーディング等を目的として保有している。,A:賛成率低下,2,4.79,4,24/12: 6.08% → 24/12: 4.79%
9072,ニッコンホールディングス株式会社,ノムラ　セキュリテーズ　インターナショナル（ＮＯＭＵＲＡ　ＳＥＣＵＲＩＴＩＥＳ　ＩＮＴＥＲＮＡＴＩＯＮＡＬ，Ｉｎｃ．）,0.02,24/12: 0.00% → 25/01: 0.00% → 25/02: 0.00% → 25/04: 0.00% → 25/04: 0.00% → 25/06: 0.00% → 25/11: 0.00% → 26/02: 0.00% → 26/02: 0.00% → 26/03: 0.00% → 26/04: 0.00% → 26/05: 0.00% → 26/06: 0.00% → 26/06: 0.00% → 26/07: 0.02%,証券業務に係わる商品在庫として保有している。,A:賛成率低下,15,3.70,3,24/12: 7.90% → 25/01: 7.95% → 25/02: 8.73% → 25/04: 9.01% → 25/04: 8.86% → 25/06: 7.48% → 25/11: 7.94% → 26/02: 8.67% → 26/02: 7.05% → 26/03: 7.20% → 26/04: 7.37% → 26/05: 8.70% → 26/06: 8.91% → 26/06: 8.34% → 26/07: 3.70%
9072,ニッコンホールディングス株式会社,三菱ＵＦＪ不動産投資顧問株式会社,0.00,24/07: 0.00%,－,A:賛成率低下,1,5.34,3,24/07: 5.34%
9075,福山通運株式会社,公益財団法人渋谷育英会,13.80,24/06: 13.80%,事業の目的達成の財政上の基盤とするため,A:賛成率低下,1,13.80,1,24/06: 13.80%
9075,福山通運株式会社,日本生命保険相互会社,4.95,24/06: 4.95% → 25/12: 4.95%,純投資（収益性を投資判断の基準とする投資）,A:賛成率低下,2,6.46,3,24/06: 6.05% → 25/12: 6.46%
9075,福山通運株式会社,預金保険機構,4.24,24/07: 5.47% → 24/07: 5.47% → 25/03: 4.24%,１．特別公的管理銀行であった株式会社日本長期信用銀行（現株式会社新生銀行）の発行株式をニュー・LTCBパートナーズ・CVに譲渡し、同行の特別公的管理を終了したが、当該株式譲渡の一環として、同行が保有する株式を預金保険機構が買取り、その後、発行会社の経営統合により、本株式となっているもの。２．特別公的管理銀行である株式会社日本債券信用銀行（現株式会社あおぞら銀行)の発行株式をソフトバンク株式会社、オリックス株式会社、東京海上火災保険株式会社及びその他の金融機関等に譲渡し、同行の特別公的管理を終了したが、当該株式譲渡の一環として、同行が保有する株式を預金保険機構が買取り、その後、発行会社の経営統合により、本株式となっているもの。,A:賛成率低下,3,4.24,1,24/07: 5.47% → 24/07: 5.47% → 25/03: 4.24%
9075,福山通運株式会社,三井住友トラスト・アセットマネジメント株式会社,1.37,24/06: 8.16% → 24/07: 6.68% → 25/03: 5.55% → 25/06: 4.34% → 25/09: 4.49% → 25/12: 1.37%,投資信託契約、投資一任契約に基づく運用を目的として保有するもの。,A:賛成率低下,6,2.19,2,24/06: 8.98% → 24/07: 7.34% → 25/03: 6.33% → 25/06: 5.32% → 25/09: 5.51% → 25/12: 2.19%
9075,福山通運株式会社,ニッセイアセットマネジメント株式会社,1.21,24/06: 0.79% → 25/12: 1.21%,証券投資信託委託契約、投資一任契約に基づく有価証券投資,A:賛成率低下,2,6.46,3,24/06: 6.05% → 25/12: 6.46%
9075,福山通運株式会社,日興アセットマネジメント株式会社,0.97,24/06: 0.82% → 24/07: 0.66% → 25/03: 0.78% → 25/06: 0.97%,証券投資信託及び投資一任契約において、株券等の取得・処分の権限を有するもの。,A:賛成率低下,4,5.32,2,24/06: 8.98% → 24/07: 7.34% → 25/03: 6.33% → 25/06: 5.32%
9075,福山通運株式会社,アモーヴァ・アセットマネジメント株式会社,0.83,25/09: 1.02% → 25/12: 0.83%,証券投資信託及び投資一任契約において、株券等の取得・処分の権限を有するもの。,A:賛成率低下,2,2.19,2,25/09: 5.51% → 25/12: 2.19%
9075,福山通運株式会社,大樹生命保険株式会社,0.29,24/06: 0.30% → 25/12: 0.29%,純投資（収益性を投資判断の基準とする投資）,A:賛成率低下,2,6.46,3,24/06: 6.05% → 25/12: 6.46%
9119,飯野海運株式会社,三井住友信託銀行株式会社,2.85,24/10: 2.85% → 25/03: 2.85% → 25/04: 2.85% → 25/06: 2.85% → 25/09: 2.85%,政策投資として保有するもの。,B:新規株主提案,5,5.40,3,24/10: 5.47% → 25/03: 5.40% → 25/04: 5.39% → 25/06: 5.38% → 25/09: 5.40%
9119,飯野海運株式会社,三井住友トラスト・アセットマネジメント株式会社,1.52,24/10: 1.48% → 25/03: 1.51% → 25/04: 1.50% → 25/06: 1.48% → 25/09: 1.52%,投資信託契約、投資一任契約に基づく運用を目的として保有するもの。,B:新規株主提案,5,5.40,3,24/10: 5.47% → 25/03: 5.40% → 25/04: 5.39% → 25/06: 5.38% → 25/09: 5.40%
9119,飯野海運株式会社,日興アセットマネジメント株式会社,1.05,24/10: 1.14% → 25/03: 1.04% → 25/04: 1.04% → 25/06: 1.05%,証券投資信託及び投資一任契約において、株券等の取得・処分の権限を有するもの。,B:新規株主提案,4,5.38,3,24/10: 5.47% → 25/03: 5.40% → 25/04: 5.39% → 25/06: 5.38%
9119,飯野海運株式会社,アモーヴァ・アセットマネジメント株式会社,1.03,25/09: 1.03%,証券投資信託及び投資一任契約において、株券等の取得・処分の権限を有するもの。,B:新規株主提案,1,5.40,3,25/09: 5.40%
9168,株式会社ライズ・コンサルティング・グループ,株式会社ＳＨＩＦＴ,32.49,25/05: 32.49%,発行者との資本業務提携を目的として保有,A:賛成率低下,1,32.49,1,25/05: 32.49%
9168,株式会社ライズ・コンサルティング・グループ,アーカス・インベストメント・リミテッド,6.10,26/05: 5.05% → 26/06: 6.10%,発行者に対して支配を及ぼす意図のない顧客（多数）の消極的投資の為の購入,A:賛成率低下,2,6.10,1,26/05: 5.05% → 26/06: 6.10%
9168,株式会社ライズ・コンサルティング・グループ,朝日　竜樹,4.92,25/06: 4.92% → 25/06: 4.92% → 25/07: 4.92% → 25/07: 4.92% → 25/10: 4.92% → 25/10: 4.92%,純投資,A:賛成率低下,6,4.92,2,25/06: 4.92% → 25/06: 4.92% → 25/07: 5.41% → 25/07: 5.41% → 25/10: 4.92% → 25/10: 4.92%
9168,株式会社ライズ・コンサルティング・グループ,三井住友ＤＳアセットマネジメント株式会社,4.06,24/03: 4.33% → 24/05: 4.94% → 24/06: 5.20% → 24/08: 6.30% → 25/02: 5.18% → 25/07: 4.06%,純投資（投資収益性を重視して行う投資）,A:賛成率低下,6,4.06,1,24/03: 6.33% → 24/05: 4.94% → 24/06: 5.20% → 24/08: 6.30% → 25/02: 5.18% → 25/07: 4.06%
9168,株式会社ライズ・コンサルティング・グループ,モルガン・スタンレーＭＵＦＧ証券株式会社,3.10,24/02: 5.41% → 24/02: 4.00% → 24/03: 5.03% → 24/03: 3.10%,証券業務等にかかる保有,A:賛成率低下,4,3.53,2,24/02: 6.08% → 24/02: 5.05% → 24/03: 5.03% → 24/03: 3.53%
9168,株式会社ライズ・コンサルティング・グループ,スパークス・アセット・マネジメント株式会社,3.02,24/05: 7.64% → 24/09: 8.98% → 26/02: 5.31% → 26/03: 3.02%,「投資一任契約」及び「投資信託委託契約」　に基づく純投資,A:賛成率低下,4,3.02,1,24/05: 7.64% → 24/09: 8.98% → 26/02: 5.31% → 26/03: 3.02%
9168,株式会社ライズ・コンサルティング・グループ,"グランジャー・ピーク・グローバル・アドバイザーズ・エルエルシー(Grandeur Peak Global Advisors, LLC)",2.94,24/10: 5.14% → 25/08: 4.12% → 25/10: 5.07% → 26/01: 2.94%,純投資,A:賛成率低下,4,2.94,1,24/10: 5.14% → 25/08: 4.12% → 25/10: 5.07% → 26/01: 2.94%
9168,株式会社ライズ・コンサルティング・グループ,サンライズ・マネージメント（ノン・ユーエス）・リミテッド・スリー（Ｓｕｎｒｉｓｅ　Ｍａｎａｇｅｍｅｎｔ　（Ｎｏｎ－Ｕ．Ｓ．）　Ｌｉｍｉｔｅｄ　ＩＩＩ）,1.05,25/05: 1.05% → 25/05: 1.05%,,A:賛成率低下,2,2.09,2,25/05: 2.09% → 25/05: 2.09%
9168,株式会社ライズ・コンサルティング・グループ,サンライズ・マネージメント・リミテッド・スリー（Ｓｕｎｒｉｓｅ　Ｍａｎａｇｅｍｅｎｔ　Ｌｉｍｉｔｅｄ　ＩＩＩ）,1.04,25/05: 1.04% → 25/05: 1.04%,,A:賛成率低下,2,2.09,2,25/05: 2.09% → 25/05: 2.09%
9168,株式会社ライズ・コンサルティング・グループ,モルガン・スタンレー・アンド・カンパニー・インターナショナル・ピーエルシー(Morgan Stanley & Co. International plc),0.43,24/02: 0.68% → 24/02: 1.05% → 24/03: 0.00% → 24/03: 0.43%,証券業務等にかかる保有,A:賛成率低下,4,3.53,2,24/02: 6.08% → 24/02: 5.05% → 24/03: 5.03% → 24/03: 3.53%
9168,株式会社ライズ・コンサルティング・グループ,株式会社　三井住友銀行,0.00,24/03: 2.00% → 24/05: 0.00%,該当事項なし（共同保有者から除外）,A:賛成率低下,2,4.94,2,24/03: 6.33% → 24/05: 4.94%
9168,株式会社ライズ・コンサルティング・グループ,株式会社スタープラチナ,0.00,25/06: 0.00% → 25/06: 0.00% → 25/07: 0.51% → 25/07: 0.50% → 25/10: 0.00% → 25/10: 0.00%,純投資,A:賛成率低下,6,4.92,2,25/06: 4.92% → 25/06: 4.92% → 25/07: 5.41% → 25/07: 5.41% → 25/10: 4.92% → 25/10: 4.92%
9308,乾汽船株式会社,ミリ・キャピタル・マネジメント・エルエルシー (MIRI Capital Management LLC),8.39,25/08: 5.06% → 25/08: 6.20% → 25/08: 7.34% → 25/09: 8.39%,投資（ファンド及び投資一任契約に基づく顧客の資産の運用）及び状況に応じて経営陣への助言、重要提案行為等を行うこと,A:賛成率低下,4,8.39,1,25/08: 5.06% → 25/08: 6.20% → 25/08: 7.34% → 25/09: 8.39%
9308,乾汽船株式会社,リム・アドバイザーズ・リミテッド（ＬＩＭ　Ａｄｖｉｓｏｒｓ　Ｌｉｍｉｔｅｄ）,5.44,26/02: 5.44%,純投資,A:賛成率低下,1,5.44,1,26/02: 5.44%
9308,乾汽船株式会社,株式会社　三井住友銀行,3.25,24/11: 3.25% → 24/12: 3.25%,政策保有目的,A:賛成率低下,2,3.39,2,24/11: 5.05% → 24/12: 3.39%
9308,乾汽船株式会社,ＳＭＢＣ日興証券株式会社,0.13,24/11: 1.80% → 24/12: 0.13%,証券業務に係る一時保有のため,A:賛成率低下,2,3.39,2,24/11: 5.05% → 24/12: 3.39%
9357,名港海運株式会社,ニッポン・アクティブ・バリュー・ファンド（NIPPON ACTIVE VALUE FUND PLC）,4.06,25/01: 3.91% → 26/04: 4.06%,投資及び経営陣に対する経営の助言並びに状況に応じて重要提案行為等を行うこと。特に、ニッポン・アクティブ・バリュー・ファンドは、発行会社の財務的健全性及び市場での地位が株価に反映されていないと考えており、全ての株主のために株式価値を高めるための方法を話し合うことを目的とし、発行会社の経営陣に対して対話を要求する場合がある。,C:会社提案否決,2,5.45,2,25/01: 5.18% → 26/04: 5.45%
9357,名港海運株式会社,エヌエーブイエフ・セレクト・マスター・ファンド・エルピー（NAVF Select (Master) Fund LP）,1.39,26/04: 1.39%,投資及び経営陣に対する経営の助言並びに状況に応じて重要提案行為等を行うこと。特に、エヌエーブイエフ・セレクト・マスター・ファンド・エルピーは、発行会社の財務的健全性及び市場での地位が株価に反映されていないと考えており、全ての株主のために株式価値を高めるための方法を話し合うことを目的とし、発行会社の経営陣に対して対話を要求する場合がある。,C:会社提案否決,1,5.45,2,26/04: 5.45%
9357,名港海運株式会社,エヌエーブイエフ・セレクト・エルエルシー（NAVF Select LLC）,1.27,25/01: 1.27%,投資及び経営陣に対する経営の助言並びに状況に応じて重要提案行為等を行うこと。特に、エヌエーブイエフ・セレクト・エルエルシーは、発行会社の財務的健全性及び市場での地位が株価に反映されていないと考えており、全ての株主のために株式価値を高めるための方法を話し合うことを目的とし、発行会社の経営陣に対して対話を要求する場合がある。,C:会社提案否決,1,5.18,2,25/01: 5.18%
9364,株式会社上組,かみぐみ共栄会　理事長　谷川　龍二,7.04,25/12: 7.04%,株式会社上組と取引関係のある企業および個人が株式会社上組株式の取得により、相互の親睦関係の増進に寄与することを目的とする,A:賛成率低下,1,7.04,1,25/12: 7.04%
9364,株式会社上組,野村アセットマネジメント株式会社,4.89,24/02: 4.89%,信託財産の運用として保有している。,A:賛成率低下,1,5.00,2,24/02: 5.00%
9364,株式会社上組,三井住友トラスト・アセットマネジメント株式会社,2.52,25/09: 2.52%,投資信託契約、投資一任契約に基づく運用を目的として保有するもの。,A:賛成率低下,1,4.19,2,25/09: 4.19%
9364,株式会社上組,アモーヴァ・アセットマネジメント株式会社,1.67,25/09: 1.67%,証券投資信託及び投資一任契約において、株券等の取得・処分の権限を有するもの。,A:賛成率低下,1,4.19,2,25/09: 4.19%
9364,株式会社上組,株式会社杉村倉庫,0.11,24/02: 0.11%,友好関係を維持、強化するための政策投資として保有している。,A:賛成率低下,1,5.00,2,24/02: 5.00%
9366,株式会社サンリツ,大津　直樹,8.27,25/02: 5.12% → 25/02: 5.12% → 25/03: 6.13% → 25/04: 6.13% → 25/04: 6.16% → 25/04: 6.16% → 25/05: 7.22% → 26/03: 8.27% → 26/03: 8.27% → 26/03: 8.27% → 26/03: 8.27% → 26/04: 8.27%,純投資,A:賛成率低下,12,8.27,1,25/02: 5.12% → 25/02: 5.12% → 25/03: 6.13% → 25/04: 6.13% → 25/04: 6.16% → 25/04: 6.16% → 25/05: 7.22% → 26/03: 8.27% → 26/03: 8.27% → 26/03: 8.27% → 26/03: 8.27% → 26/04: 8.27%
9366,株式会社サンリツ,重田　光時,7.88,24/11: 7.14% → 25/08: 7.88% → 25/12: 7.88%,純投資,A:賛成率低下,3,9.30,2,24/11: 7.14% → 25/08: 8.14% → 25/12: 9.30%
9366,株式会社サンリツ,エルアール株式会社,1.43,25/08: 0.26% → 25/12: 1.43%,純投資,A:賛成率低下,2,9.30,2,25/08: 8.14% → 25/12: 9.30%
9366,株式会社サンリツ,ＧＬＯＢＡＬ　ＭＡＮＡＧＥＭＥＮＴ　ＰＡＲＴＮＥＲＳ　ＬＩＭＩＴＥＤ,0.01,24/11: 0.01% → 25/08: 0.01%,純投資,A:賛成率低下,2,8.14,3,24/11: 7.14% → 25/08: 8.14%
9381,株式会社エーアイテイー,株式会社エイチアンドワイ,32.77,24/04: 32.77% → 24/06: 32.77%,株式会社エイチアンドワイは、発行会社の代表取締役社長　矢倉　英一　の資産管理会社であり、安定株主として長期保有を目的としております。,A:賛成率低下,2,32.77,1,24/04: 32.77% → 24/06: 32.77%
9381,株式会社エーアイテイー,ロジスティード株式会社,20.07,24/03: 20.07%,発行者との資本業務提携を目的とした政策投資,A:賛成率低下,1,20.07,1,24/03: 20.07%
9381,株式会社エーアイテイー,エフエムアール エルエルシー（FMR LLC）,8.92,24/02: 9.06% → 26/06: 9.06% → 26/06: 7.65% → 26/06: 8.92%,顧客の財産を信託証書および契約等に基づき運用するために保有。しかしながら、当該保有証券の名義人は弊社ではなく、顧客の選択した銀行（カストディアンバンク）等になります。,A:賛成率低下,4,8.92,1,24/02: 9.06% → 26/06: 9.06% → 26/06: 7.65% → 26/06: 8.92%
9381,株式会社エーアイテイー,フィデリティ　マネジメント　アンド　リサーチ　カンパニー　エルエルシー (Fidelity Management & Research Company LLC),4.76,26/06: 5.20% → 26/06: 6.26% → 26/06: 5.79% → 26/06: 5.65% → 26/06: 4.51% → 26/06: 5.20% → 26/06: 4.76%,当該有価証券は、グループの資産運用および管理機能に関連して保有されているものです。,A:賛成率低下,7,9.91,3,26/06: 9.06% → 26/06: 8.75% → 26/06: 9.30% → 26/06: 7.55% → 26/06: 6.90% → 26/06: 8.03% → 26/06: 9.91%
9381,株式会社エーアイテイー,エフアイエーエム　エルエルシー (FIAM LLC),3.76,26/06: 1.41% → 26/06: 1.41% → 26/06: 2.83% → 26/06: 2.39% → 26/06: 5.04% → 26/06: 1.41% → 26/06: 3.76%,当該有価証券は、当社の投資運用および資産管理機能に関連して保有されています。,A:賛成率低下,7,9.06,3,26/06: 8.75% → 26/06: 9.30% → 26/06: 8.03% → 26/06: 6.90% → 26/06: 9.91% → 26/06: 7.55% → 26/06: 9.06%
9381,株式会社エーアイテイー,フィデリティ・マネジメント・アンド・リサーチ・ジャパン株式会社,0.49,26/06: 1.08% → 26/06: 2.10% → 26/06: 0.49%,当社は自己の投資目的で有価証券を保有していません。記録上の有価証券は関連会社の事務・運営目的のためであり、投資目的ではありません。,A:賛成率低下,3,7.55,3,26/06: 8.75% → 26/06: 9.30% → 26/06: 7.55%
9381,株式会社エーアイテイー,フィデリティ　マネジメント　トラスト　カンパニー (Fidelity Management Trust Company),0.11,26/06: 0.10% → 26/06: 0.11%,信託契約および投資一任契約に基づき顧客資産を運用する目的で保有。当該証券の名義は当社ではなく、顧客指定のカストディアンバンクの名義となります。,A:賛成率低下,2,9.91,3,26/06: 9.06% → 26/06: 9.91%
9381,株式会社エーアイテイー,Ｌマネジメント株式会社,0.00,24/03: 0.00%,,A:賛成率低下,1,0.00,1,24/03: 0.00%
9381,株式会社エーアイテイー,矢倉　英一,0.00,24/04: 0.00%,,A:賛成率低下,1,32.77,2,24/04: 32.77%
9402,中部日本放送株式会社,株式会社三菱ＵＦＪ銀行,4.93,24/07: 4.93% → 24/10: 4.93% → 25/05: 4.93%,政策投資,B:新規株主提案,3,4.93,1,24/07: 4.93% → 24/10: 6.81% → 25/05: 4.93%
9402,中部日本放送株式会社,三菱ＵＦＪモルガン・スタンレー証券株式会社,0.00,24/07: 0.00% → 24/10: 1.88% → 25/05: 0.00%,-,B:新規株主提案,3,4.93,1,24/07: 4.93% → 24/10: 6.81% → 25/05: 4.93%
9404,日本テレビホールディングス株式会社,讀賣テレビ放送株式会社,6.49,24/03: 6.49% → 25/04: 6.49%,政策投資,A:賛成率低下,2,6.49,1,24/03: 6.49% → 25/04: 6.49%
9404,日本テレビホールディングス株式会社,読売テレビ放送株式会社,6.49,25/04: 6.49% → 25/04: 6.49% → 25/07: 6.49% → 25/07: 6.49%,政策投資,A:賛成率低下,4,9.93,4,25/04: 9.93% → 25/04: 9.93% → 25/07: 9.93% → 25/07: 9.93%
9404,日本テレビホールディングス株式会社,キャピタル・リサーチ・アンド・マネージメント・カンパニー（Capital Research and Management Company）,6.27,24/08: 3.22% → 25/01: 3.50% → 25/02: 4.68% → 25/03: 5.89% → 25/04: 7.02% → 25/06: 8.01% → 25/07: 8.78% → 26/04: 8.25% → 26/05: 7.45% → 26/07: 6.27%,顧客である日本国外の投資信託のための純投資,A:賛成率低下,10,7.84,4,24/08: 5.01% → 25/01: 6.24% → 25/02: 7.57% → 25/03: 8.26% → 25/04: 9.34% → 25/06: 10.39% → 25/07: 11.39% → 26/04: 10.37% → 26/05: 9.34% → 26/07: 7.84%
9404,日本テレビホールディングス株式会社,中京テレビ放送株式会社,1.98,25/04: 1.98% → 25/04: 1.98% → 25/07: 1.98% → 25/07: 1.98%,政策投資,A:賛成率低下,4,9.93,4,25/04: 9.93% → 25/04: 9.93% → 25/07: 9.93% → 25/07: 9.93%
9404,日本テレビホールディングス株式会社,"キャピタル・インターナショナル・インク（Capital International, Inc）",0.97,24/08: 0.40% → 25/01: 1.07% → 25/02: 1.18% → 25/03: 1.15% → 25/04: 1.13% → 25/06: 1.18% → 25/07: 1.35% → 26/04: 1.28% → 26/05: 1.06% → 26/07: 0.97%,顧客である機関投資家のための通常の業務としての純投資,A:賛成率低下,10,7.84,4,24/08: 5.01% → 25/01: 6.24% → 25/02: 7.57% → 25/03: 8.26% → 25/04: 9.34% → 25/06: 10.39% → 25/07: 11.39% → 26/04: 10.37% → 26/05: 9.34% → 26/07: 7.84%
9404,日本テレビホールディングス株式会社,株式会社福岡放送,0.92,25/04: 0.92% → 25/04: 0.92% → 25/07: 0.92% → 25/07: 0.92%,政策投資,A:賛成率低下,4,9.93,4,25/04: 9.93% → 25/04: 9.93% → 25/07: 9.93% → 25/07: 9.93%
9404,日本テレビホールディングス株式会社,札幌テレビ放送株式会社,0.53,25/04: 0.53% → 25/04: 0.53% → 25/07: 0.53% → 25/07: 0.53%,政策投資,A:賛成率低下,4,9.93,4,25/04: 9.93% → 25/04: 9.93% → 25/07: 9.93% → 25/07: 9.93%
9404,日本テレビホールディングス株式会社,キャピタル・インターナショナル株式会社,0.40,24/08: 0.97% → 25/01: 1.31% → 25/02: 1.33% → 25/03: 0.87% → 25/04: 0.87% → 25/06: 0.88% → 25/07: 0.92% → 26/04: 0.56% → 26/05: 0.55% → 26/07: 0.40%,投資信託及び顧客である機関投資家のための通常の業務としての純投資,A:賛成率低下,10,7.84,4,24/08: 5.01% → 25/01: 6.24% → 25/02: 7.57% → 25/03: 8.26% → 25/04: 9.34% → 25/06: 10.39% → 25/07: 11.39% → 26/04: 10.37% → 26/05: 9.34% → 26/07: 7.84%
9404,日本テレビホールディングス株式会社,キャピタル・インターナショナル・エス・エイ・アール・エル（Capital International Sarl）,0.20,24/08: 0.27% → 25/01: 0.37% → 25/02: 0.38% → 25/03: 0.35% → 25/04: 0.33% → 25/06: 0.33% → 25/07: 0.35% → 26/04: 0.28% → 26/05: 0.27% → 26/07: 0.20%,顧客である機関投資家のための通常の業務としての純投資,A:賛成率低下,10,7.84,4,24/08: 5.01% → 25/01: 6.24% → 25/02: 7.57% → 25/03: 8.26% → 25/04: 9.34% → 25/06: 10.39% → 25/07: 11.39% → 26/04: 10.37% → 26/05: 9.34% → 26/07: 7.84%
9404,日本テレビホールディングス株式会社,キャピタル・グループ・インベストメント・マネージメント・ピーティーイー・リミテッド（Capital Group Investment Management Pte. Ltd.）,0.00,24/08: 0.14% → 25/01: 0.00%,,A:賛成率低下,2,6.24,4,24/08: 5.01% → 25/01: 6.24%
9409,株式会社テレビ朝日ホールディングス,株式会社朝日新聞社,19.49,25/04: 19.49%,新聞と放送のメディアミックスをめざした政策投資,B:新規株主提案 + C:会社提案否決,1,19.49,1,25/04: 19.49%
9409,株式会社テレビ朝日ホールディングス,東映株式会社,17.07,24/03: 17.07% → 25/03: 17.07% → 25/04: 17.07% → 25/07: 17.07% → 25/07: 17.07% → 26/03: 17.07%,今後の営業関係向上のため,B:新規株主提案 + C:会社提案否決,6,18.08,2,24/03: 18.08% → 25/03: 18.08% → 25/04: 18.08% → 25/07: 18.08% → 25/07: 18.08% → 26/03: 18.08%
9409,株式会社テレビ朝日ホールディングス,東映ビデオ株式会社,1.01,24/03: 1.01% → 25/03: 1.01% → 25/04: 1.01% → 25/07: 1.01% → 25/07: 1.01% → 26/03: 1.01%,政策投資として,B:新規株主提案 + C:会社提案否決,6,18.08,2,24/03: 18.08% → 25/03: 18.08% → 25/04: 18.08% → 25/07: 18.08% → 25/07: 18.08% → 26/03: 18.08%
9413,株式会社テレビ東京ホールディングス,株式会社日本経済新聞社,32.64,24/06: 32.64%,発行会社を当社グループの電波事業の中核会社と位置付け、安定株主として保有しております。,C:会社提案否決,1,32.64,1,24/06: 32.64%
9413,株式会社テレビ東京ホールディングス,レオス・キャピタルワークス株式会社,5.31,24/10: 5.31%,「投資一任契約」及び「投資信託委託契約」に基づく純投資,C:会社提案否決,1,5.31,1,24/10: 5.31%
9413,株式会社テレビ東京ホールディングス,株式会社みずほ銀行,2.43,24/07: 3.65% → 26/04: 2.43%,発行会社の要請に応え、かつ発行会社との取引関係の強化を図るもの。,C:会社提案否決,2,3.56,3,24/07: 5.10% → 26/04: 3.56%
9413,株式会社テレビ東京ホールディングス,アセットマネジメントOne株式会社,0.96,24/07: 1.28% → 26/04: 0.96%,投資信託または投資一任契約に基づき投資権限を有するもの。,C:会社提案否決,2,3.56,3,24/07: 5.10% → 26/04: 3.56%
9413,株式会社テレビ東京ホールディングス,みずほ信託銀行株式会社,0.17,24/07: 0.17% → 26/04: 0.17%,発行会社の要請に応え、かつ発行会社との取引関係の強化を図るもの。,C:会社提案否決,2,3.56,3,24/07: 5.10% → 26/04: 3.56%
9433,ＫＤＤＩ株式会社,京セラ株式会社,12.69,25/06: 16.00% → 25/07: 13.42% → 26/06: 14.03% → 26/07: 12.69%,当社は、「人類、社会の進歩発展に貢献すること」という経営理念のもと、KDDI株式会社（以下、「KDDI」と言います。）の母体となった第二電電株式会社（旧第二電電企画株式会社）を1984年に設立して以来、KDDIの大株主であり、当社及びKDDIの取引関係の維持、及び当社のKDDI株式保有による収益獲得を通じた企業成長、並びにKDDIの社会的意義等を踏まえ、中長期的に当社の企業価値を向上させるという視点に立ち、KDDI普通株式を保有しています。,A:賛成率低下,4,12.69,1,25/06: 16.00% → 25/07: 13.42% → 26/06: 14.03% → 26/07: 12.69%
9433,ＫＤＤＩ株式会社,トヨタ自動車株式会社,7.73,24/06: 11.55% → 24/07: 9.28% → 25/06: 9.71% → 25/07: 8.68% → 26/06: 9.07% → 26/07: 7.73%,政策投資（取引関係の維持・発展）,A:賛成率低下,6,7.73,1,24/06: 11.55% → 24/07: 9.28% → 25/06: 9.71% → 25/07: 8.68% → 26/06: 9.07% → 26/07: 7.73%
9433,ＫＤＤＩ株式会社,日興アセットマネジメント株式会社,2.44,24/09: 2.44%,証券投資信託及び投資一任契約において、株券等の取得・処分の権限を有するもの。,A:賛成率低下,1,4.65,2,24/09: 4.65%
9433,ＫＤＤＩ株式会社,三井住友トラスト・アセットマネジメント株式会社,2.21,24/09: 2.21%,投資信託契約、投資一任契約に基づく運用を目的として保有するもの。,A:賛成率低下,1,4.65,2,24/09: 4.65%
9433,ＫＤＤＩ株式会社,ブラックロック・ジャパン株式会社,1.68,25/05: 1.68%,純投資（投資一任契約に基づく顧客の資産運用および投資信託約款に基づく資産運用目的）,A:賛成率低下,1,6.05,10,25/05: 6.05%
9433,ＫＤＤＩ株式会社,ブラックロック・ファンド・アドバイザーズ(BlackRock Fund Advisors),1.64,25/05: 1.64%,純投資（投資信託等の資産運用目的）,A:賛成率低下,1,6.05,10,25/05: 6.05%
9433,ＫＤＤＩ株式会社,"ブラックロック・インスティテューショナル・トラスト・カンパニー、エヌ．エイ．(BlackRock Institutional Trust Company, N.A.)",0.99,25/05: 0.99%,純投資（顧客および投資信託等の資産運用目的）,A:賛成率低下,1,6.05,10,25/05: 6.05%
9433,ＫＤＤＩ株式会社,ブラックロック・アセット・マネジメント・アイルランド・リミテッド(BlackRock Asset Management Ireland Limited),0.82,25/05: 0.82%,純投資（顧客および投資信託等の資産運用目的）,A:賛成率低下,1,6.05,10,25/05: 6.05%
9433,ＫＤＤＩ株式会社,ブラックロック・ファンド・マネジャーズ・リミテッド(BlackRock Fund Managers Limited),0.31,25/05: 0.31%,純投資（顧客および投資信託等の資産運用目的）,A:賛成率低下,1,6.05,10,25/05: 6.05%
9433,ＫＤＤＩ株式会社,ブラックロック（ネザーランド）BV(BlackRock (Netherlands) BV),0.18,25/05: 0.18%,純投資（顧客および投資信託等の資産運用目的）,A:賛成率低下,1,6.05,10,25/05: 6.05%
9433,ＫＤＤＩ株式会社,ブラックロック・アセット・マネジメント・カナダ・リミテッド(BlackRock Asset Management Canada Limited),0.11,25/05: 0.11%,純投資（顧客および投資信託等の資産運用目的）,A:賛成率低下,1,6.05,10,25/05: 6.05%
9433,ＫＤＤＩ株式会社,ブラックロック・インベストメント・マネジメント（ユーケー）リミテッド(BlackRock Investment Management (UK) Limited),0.11,25/05: 0.11%,純投資（顧客および投資信託等の資産運用目的）,A:賛成率低下,1,6.05,10,25/05: 6.05%
9433,ＫＤＤＩ株式会社,ブラックロック・インベストメント・マネジメント （オーストラリア）リミテッド(BlackRock Investment Management (Australia) Limited),0.10,25/05: 0.10%,純投資（顧客および投資信託等の資産運用目的）,A:賛成率低下,1,6.05,10,25/05: 6.05%
9433,ＫＤＤＩ株式会社,ブラックロック(ルクセンブルグ）エス・エー(BlackRock (Luxembourg) S.A.),0.10,25/05: 0.10%,純投資（顧客および投資信託等の資産運用目的）,A:賛成率低下,1,6.05,10,25/05: 6.05%
9444,株式会社トーシンホールディングス,光通信株式会社,7.13,25/05: 5.11% → 25/07: 6.18% → 25/09: 7.13%,純投資,A:賛成率低下,3,7.13,1,25/05: 5.11% → 25/07: 6.18% → 25/09: 7.13%
9468,株式会社ＫＡＤＯＫＡＷＡ,オアシス　マネジメント　カンパニー　リミテッド（Oasis Management Company Ltd.）,15.25,26/03: 8.86% → 26/03: 10.00% → 26/03: 11.85% → 26/03: 13.76% → 26/05: 13.76% → 26/06: 15.25%,提出者の提案の目的は、発行者における中長期的な企業価値の向上、取締役会の実効性向上、コーポレートガバナンスの維持及び改善、並びに顧客、サプライヤー、従業員、貸付人、株主その他のステークホルダーの保護にある。上記の目的の下、提出者は、金融商品取引法施行令（以下「施行令」という。）第14条の8の2第1項第3号（代表取締役若しくは代表執行役の選定若しくは解職又は執行役員の選任若しくは解任）、第5号（役員の構成の重要な変更（役員の数又は任期に係る重要な変更を含む。））、第10号（発行する有価証券の取引所金融商品市場への上場の廃止又は店頭売買有価証券登録原簿への登録の取消し）、及び第12号（株券等の大量保有の状況の開示に関する内閣府令（以下「大量保有府令」という。）第16条第1号（資本政策に関する重要な変更）及び第4号（発行者以外の者による発行者の株券の取得であって、当該取得後に、発行者以外の者が所有することになる議決権が過半数を超えることとなるもの））に関する事項について、発行者に対して提案を行っている。また、上記の目的の下、提出者は、報告義務の発生日時点において、今後12か月の間に、施行令第14条の8の2第1項第1号（重要な財産の処分又は譲受け）、第3号（代表取締役若しくは代表執行役の選定若しくは解職又は執行役員の選任若しくは解任）、第4号（特定の者の役員への選任）、第5号（役員の構成の重要な変更（役員の数又は任期に係る重要な変更を含む。））、第7号（事業の全部又は一部の譲渡、譲受け、休止又は廃止）、第8号（配当に関する方針の重要な変更）、第9号（資本金の増加又は減少に関する方針の重要な変更）、第10号（発行する有価証券の取引所金融商品市場への上場の廃止又は店頭売買有価証券登録原簿への登録の取消し）及び第12号（大量保有府令第16条第1号（資本政策に関する重要な変更）及び第4号（発行者以外の者による発行者の株券の取得であって、当該取得後に、発行者以外の者が所有することになる議決権が過半数を超えることとなるもの））に関する事項について、発行者に対して提案を行う予定である。提出者は、上記の目的の下、発行者及びその株主とのエンゲージメントを今後も継続していく予定である。具体的には、発行者の保有する主要な知的財産権による収益最大化に向けた施策やAIの活用をはじめとする成長加速のための事業戦略の提案、発行者が保有するその他資産の有効活用や株主構成に関する提案、資本政策の見直し、上場維持の是非に関する検討、M&A戦略の見直し、経営陣に対する説明責任の追及、収益性改善に向けた施策の提案、バランスシートの最適化、自己資本利益率（ROE）の向上、株主還元の強化、取締役会による監督機能の強化、その他の事項が含まれる。提出者は報告義務の発生日時点において、ポートフォリオ投資の一環として、市場内外の取引を通じて発行者の普通株式の株券等保有割合を100分の5を超える割合増加させる行為（以下「5%超取得行為」という。）を予定している。ただし、5%超取得行為は、発行者の普通株式の市場価格が割安と判断される水準にあること及びその他の条件に左右され、それらの条件を勘案して行う予定である。なお、取得価格、数量、時期などの具体的な条件については引き続き検討中である。5%超取得行為の実行には当局への届出又は当局による承認が必要となる場合がある。5%超取得行為は報告義務の発生日から3か月以内に行うことを予定しているが、上述の要因により当該3か月の期間以降に行われる可能性もある。,C:会社提案否決,6,15.25,1,26/03: 8.86% → 26/03: 10.00% → 26/03: 11.85% → 26/03: 13.76% → 26/05: 13.76% → 26/06: 15.25%
9468,株式会社ＫＡＤＯＫＡＷＡ,ソニーグループ株式会社,10.00,25/01: 10.00% → 25/01: 10.00%,発行者との資本業務提携を目的とした保有（発行者への取締役の推薦を含む）,C:会社提案否決,2,10.00,1,25/01: 10.00% → 25/01: 10.00%
9468,株式会社ＫＡＤＯＫＡＷＡ,"株式会社カカオインベストメント(Kakao Investment CO., LTD.)",8.44,25/11: 8.44%,提出者の日本の関係会社は、現在発行者との間で継続的なビジネス関係を有している。提出者は、発行者に対する今回の投資を通して、提出者（及びその日本の関係会社）と発行者との間に、長期的な協力関係を築くことを望んでいる。,C:会社提案否決,1,8.44,1,25/11: 8.44%
9468,株式会社ＫＡＤＯＫＡＷＡ,シックスジョイ・ホンコン・リミテッド（Sixjoy Hong Kong Limited）,7.97,25/03: 7.97%,提出者と発行者との資本業務提携の一環,C:会社提案否決,1,7.97,1,25/03: 7.97%
9468,株式会社ＫＡＤＯＫＡＷＡ,アモーヴァ・アセットマネジメント株式会社,5.49,25/09: 4.47% → 26/03: 5.65% → 26/04: 5.49%,証券投資信託及び投資一任契約において、株券等の取得・処分の権限を有するもの。,C:会社提案否決,3,7.91,2,25/09: 7.28% → 26/03: 7.88% → 26/04: 7.91%
9468,株式会社ＫＡＤＯＫＡＷＡ,三井住友トラスト・アセットマネジメント株式会社,2.42,25/09: 2.81% → 26/03: 2.23% → 26/04: 2.42%,投資信託契約、投資一任契約に基づく運用を目的として保有するもの。,C:会社提案否決,3,7.91,2,25/09: 7.28% → 26/03: 7.88% → 26/04: 7.91%
9468,株式会社ＫＡＤＯＫＡＷＡ,野村アセットマネジメント株式会社,2.33,26/02: 2.70% → 26/03: 2.34% → 26/04: 2.33%,信託財産の運用として保有している。,C:会社提案否決,3,3.31,2,26/02: 5.03% → 26/03: 5.11% → 26/04: 3.31%
9468,株式会社ＫＡＤＯＫＡＷＡ,野村證券株式会社,0.99,26/02: 1.53% → 26/03: 1.88% → 26/04: 0.99%,証券業務に係る商品在庫として保有している。,C:会社提案否決,3,3.31,2,26/02: 5.03% → 26/03: 5.11% → 26/04: 3.31%
9468,株式会社ＫＡＤＯＫＡＷＡ,ノムラ　インターナショナル　ピーエルシー（ＮＯＭＵＲＡ　ＩＮＴＥＲＮＡＴＩＯＮＡＬ　ＰＬＣ）,-0.11,26/02: 0.81% → 26/03: 0.90% → 26/04: -0.11%,証券業務に係わる商品在庫として保有している。,C:会社提案否決,3,3.31,2,26/02: 5.03% → 26/03: 5.11% → 26/04: 3.31%
9502,中部電力株式会社,三井住友トラスト・アセットマネジメント株式会社,2.86,25/09: 3.45% → 26/08: 2.86%,投資信託契約、投資一任契約に基づく運用を目的として保有するもの。,C:会社提案否決,2,4.47,2,25/09: 5.59% → 26/08: 4.47%
9502,中部電力株式会社,ブラックロック・ファンド・アドバイザーズ(BlackRock Fund Advisors),2.69,25/07: 2.32% → 26/01: 2.69%,純投資（投資信託等の資産運用目的）,C:会社提案否決,2,8.29,9,25/07: 7.28% → 26/01: 8.29%
9502,中部電力株式会社,三菱ＵＦＪ信託銀行株式会社,2.18,24/02: 2.68% → 24/04: 2.57% → 24/07: 2.70% → 24/09: 2.64% → 25/11: 2.18%,政策投資・純投資,C:会社提案否決,5,3.97,4,24/02: 4.73% → 24/04: 5.07% → 24/07: 4.87% → 24/09: 5.12% → 25/11: 3.97%
9502,中部電力株式会社,ブラックロック・アセット・マネジメント・アイルランド・リミテッド(BlackRock Asset Management Ireland Limited),1.74,25/07: 1.28% → 26/01: 1.74%,純投資（顧客および投資信託等の資産運用目的）,C:会社提案否決,2,8.29,9,25/07: 7.28% → 26/01: 8.29%
9502,中部電力株式会社,ブラックロック・ジャパン株式会社,1.73,25/07: 1.83% → 26/01: 1.73%,純投資（投資一任契約に基づく顧客の資産運用および投資信託約款に基づく資産運用目的）,C:会社提案否決,2,8.29,9,25/07: 7.28% → 26/01: 8.29%
9502,中部電力株式会社,アモーヴァ・アセットマネジメント株式会社,1.61,25/09: 2.01% → 26/08: 1.61%,証券投資信託及び投資一任契約において、株券等の取得・処分の権限を有するもの。,C:会社提案否決,2,4.47,2,25/09: 5.59% → 26/08: 4.47%
9502,中部電力株式会社,"ブラックロック・インスティテューショナル・トラスト・カンパニー、エヌ．エイ．(BlackRock Institutional Trust Company, N.A.)",1.42,25/07: 1.36% → 26/01: 1.42%,純投資（顧客および投資信託等の資産運用目的）,C:会社提案否決,2,8.29,9,25/07: 7.28% → 26/01: 8.29%
9502,中部電力株式会社,三菱ＵＦＪアセットマネジメント株式会社,0.97,24/02: 0.84% → 24/04: 0.82% → 24/07: 0.84% → 24/09: 0.85% → 25/11: 0.97%,純投資,C:会社提案否決,5,3.97,4,24/02: 4.73% → 24/04: 5.07% → 24/07: 4.87% → 24/09: 5.12% → 25/11: 3.97%
9502,中部電力株式会社,株式会社三菱ＵＦＪ銀行,0.61,24/02: 1.21% → 24/04: 1.21% → 24/07: 0.91% → 24/09: 0.91% → 25/11: 0.61%,政策投資,C:会社提案否決,5,3.97,4,24/02: 4.73% → 24/04: 5.07% → 24/07: 4.87% → 24/09: 5.12% → 25/11: 3.97%
9502,中部電力株式会社,MUFGセキュリティーズEMEA,0.39,24/07: 0.32% → 24/09: 0.39%,トレーディング目的の保有,C:会社提案否決,2,5.12,6,24/07: 4.87% → 24/09: 5.12%
9502,中部電力株式会社,三菱ＵＦＪモルガン・スタンレー証券株式会社,0.22,24/04: 0.47% → 24/07: 0.10% → 24/09: 0.13% → 25/11: 0.22%,商品有価証券等として保有するもの,C:会社提案否決,4,3.97,4,24/04: 5.07% → 24/07: 4.87% → 24/09: 5.12% → 25/11: 3.97%
9502,中部電力株式会社,ブラックロック（ネザーランド）BV(BlackRock (Netherlands) BV),0.16,25/07: 0.27% → 26/01: 0.16%,純投資（顧客および投資信託等の資産運用目的）,C:会社提案否決,2,8.29,9,25/07: 7.28% → 26/01: 8.29%
9502,中部電力株式会社,ブラックロック・ファンド・マネジャーズ・リミテッド(BlackRock Fund Managers Limited),0.16,25/07: 0.22% → 26/01: 0.16%,純投資（顧客および投資信託等の資産運用目的）,C:会社提案否決,2,8.29,9,25/07: 7.28% → 26/01: 8.29%
9502,中部電力株式会社,ブラックロック・インベストメント・マネジメント（ユーケー）リミテッド(BlackRock Investment Management (UK) Limited),0.15,25/07: 0.07% → 26/01: 0.15%,純投資（顧客および投資信託等の資産運用目的）,C:会社提案否決,2,8.29,9,25/07: 7.28% → 26/01: 8.29%
9502,中部電力株式会社,ブラックロック・インベストメント・マネジメント （オーストラリア）リミテッド(BlackRock Investment Management (Australia) Limited),0.13,26/01: 0.13%,純投資（顧客および投資信託等の資産運用目的）,C:会社提案否決,1,8.29,9,26/01: 8.29%
9502,中部電力株式会社,ブラックロック・アセット・マネジメント・カナダ・リミテッド(BlackRock Asset Management Canada Limited),0.11,26/01: 0.11%,純投資（顧客および投資信託等の資産運用目的）,C:会社提案否決,1,8.29,9,26/01: 8.29%
9502,中部電力株式会社,三井住友信託銀行株式会社,0.07,25/09: 0.14% → 26/08: 0.07%,退職給付信託の信託財産として取得、保有しているもの。,C:会社提案否決,2,4.47,2,25/09: 5.59% → 26/08: 4.47%
9502,中部電力株式会社,"MUFGセキュリティーズ（カナダ）(MUFG Securities(Canada), Ltd.)",0.00,24/09: 0.21% → 25/11: 0.00%,-,C:会社提案否決,2,3.97,4,24/09: 5.12% → 25/11: 3.97%
9502,中部電力株式会社,MUFGセキュリティーズEMEA (MUFG Securities EMEA plc),0.00,25/11: 0.00%,-,C:会社提案否決,1,3.97,4,25/11: 3.97%
9503,関西電力株式会社,大阪市,6.12,24/05: 7.27% → 24/05: 7.27% → 26/04: 6.12% → 26/05: 6.12%,旧関西配電㈱及び旧日本発送電㈱に対する本市現物出資分について、これらの会社の株式を所有していたが、電気事業再編令に基づき関西電力㈱が設立されるに伴い、同社の株式に交換所有することとなり、その後、市民生活の向上及び産業の発達による電力需要の増大に対処して電力供給の経営基盤の安定に寄与するため増資等に応じ、現株式を保有しているもの。,C:会社提案否決,4,7.51,2,24/05: 8.92% → 24/05: 8.92% → 26/04: 7.51% → 26/05: 7.51%
9503,関西電力株式会社,野村アセットマネジメント株式会社,3.10,25/01: 3.18% → 25/01: 3.10%,信託財産の運用として保有している。,C:会社提案否決,2,3.31,3,25/01: 6.13% → 25/01: 3.31%
9503,関西電力株式会社,ブラックロック・ジャパン株式会社,1.80,24/06: 1.71% → 25/05: 1.80%,純投資（投資一任契約に基づく顧客の資産運用および投資信託約款に基づく資産運用目的）,C:会社提案否決,2,6.09,9,24/06: 5.00% → 25/05: 6.09%
9503,関西電力株式会社,ブラックロック・ファンド・アドバイザーズ(BlackRock Fund Advisors),1.67,24/06: 1.58% → 25/05: 1.67%,純投資（投資信託等の資産運用目的）,C:会社提案否決,2,6.09,9,24/06: 5.00% → 25/05: 6.09%
9503,関西電力株式会社,大阪市高速電気軌道株式会社,1.39,24/05: 1.65% → 24/05: 1.65% → 26/04: 1.39% → 26/05: 1.39%,大阪市高速鉄道事業の株式会社化に伴い、事業承継会社である大阪市高速電気軌道株式会社が大阪市交通局が保有していた関西電力㈱株式を現物出資により取得することとなった。経営資源（金融資産）として一定の価値が認められることに加え、配当金を得られるなど、経営基盤の強化の観点から保有しているものである。,C:会社提案否決,4,7.51,2,24/05: 8.92% → 24/05: 8.92% → 26/04: 7.51% → 26/05: 7.51%
9503,関西電力株式会社,"ブラックロック・インスティテューショナル・トラスト・カンパニー、エヌ．エイ．(BlackRock Institutional Trust Company, N.A.)",1.37,24/06: 1.09% → 25/05: 1.37%,純投資（顧客および投資信託等の資産運用目的）,C:会社提案否決,2,6.09,9,24/06: 5.00% → 25/05: 6.09%
9503,関西電力株式会社,ブラックロック・アセット・マネジメント・アイルランド・リミテッド(BlackRock Asset Management Ireland Limited),0.57,24/06: 0.49% → 25/05: 0.57%,純投資（顧客および投資信託等の資産運用目的）,C:会社提案否決,2,6.09,9,24/06: 5.00% → 25/05: 6.09%
9503,関西電力株式会社,ブラックロック（ネザーランド）BV(BlackRock (Netherlands) BV),0.19,24/06: 0.13% → 25/05: 0.19%,純投資（顧客および投資信託等の資産運用目的）,C:会社提案否決,2,6.09,9,24/06: 5.00% → 25/05: 6.09%
9503,関西電力株式会社,ノムラ　インターナショナル　ピーエルシー（ＮＯＭＵＲＡ　ＩＮＴＥＲＮＡＴＩＯＮＡＬ　ＰＬＣ）,0.19,25/01: 0.25% → 25/01: 0.19%,証券業務に係わる商品在庫として保有している。,C:会社提案否決,2,3.31,3,25/01: 6.13% → 25/01: 3.31%
9503,関西電力株式会社,"ブラックロック・アドバイザーズ・エルエルシー(BlackRock Advisers, LLC)",0.17,25/05: 0.17%,純投資（顧客および投資信託等の資産運用目的）,C:会社提案否決,1,6.09,9,25/05: 6.09%
9503,関西電力株式会社,ブラックロック・ファンド・マネジャーズ・リミテッド(BlackRock Fund Managers Limited),0.12,25/05: 0.12%,純投資（顧客および投資信託等の資産運用目的）,C:会社提案否決,1,6.09,9,25/05: 6.09%
9503,関西電力株式会社,"ブラックロック・フィナンシャル・マネジメント・インク(BlackRock Financial Management, Inc.)",0.10,25/05: 0.10%,純投資（顧客および投資信託等の資産運用目的）,C:会社提案否決,1,6.09,9,25/05: 6.09%
9503,関西電力株式会社,ブラックロック・アセット・マネジメント・カナダ・リミテッド(BlackRock Asset Management Canada Limited),0.10,25/05: 0.10%,純投資（顧客および投資信託等の資産運用目的）,C:会社提案否決,1,6.09,9,25/05: 6.09%
9503,関西電力株式会社,野村證券株式会社,0.01,25/01: 2.70% → 25/01: 0.01%,証券業務に係る商品在庫、及び累積投資業務の運営目的として保有している。,C:会社提案否決,2,3.31,3,25/01: 6.13% → 25/01: 3.31%
9601,松竹株式会社,株式会社三菱ＵＦＪ銀行,3.12,24/02: 3.12% → 24/03: 3.12% → 24/03: 3.12% → 24/07: 3.12% → 25/01: 3.12% → 25/03: 3.12% → 25/08: 3.12% → 25/09: 3.12%,政策投資,A:賛成率低下,8,5.56,4,24/02: 7.18% → 24/03: 7.16% → 24/03: 5.25% → 24/07: 5.26% → 25/01: 6.90% → 25/03: 5.68% → 25/08: 6.83% → 25/09: 5.56%
9601,松竹株式会社,三菱ＵＦＪ信託銀行株式会社,1.77,24/02: 1.72% → 24/03: 1.70% → 24/03: 1.67% → 24/07: 1.67% → 25/01: 1.46% → 25/03: 1.51% → 25/08: 1.79% → 25/09: 1.77%,政策投資・純投資,A:賛成率低下,8,5.56,4,24/02: 7.18% → 24/03: 7.16% → 24/03: 5.25% → 24/07: 5.26% → 25/01: 6.90% → 25/03: 5.68% → 25/08: 6.83% → 25/09: 5.56%
9601,松竹株式会社,三菱ＵＦＪアセットマネジメント株式会社,0.36,24/02: 0.37% → 24/03: 0.37% → 24/03: 0.46% → 24/07: 0.36% → 25/01: 0.40% → 25/03: 0.41% → 25/08: 0.36% → 25/09: 0.36%,純投資,A:賛成率低下,8,5.56,4,24/02: 7.18% → 24/03: 7.16% → 24/03: 5.25% → 24/07: 5.26% → 25/01: 6.90% → 25/03: 5.68% → 25/08: 6.83% → 25/09: 5.56%
9601,松竹株式会社,三菱ＵＦＪモルガン・スタンレー証券株式会社,0.31,24/02: 1.97% → 24/03: 1.97% → 24/03: 0.02% → 24/07: 0.12% → 25/01: 1.92% → 25/03: 0.64% → 25/08: 1.57% → 25/09: 0.31%,商品有価証券等として保有するもの,A:賛成率低下,8,5.56,4,24/02: 7.18% → 24/03: 7.16% → 24/03: 5.25% → 24/07: 5.26% → 25/01: 6.90% → 25/03: 5.68% → 25/08: 6.83% → 25/09: 5.56%
9633,東京テアトル株式会社,有限会社キャピタル・マネジメント,5.01,25/12: 5.01%,純投資及び状況に応じて重要提案行為等を行うこと,A:賛成率低下,1,5.01,1,25/12: 5.01%
9633,東京テアトル株式会社,三井住友信託銀行株式会社,4.31,24/08: 4.36% → 25/05: 4.31%,政策投資として保有するもの。,A:賛成率低下,2,4.31,1,24/08: 5.34% → 25/05: 4.31%
9633,東京テアトル株式会社,三井住友トラスト・アセットマネジメント株式会社,0.00,24/08: 0.53% → 25/05: 0.00%,,A:賛成率低下,2,4.31,1,24/08: 5.34% → 25/05: 4.31%
9633,東京テアトル株式会社,日興アセットマネジメント株式会社,0.00,24/08: 0.46% → 25/05: 0.00%,,A:賛成率低下,2,4.31,1,24/08: 5.34% → 25/05: 4.31%
9644,株式会社タナベコンサルティンググループ,田邊　洋一郎,9.51,24/03: 9.51%,創業者一族として保有,A:賛成率低下,1,9.51,1,24/03: 9.51%
9644,株式会社タナベコンサルティンググループ,楢﨑　十紀,6.52,25/03: 8.61% → 25/04: 8.61% → 26/04: 8.87% → 26/04: 6.52%,創業者一族として保有,A:賛成率低下,4,6.52,1,25/03: 8.61% → 25/04: 8.61% → 26/04: 8.87% → 26/04: 6.52%
9644,株式会社タナベコンサルティンググループ,光通信株式会社,4.99,24/07: 4.99%,純投資,A:賛成率低下,1,4.99,1,24/07: 4.99%
9684,株式会社スクウェア・エニックス・ホールディングス,福嶋　康博,19.28,25/09: 19.28%,旧（株）エニックスの創設者であり、今後も継続保有する予定。,A:賛成率低下,1,25.82,3,25/09: 25.82%
9684,株式会社スクウェア・エニックス・ホールディングス,３Ｄインベストメント・パートナーズ・プライベート・リミティッド（3D Investment Partners Pte. Ltd.）,18.53,25/04: 5.47% → 25/05: 6.58% → 25/05: 7.73% → 25/05: 8.78% → 25/06: 9.79% → 25/06: 10.87% → 25/07: 11.93% → 25/07: 13.12% → 25/07: 14.36% → 25/12: 15.40% → 25/12: 16.48% → 26/02: 17.50% → 26/03: 18.53%,純投資及び状況に応じて経営陣への助言、重要提案行為を行うこと。,A:賛成率低下,13,18.53,1,25/04: 5.47% → 25/05: 6.58% → 25/05: 7.73% → 25/05: 8.78% → 25/06: 9.79% → 25/06: 10.87% → 25/07: 11.93% → 25/07: 13.12% → 25/07: 14.36% → 25/12: 15.40% → 25/12: 16.48% → 26/02: 17.50% → 26/03: 18.53%
9684,株式会社スクウェア・エニックス・ホールディングス,アヤル・ファースト・インベストメント・カンパニー（Ayar First Investment Company）,9.64,26/01: 9.64%,純投資,A:賛成率低下,1,9.64,2,26/01: 9.64%
9684,株式会社スクウェア・エニックス・ホールディングス,株式会社福嶋企画,5.52,25/09: 5.52%,旧（株）エニックスの創設者の出資会社であり、今後も継続保有する予定。,A:賛成率低下,1,25.82,3,25/09: 25.82%
9684,株式会社スクウェア・エニックス・ホールディングス,インベスコ・アセット・マネジメント株式会社,4.42,24/02: 4.42%,投資一任契約に基づく契約資産の運用および委託者指図型投資信託の運用において保有,A:賛成率低下,1,4.53,2,24/02: 4.53%
9684,株式会社スクウェア・エニックス・ホールディングス,野村アセットマネジメント株式会社,3.11,24/10: 2.77% → 24/11: 2.99% → 24/12: 2.98% → 25/01: 2.98% → 25/02: 2.96% → 25/04: 3.00% → 25/04: 2.98% → 25/06: 2.96% → 25/09: 2.78% → 25/10: 2.77% → 25/11: 3.05% → 26/07: 3.11%,信託財産の運用として保有している。,A:賛成率低下,12,5.49,3,24/10: 5.13% → 24/11: 5.41% → 24/12: 4.73% → 25/01: 5.95% → 25/02: 5.92% → 25/04: 4.82% → 25/04: 5.98% → 25/06: 5.95% → 25/09: 4.95% → 25/10: 5.08% → 25/11: 4.39% → 26/07: 5.49%
9684,株式会社スクウェア・エニックス・ホールディングス,野村證券株式会社,1.58,24/10: 1.87% → 24/11: 1.29% → 24/12: 0.68% → 25/01: 1.24% → 25/02: 1.87% → 25/04: 1.22% → 25/04: 1.21% → 25/06: 0.78% → 25/09: 0.52% → 25/10: 1.58% → 25/11: -0.57% → 26/07: 1.58%,証券業務に係る商品在庫、及び累積投資業務の運営目的として保有している。,A:賛成率低下,12,5.49,3,24/10: 5.13% → 24/11: 5.41% → 24/12: 4.73% → 25/01: 5.95% → 25/02: 5.92% → 25/04: 4.82% → 25/04: 5.98% → 25/06: 5.95% → 25/09: 4.95% → 25/10: 5.08% → 25/11: 4.39% → 26/07: 5.49%
9684,株式会社スクウェア・エニックス・ホールディングス,福嶋　美知子,1.01,25/09: 1.01%,旧（株）エニックスの創設者の妻であり、今後も継続保有する予定。,A:賛成率低下,1,25.82,3,25/09: 25.82%
9684,株式会社スクウェア・エニックス・ホールディングス,ノムラ　インターナショナル　ピーエルシー（ＮＯＭＵＲＡ　ＩＮＴＥＲＮＡＴＩＯＮＡＬ　ＰＬＣ）,0.80,24/10: 0.49% → 24/11: 1.13% → 24/12: 1.07% → 25/01: 1.73% → 25/02: 1.08% → 25/04: 0.61% → 25/04: 1.78% → 25/06: 2.21% → 25/09: 1.65% → 25/10: 0.73% → 25/11: 1.91% → 26/07: 0.80%,証券業務に係わる商品在庫として保有している。,A:賛成率低下,12,5.49,3,24/10: 5.13% → 24/11: 5.41% → 24/12: 4.73% → 25/01: 5.95% → 25/02: 5.92% → 25/04: 4.82% → 25/04: 5.98% → 25/06: 5.95% → 25/09: 4.95% → 25/10: 5.08% → 25/11: 4.39% → 26/07: 5.49%
9684,株式会社スクウェア・エニックス・ホールディングス,インベスコ　ホンコン　リミテッド  (Invesco Hong Kong Limited),0.11,24/02: 0.11%,投資一任契約に基づく契約資産の運用および証券投資信託の運用において保有,A:賛成率低下,1,4.53,2,24/02: 4.53%
9684,株式会社スクウェア・エニックス・ホールディングス,ノムラ　セキュリテーズ　インターナショナル（ＮＯＭＵＲＡ　ＳＥＣＵＲＩＴＩＥＳ　ＩＮＴＥＲＮＡＴＩＯＮＡＬ，Ｉｎｃ．）,0.00,24/11: 0.00% → 24/12: 0.00% → 25/01: 0.00% → 25/02: 0.00% → 25/04: 0.00% → 25/06: 0.00% → 25/09: 0.00% → 25/10: 0.00% → 25/11: 0.00%,証券業務に係わる商品在庫として保有している。,A:賛成率低下,9,4.39,4,24/11: 5.41% → 24/12: 4.73% → 25/01: 5.95% → 25/02: 5.92% → 25/04: 4.82% → 25/06: 5.95% → 25/09: 4.95% → 25/10: 5.08% → 25/11: 4.39%
9684,株式会社スクウェア・エニックス・ホールディングス,パブリック・インベストメント・ファンド（Public Investment Fund）,0.00,26/01: 0.00%,純投資,A:賛成率低下,1,9.64,2,26/01: 9.64%
9706,日本空港ビルデング株式会社,ブラックロック・ファンド・アドバイザーズ(BlackRock Fund Advisors),5.03,24/06: 2.45% → 25/01: 3.06% → 25/02: 3.32% → 26/06: 5.03%,純投資（投資信託等の資産運用目的）,A:賛成率低下,4,7.20,6,24/06: 5.34% → 25/01: 6.34% → 25/02: 7.35% → 26/06: 7.20%
9706,日本空港ビルデング株式会社,株式会社みずほ銀行,3.54,25/10: 3.54%,発行会社の要請に応え、かつ発行会社との取引関係の強化を図るもの。,A:賛成率低下,1,5.19,3,25/10: 5.19%
9706,日本空港ビルデング株式会社,株式会社三菱ＵＦＪ銀行,3.29,24/07: 3.29% → 24/07: 3.29% → 25/01: 3.29%,政策投資,A:賛成率低下,3,7.56,6,24/07: 6.33% → 24/07: 6.48% → 25/01: 7.56%
9706,日本空港ビルデング株式会社,ファースト・センティア・インベスターズ（オーストラリア）アイエム・リミテッド,2.07,24/07: 1.13% → 24/07: 1.15% → 25/01: 2.07%,投資一任契約による純投資,A:賛成率低下,3,7.56,6,24/07: 6.33% → 24/07: 6.48% → 25/01: 7.56%
9706,日本空港ビルデング株式会社,アセットマネジメントOne株式会社,1.54,25/10: 1.54%,投資信託または投資一任契約に基づき投資権限を有するもの。,A:賛成率低下,1,5.19,3,25/10: 5.19%
9706,日本空港ビルデング株式会社,三菱ＵＦＪ信託銀行株式会社,1.20,24/07: 1.27% → 24/07: 1.26% → 25/01: 1.20%,純投資,A:賛成率低下,3,7.56,6,24/07: 6.33% → 24/07: 6.48% → 25/01: 7.56%
9706,日本空港ビルデング株式会社,ブラックロック・ジャパン株式会社,1.17,24/06: 1.45% → 25/01: 1.31% → 25/02: 1.32% → 26/06: 1.17%,純投資（投資一任契約に基づく顧客の資産運用および投資信託約款に基づく資産運用目的）,A:賛成率低下,4,7.20,6,24/06: 5.34% → 25/01: 6.34% → 25/02: 7.35% → 26/06: 7.20%
9706,日本空港ビルデング株式会社,"ブラックロック・インスティテューショナル・トラスト・カンパニー、エヌ．エイ．(BlackRock Institutional Trust Company, N.A.)",0.61,24/06: 0.71% → 25/01: 0.86% → 25/02: 0.92% → 26/06: 0.61%,純投資（顧客および投資信託等の資産運用目的）,A:賛成率低下,4,7.20,6,24/06: 5.34% → 25/01: 6.34% → 25/02: 7.35% → 26/06: 7.20%
9706,日本空港ビルデング株式会社,三菱ＵＦＪアセットマネジメント株式会社,0.47,24/07: 0.46% → 24/07: 0.46% → 25/01: 0.47%,純投資,A:賛成率低下,3,7.56,6,24/07: 6.33% → 24/07: 6.48% → 25/01: 7.56%
9706,日本空港ビルデング株式会社,ファースト・センティア・インベスターズ（オーストラリア）アールイー・リミテッド,0.29,24/07: 0.17% → 24/07: 0.17% → 25/01: 0.29%,投資一任契約による純投資,A:賛成率低下,3,7.56,6,24/07: 6.33% → 24/07: 6.48% → 25/01: 7.56%
9706,日本空港ビルデング株式会社,三菱ＵＦＪモルガン・スタンレー証券株式会社,0.24,24/07: 0.13% → 25/01: 0.24%,商品有価証券等として保有するもの,A:賛成率低下,2,7.56,6,24/07: 6.48% → 25/01: 7.56%
9706,日本空港ビルデング株式会社,ブラックロック・アセット・マネジメント・アイルランド・リミテッド(BlackRock Asset Management Ireland Limited),0.15,24/06: 0.13% → 25/01: 0.14% → 25/02: 0.14% → 26/06: 0.15%,純投資（顧客および投資信託等の資産運用目的）,A:賛成率低下,4,7.20,6,24/06: 5.34% → 25/01: 6.34% → 25/02: 7.35% → 26/06: 7.20%
9706,日本空港ビルデング株式会社,ブラックロック・アセット・マネジメント・カナダ・リミテッド(BlackRock Asset Management Canada Limited),0.13,24/06: 0.20% → 25/01: 0.21% → 25/02: 0.20% → 26/06: 0.13%,純投資（顧客および投資信託等の資産運用目的）,A:賛成率低下,4,7.20,6,24/06: 5.34% → 25/01: 6.34% → 25/02: 7.35% → 26/06: 7.20%
9706,日本空港ビルデング株式会社,ブラックロック・ファンド・マネジャーズ・リミテッド(BlackRock Fund Managers Limited),0.11,24/06: 0.19% → 25/01: 0.17% → 25/02: 0.17% → 26/06: 0.11%,純投資（顧客および投資信託等の資産運用目的）,A:賛成率低下,4,7.20,6,24/06: 5.34% → 25/01: 6.34% → 25/02: 7.35% → 26/06: 7.20%
9706,日本空港ビルデング株式会社,みずほ証券 株式会社,0.11,25/10: 0.11%,ディーリング(短期売買)目的で保有するもの。レンディングその他取引に基づく一時的保有。,A:賛成率低下,1,5.19,3,25/10: 5.19%
9706,日本空港ビルデング株式会社,ブラックロック（ネザーランド）BV(BlackRock (Netherlands) BV),0.03,24/06: 0.11% → 25/01: 0.21% → 25/02: 0.21% → 26/06: 0.03%,純投資（顧客および投資信託等の資産運用目的）,A:賛成率低下,4,7.20,6,24/06: 5.34% → 25/01: 6.34% → 25/02: 7.35% → 26/06: 7.20%
9706,日本空港ビルデング株式会社,"ブラックロック・アドバイザーズ・エルエルシー(BlackRock Advisers, LLC)",0.00,24/06: 0.11% → 25/01: 0.11% → 25/02: 0.11% → 26/06: 0.00%,純投資（顧客および投資信託等の資産運用目的）,A:賛成率低下,4,7.20,6,24/06: 5.34% → 25/01: 6.34% → 25/02: 7.35% → 26/06: 7.20%
9706,日本空港ビルデング株式会社,ブラックロック・インベストメント・マネジメント・エルエルシー(BlackRock Investment Management LLC),0.00,25/01: 0.13% → 25/02: 0.13% → 26/06: 0.00%,純投資（顧客および投資信託等の資産運用目的）,A:賛成率低下,3,7.20,6,25/01: 6.34% → 25/02: 7.35% → 26/06: 7.20%
9706,日本空港ビルデング株式会社,ブラックロック(ルクセンブルグ）エス・エー(BlackRock (Luxembourg) S.A.),0.00,25/01: 0.15% → 25/02: 0.83% → 26/06: 0.00%,純投資（顧客および投資信託等の資産運用目的）,A:賛成率低下,3,7.20,6,25/01: 6.34% → 25/02: 7.35% → 26/06: 7.20%
9706,日本空港ビルデング株式会社,みずほ信託銀行株式会社,0.00,25/10: 0.00%,,A:賛成率低下,1,5.19,3,25/10: 5.19%
9726,ＫＮＴ－ＣＴホールディングス株式会社,ｆｕｎｄｎｏｔｅ株式会社,7.44,26/01: 5.25% → 26/03: 6.28% → 26/06: 7.44%,株式会社Kaihouの投資助言に基づき投資信託の信託財産の運用のため保有。スチュワードシップ・コードに則り建設的な対話により、IR・資本効率・ガバナンスの高度化と企業価値向上を促す。ただし、受益者の利益を保全するために、保有目的を「重要提案行為を行う」に変更する場合がある。,A:賛成率低下,3,7.44,1,26/01: 5.25% → 26/03: 6.28% → 26/06: 7.44%
9831,株式会社ヤマダホールディングス,株式会社テックプランニング,6.76,24/07: 6.76% → 24/07: 6.76% → 24/07: 5.08% → 24/07: 6.51% → 26/01: 6.76%,経営安定のための長期保有,A:賛成率低下,5,9.31,3,24/07: 9.33% → 24/07: 10.38% → 24/07: 7.65% → 24/07: 9.08% → 26/01: 9.31%
9831,株式会社ヤマダホールディングス,野村絢,3.32,26/07: 3.32% → 26/07: 3.32%,株式の追加取得または売却の可能性について：提出者として発行会社の株価が割安であると判断した場合、今後3ヶ月以内で5％超保有割合を増加する株式取得を行う可能性がある。当該増加は市場内外における取引を通じた取得を想定しており、買付時期・価格・数量について決まったものは無い。なお、発行会社の株価動向によっては、予定の通り取得が行われない可能性があり、または株式の売却を行う可能性もある。保有目的及び重要提案行為について：株主価値向上に資する、資本政策及びコーポレートガバナンス等に関する助言及び提案。提案の内容については、以下を含む。①資本政策の変更（増配及び自己株式取得）②事業及び資産の譲渡（株主価値向上に資することのない資産及び事業（子会社を含む））③事業及び資産の譲受け（業界再編についての提案）④株式の非公開化（MBOを含む）提出者は、発行会社の株主価値の向上を目的として、発行会社との対話を通じ、上記について口頭又は書簡により提案を行っており、または今後行う可能性がある。,A:賛成率低下,2,6.26,5,26/07: 5.10% → 26/07: 6.26%
9831,株式会社ヤマダホールディングス,山田　昇,2.59,24/07: 3.26% → 24/07: 2.57% → 24/07: 2.57% → 24/07: 2.57% → 26/01: 2.59%,経営安定のための長期保有,A:賛成率低下,5,9.31,3,24/07: 10.38% → 24/07: 9.08% → 24/07: 9.33% → 24/07: 7.65% → 26/01: 9.31%
9831,株式会社ヤマダホールディングス,株式会社シティインデックスフィフス,1.71,26/07: 1.71% → 26/07: 1.71%,株式の追加取得または売却の可能性について：提出者として発行会社の株価が割安であると判断した場合、今後3ヶ月以内で5％超保有割合を増加する株式取得を行う可能性がある。当該増加は市場内外における取引を通じた取得を想定しており、買付時期・価格・数量について決まったものは無い。なお、発行会社の株価動向によっては、予定の通り取得が行われない可能性があり、または株式の売却を行う可能性もある。保有目的及び重要提案行為について：株主価値向上に資する、資本政策及びコーポレートガバナンス等に関する助言及び提案。提案の内容については、以下を含む。①資本政策の変更（増配及び自己株式取得）②事業及び資産の譲渡（株主価値向上に資することのない資産及び事業（子会社を含む））③事業及び資産の譲受け（業界再編についての提案）④株式の非公開化（MBOを含む）提出者は、発行会社の株主価値の向上を目的として、発行会社との対話を通じ、上記について口頭又は書簡により提案を行っており、または今後行う可能性がある。,A:賛成率低下,2,6.26,5,26/07: 5.10% → 26/07: 6.26%
9831,株式会社ヤマダホールディングス,株式会社Ｃ＆Ｉ　Ｈｏｌｄｉｎｇｓ,1.16,26/07: 1.16%,株式の追加取得または売却の可能性について：提出者として発行会社の株価が割安であると判断した場合、今後3ヶ月以内で5％超保有割合を増加する株式取得を行う可能性がある。当該増加は市場内外における取引を通じた取得を想定しており、買付時期・価格・数量について決まったものは無い。なお、発行会社の株価動向によっては、予定の通り取得が行われない可能性があり、または株式の売却を行う可能性もある。保有目的及び重要提案行為について：株主価値向上に資する、資本政策及びコーポレートガバナンス等に関する助言及び提案。提案の内容については、以下を含む。①資本政策の変更（増配及び自己株式取得）②事業及び資産の譲渡（株主価値向上に資することのない資産及び事業（子会社を含む））③事業及び資産の譲受け（業界再編についての提案）④株式の非公開化（MBOを含む）提出者は、発行会社の株主価値の向上を目的として、発行会社との対話を通じ、上記について口頭又は書簡により提案を行っており、または今後行う可能性がある。,A:賛成率低下,1,6.26,5,26/07: 6.26%
9831,株式会社ヤマダホールディングス,株式会社Ｍホールディングス,0.07,26/07: 0.07% → 26/07: 0.07%,株式の追加取得または売却の可能性について：提出者として発行会社の株価が割安であると判断した場合、今後3ヶ月以内で5％超保有割合を増加する株式取得を行う可能性がある。当該増加は市場内外における取引を通じた取得を想定しており、買付時期・価格・数量について決まったものは無い。なお、発行会社の株価動向によっては、予定の通り取得が行われない可能性があり、または株式の売却を行う可能性もある。保有目的及び重要提案行為について：株主価値向上に資する、資本政策及びコーポレートガバナンス等に関する助言及び提案。提案の内容については、以下を含む。①資本政策の変更（増配及び自己株式取得）②事業及び資産の譲渡（株主価値向上に資することのない資産及び事業（子会社を含む））③事業及び資産の譲受け（業界再編についての提案）④株式の非公開化（MBOを含む）提出者は、発行会社の株主価値の向上を目的として、発行会社との対話を通じ、上記について口頭又は書簡により提案を行っており、または今後行う可能性がある。,A:賛成率低下,2,6.26,5,26/07: 5.10% → 26/07: 6.26%
9831,株式会社ヤマダホールディングス,山田　惠美子,0.00,24/07: 0.38% → 26/01: 0.00%,経営安定のための長期保有,A:賛成率低下,2,9.31,3,24/07: 10.38% → 26/01: 9.31%
9831,株式会社ヤマダホールディングス,株式会社シティインデックスイレブンス,0.00,26/07: 0.00% → 26/07: 0.00%,株式の追加取得または売却の可能性について：提出者として発行会社の株価が割安であると判断した場合、今後3ヶ月以内で5％超保有割合を増加する株式取得を行う可能性がある。当該増加は市場内外における取引を通じた取得を想定しており、買付時期・価格・数量について決まったものは無い。なお、発行会社の株価動向によっては、予定の通り取得が行われない可能性があり、または株式の売却を行う可能性もある。保有目的及び重要提案行為について：株主価値向上に資する、資本政策及びコーポレートガバナンス等に関する助言及び提案。提案の内容については、以下を含む。①資本政策の変更（増配及び自己株式取得）②事業及び資産の譲渡（株主価値向上に資することのない資産及び事業（子会社を含む））③事業及び資産の譲受け（業界再編についての提案）④株式の非公開化（MBOを含む）提出者は、発行会社の株主価値の向上を目的として、発行会社との対話を通じ、上記について口頭又は書簡により提案を行っており、または今後行う可能性がある。,A:賛成率低下,2,6.26,5,26/07: 5.10% → 26/07: 6.26%
9882,株式会社イエローハット,株式会社ストラテジックキャピタル,12.74,24/07: 5.02% → 24/08: 6.10% → 24/08: 7.26% → 24/08: 8.41% → 24/08: 9.55% → 24/10: 11.25% → 24/10: 11.62% → 24/12: 12.22% → 26/01: 13.83% → 26/02: 13.83% → 26/02: 13.83% → 26/08: 12.74%,株主価値向上のために発行者との建設的対話及び発行者への重要提案行為等を行うこと、並びに純投資。 重要提案行為等：当該目的を達成するため、資本政策に関する重要な変更（有利子負債の活用及び株主資本の抑制を通じて資本構成を改善すること）、増配（配当性向 100％を株主還元方針とすること）、政策保有株式の売却の重要提案行為等を行っております。,C:会社提案否決,12,12.74,1,24/07: 5.02% → 24/08: 6.10% → 24/08: 7.26% → 24/08: 8.41% → 24/08: 9.55% → 24/10: 11.25% → 24/10: 11.62% → 24/12: 12.22% → 26/01: 13.83% → 26/02: 13.83% → 26/02: 13.83% → 26/08: 12.74%
9882,株式会社イエローハット,イエローハット共和会　理事長　遠藤幸一,6.13,25/06: 6.13%,株式会社イエローハットと取引関係にある企業が、株式会社イエローハットの株式取得により、相互の親睦関係の増進に寄与するため。,C:会社提案否決,1,6.13,1,25/06: 6.13%
9882,株式会社イエローハット,イエローハット共和会　理事長　遠藤　幸一,5.39,24/11: 5.39%,株式会社イエローハットと取引関係にある企業が、株式会社イエローハットの株式取得により、相互の親睦関係の増進に寄与するため。,C:会社提案否決,1,5.39,1,24/11: 5.39%
9882,株式会社イエローハット,三井住友ＤＳアセットマネジメント株式会社,3.96,24/02: 5.43% → 24/08: 4.88% → 24/09: 4.63% → 24/10: 3.96%,純投資（投資収益性を重視して行う投資）,C:会社提案否決,4,3.96,2,24/02: 6.20% → 24/08: 4.98% → 24/09: 5.20% → 24/10: 3.96%
9882,株式会社イエローハット,ティー・ロウ・プライス・ジャパン株式会社,2.88,24/08: 2.88%,純投資,C:会社提案否決,1,2.88,1,24/08: 2.88%
9882,株式会社イエローハット,ＳＭＢＣ日興証券株式会社,0.05,24/02: 0.77% → 24/08: 0.11% → 24/09: 0.56% → 24/10: 0.05%,証券業務に係る一時保有のため（共同保有者から除外）,C:会社提案否決,4,3.96,2,24/02: 6.20% → 24/08: 4.98% → 24/09: 5.20% → 24/10: 3.96%
9882,株式会社イエローハット,イエローハット共和会　理事長　阿部　英司,0.00,24/11: 0.00%,株式会社イエローハットと取引関係にある企業が、株式会社イエローハットの株式取得により、相互の親睦関係の増進に寄与するため。,C:会社提案否決,1,0.00,1,24/11: 0.00%
9882,株式会社イエローハット,株式会社イエローハット,0.00,25/07: 0.00% → 25/07: 0.00%,該当事項はありません。,C:会社提案否決,2,0.00,1,25/07: 0.00% → 25/07: 0.00%
9885,株式会社　シャルレ,林　充孝,5.00,26/03: 5.00% → 26/03: 5.00%,純投資、重要提案行為等を行うこと,A:賛成率低下 + B:新規株主提案,2,5.00,1,26/03: 5.00% → 26/03: 5.00%
9887,株式会社松屋フーズホールディングス,瓦葺　利夫,20.18,26/03: 20.18% → 26/03: 20.18%,発行会社の創業者かつ取締役であり、安定株主として保有しております。,A:賛成率低下,2,50.32,4,26/03: 50.32% → 26/03: 50.32%
9887,株式会社松屋フーズホールディングス,有限会社ティケイケイ,15.63,26/03: 15.63% → 26/03: 15.63%,有限会社ティケイケイは発行会社創業者の資産管理会社であり、安定株主として保有。,A:賛成率低下,2,50.32,4,26/03: 50.32% → 26/03: 50.32%
9887,株式会社松屋フーズホールディングス,有限会社トゥイール,9.60,26/03: 9.60% → 26/03: 9.60%,有限会社トゥイールは発行会社創業家の資産管理会社であり、安定株主として保有。,A:賛成率低下,2,50.32,4,26/03: 50.32% → 26/03: 50.32%
9887,株式会社松屋フーズホールディングス,瓦葺　一利,4.91,26/03: 4.91% → 26/03: 4.91%,発行会社の創業者の実子（長男）、かつ代表取締役であり、安定株主として保有。,A:賛成率低下,2,50.32,4,26/03: 50.32% → 26/03: 50.32%
9913,日邦産業株式会社,アクシウム・キャピタル・ピーティーイー・エルティーディー（Axium Capital Pte. Ltd.）,17.00,25/07: 16.09% → 25/07: 16.09% → 25/09: 17.23% → 25/12: 17.66% → 26/01: 17.23% → 26/01: 16.09% → 26/05: 18.04% → 26/07: 17.00%,提出者は、建設的対話をもとに株主価値・企業価値向上を目指す純投資として長期的に保有することを基本方針とするが、発行者の経営方針、財務状況、事業環境、業績見通し、コーポレートガバナンス・コードの遵守状況、取締役会等ガバナンス体制の状況、株価水準、株式市場の状況、全般的な経済・産業動向、提出者における他の投資機会等の様々な状況を考慮し、提出者が適切と判断した時期に、法令で認められる範囲において、発行者の株式の追加取得、又は下記(1)から(4)の事項に関する提案等の重要提案行為等を行う可能性がある。(1)事業ポートフォリオの見直し（重要な財産の処分・譲受け、株式交換・株式移転・会社分割・合併等の組織再編の実施、及び事業の全部又は一部の譲渡・譲受け・休廃止を含む。）(2)発行者のガバナンス体制の改善（役員構成の重要な変更、代表取締役の選解任、及び提出者が指名する役員の選任を含む。）(3)資本政策の見直し（配当方針の重要な変更、増資・減資方針の重要な変更、及び資本政策方針の重要な変更を含む。）(4)上場に関する方針（上場廃止及び発行者以外の者による支配権の取得を含む。）,A:賛成率低下,8,17.00,1,25/07: 16.09% → 25/07: 16.09% → 25/09: 17.23% → 25/12: 17.66% → 26/01: 17.23% → 26/01: 16.09% → 26/05: 18.04% → 26/07: 17.00%
9913,日邦産業株式会社,エフエムアール エルエルシー（FMR LLC）,9.54,26/06: 17.87% → 26/06: 9.54%,顧客の財産を信託証書および契約等に基づき運用するために保有。しかしながら、当該保有証券の名義人は弊社ではなく、顧客の選択した銀行（カストディアンバンク）等になります。,A:賛成率低下,2,9.54,1,26/06: 17.87% → 26/06: 9.54%
9913,日邦産業株式会社,フィデリティ　マネジメント　アンド　リサーチ　カンパニー　エルエルシー (Fidelity Management & Research Company LLC),8.23,26/06: 17.87% → 26/06: 9.54% → 26/06: 8.23%,当該有価証券は、グループの資産運用および管理機能に関連して保有されているものです。,A:賛成率低下,3,9.54,2,26/06: 17.87% → 26/06: 9.54% → 26/06: 9.54%
9913,日邦産業株式会社,フィデリティ　マネジメント　トラスト　カンパニー (Fidelity Management Trust Company),1.31,26/06: 1.31%,信託契約および投資一任契約に基づき顧客資産を運用する目的で保有。当該証券の名義は当社ではなく、顧客指定のカストディアンバンクの名義となります。,A:賛成率低下,1,9.54,2,26/06: 9.54%
9913,日邦産業株式会社,スイスアジア・フィナンシャル・サービシズ・ピーティーイー・エルティーディー（Swiss-Asia Financial Services Pte. Ltd.）,0.00,24/02: 9.90% → 24/06: 10.96% → 24/08: 12.03% → 24/09: 13.41% → 25/02: 14.47% → 25/03: 14.84% → 25/04: 14.92% → 25/06: 16.06% → 25/07: 16.06% → 25/07: 0.00%,,A:賛成率低下,10,0.00,1,24/02: 9.90% → 24/06: 10.96% → 24/08: 12.03% → 24/09: 13.41% → 25/02: 14.47% → 25/03: 14.84% → 25/04: 14.92% → 25/06: 16.06% → 25/07: 16.06% → 25/07: 0.00%
9930,北沢産業株式会社,北沢持株会　理事長　杉山　肇,6.95,25/08: 8.15% → 25/11: 6.95% → 25/11: 6.95%,北沢産業株式会社と取引関係にある取引関係者に北沢産業株式会社株式の取得を容易ならしめ、相互間の親睦関係の増進に寄与することを目的とする,A:賛成率低下,3,6.95,1,25/08: 8.15% → 25/11: 6.95% → 25/11: 6.95%
9930,北沢産業株式会社,株式会社テンポスホールディングス,6.05,24/08: 4.42% → 24/10: 4.53% → 24/10: 4.53% → 25/01: 5.92% → 25/01: 5.92% → 25/04: 6.05% → 25/05: 6.05%,投資先企業の持続的な成長をと通じた中長期的な投資リターンの確保,A:賛成率低下,7,8.00,2,24/08: 5.05% → 24/10: 6.07% → 24/10: 6.07% → 25/01: 6.84% → 25/01: 6.84% → 25/04: 7.95% → 25/05: 8.00%
9930,北沢産業株式会社,株式会社ＵＨ　Ｐａｒｔｎｅｒｓ　２,5.86,24/02: 2.96% → 24/06: 4.04% → 24/07: 5.17% → 24/08: 5.86% → 24/09: 5.86% → 24/11: 5.86% → 25/02: 5.86% → 25/04: 5.86% → 25/09: 5.86%,純投資,A:賛成率低下,9,15.52,3,24/02: 7.82% → 24/06: 8.90% → 24/07: 10.03% → 24/08: 11.07% → 24/09: 12.09% → 24/11: 13.09% → 25/02: 14.13% → 25/04: 15.17% → 25/09: 15.52%
9930,北沢産業株式会社,光通信株式会社,4.86,24/02: 4.86% → 24/06: 4.86% → 24/07: 4.86% → 24/08: 4.86% → 24/09: 4.86% → 24/11: 4.86% → 25/02: 4.86% → 25/04: 4.86% → 25/09: 4.86%,純投資,A:賛成率低下,9,15.52,3,24/02: 7.82% → 24/06: 8.90% → 24/07: 10.03% → 24/08: 11.07% → 24/09: 12.09% → 24/11: 13.09% → 25/02: 14.13% → 25/04: 15.17% → 25/09: 15.52%
9930,北沢産業株式会社,株式会社ＵＨ　Ｐａｒｔｎｅｒｓ　３,4.79,24/08: 0.35% → 24/09: 1.36% → 24/11: 2.37% → 25/02: 3.40% → 25/04: 4.45% → 25/09: 4.79%,純投資,A:賛成率低下,6,15.52,3,24/08: 11.07% → 24/09: 12.09% → 24/11: 13.09% → 25/02: 14.13% → 25/04: 15.17% → 25/09: 15.52%
9930,北沢産業株式会社,有限会社あさしお,1.94,24/08: 0.63% → 24/10: 1.54% → 24/10: 1.54% → 25/01: 0.91% → 25/01: 0.91% → 25/04: 1.90% → 25/05: 1.94%,純投資,A:賛成率低下,7,8.00,2,24/08: 5.05% → 24/10: 6.07% → 24/10: 6.07% → 25/01: 6.84% → 25/01: 6.84% → 25/04: 7.95% → 25/05: 8.00%
9956,株式会社バローホールディングス,株式会社子雲社,5.06,26/07: 5.06% → 26/07: 5.06%,田代久美子の資産管理会社であり、安定株主として株式を保有しております。,A:賛成率低下,2,9.00,4,26/07: 9.00% → 26/07: 9.00%
9956,株式会社バローホールディングス,三井住友トラスト・アセットマネジメント株式会社,2.80,24/08: 2.80%,投資信託契約、投資一任契約に基づく運用を目的として保有するもの。,A:賛成率低下,1,4.36,3,24/08: 4.36%
9956,株式会社バローホールディングス,田代　正美,2.50,26/07: 2.50% → 26/07: 2.50%,発行会社の代表取締役会長兼CEOであり、安定株主として株式を保有しております。,A:賛成率低下,2,9.00,4,26/07: 9.00% → 26/07: 9.00%
9956,株式会社バローホールディングス,日興アセットマネジメント株式会社,1.15,24/08: 1.15%,証券投資信託及び投資一任契約において、株券等の取得・処分の権限を有するもの。,A:賛成率低下,1,4.36,3,24/08: 4.36%
9956,株式会社バローホールディングス,田代　久美子,1.12,26/07: 1.12% → 26/07: 1.12%,田代正美の妻であり、安定株主として株式を保有しております。,A:賛成率低下,2,9.00,4,26/07: 9.00% → 26/07: 9.00%
9956,株式会社バローホールディングス,三井住友信託銀行株式会社,0.41,24/08: 0.41%,政策投資として保有するもの。,A:賛成率低下,1,4.36,3,24/08: 4.36%
9956,株式会社バローホールディングス,有限会社マルイ興産,0.32,26/07: 0.32% → 26/07: 0.32%,田代久美子の資産管理会社であり、安定株主として株式を保有しております。,A:賛成率低下,2,9.00,4,26/07: 9.00% → 26/07: 9.00%
9982,タキヒヨー株式会社,株式会社キョクヨーホールディングス,27.27,26/05: 27.27%,株式会社旭洋興産の株式分割会社で、経営維持のため長期保有している,B:新規株主提案 + C:会社提案否決,1,34.41,4,26/05: 34.41%
9982,タキヒヨー株式会社,ＵＧＳアセットマネジメント株式会社,7.18,26/04: 5.03% → 26/05: 6.13% → 26/06: 7.18%,純投資および重要提案行為等を行うこと。発行者のPBR1倍の早期達成および中長期的な企業価値向上を目的とし、本報告書提出後、経営陣に対して資本効率の改善や株主還元方針に関する建設的な対話を申し入れる予定である。なお、株主総会における株主提案権の行使等の重要提案行為については現段階において未定であるが、今後の経営陣との対話の進捗およびその状況に応じて、必要と判断した場合にはこれを行う可能性がある。また提出者は、発行者の株式の市場価格が割安と判断される水準にとどまる場合、ポートフォリオ投資の一環として、今後3か月以内に発行者の発行済み株式総数の5%を超える普通株式を市場内外の取引を通じて追加取得する予定がある。ただし、取得価格、数量、時期、方法については未定であり、その判断基準は他の様々な状況に左右されるものである。,B:新規株主提案 + C:会社提案否決,3,7.18,1,26/04: 5.03% → 26/05: 6.13% → 26/06: 7.18%
9982,タキヒヨー株式会社,株式会社旭洋興産,4.78,26/05: 4.78%,創業者一族が保有している会社で、経営維持のため長期保有している。,B:新規株主提案 + C:会社提案否決,1,34.41,4,26/05: 34.41%
9982,タキヒヨー株式会社,滝　一夫,1.34,26/05: 1.34%,創業者一族として、経営維持のため長期保有している,B:新規株主提案 + C:会社提案否決,1,34.41,4,26/05: 34.41%
9982,タキヒヨー株式会社,滝　祥夫,1.01,26/05: 1.01%,創業者一族として、経営維持のため長期保有している,B:新規株主提案 + C:会社提案否決,1,34.41,4,26/05: 34.41%
